participant,age,ethnicity,sex,english_fluent,trial,headline,source_label,shared
P001,20,White,Female,Yes,1,H11,Established_Outlet,1
P001,20,White,Female,Yes,2,H27,Established_Outlet,1
P001,20,White,Female,Yes,3,H19,No_Label,0
P001,20,White,Female,Yes,4,H14,No_Label,1
P001,20,White,Female,Yes,5,H05,Established_Outlet,1
P001,20,White,Female,Yes,6,H08,No_Label,0
P001,20,White,Female,Yes,7,H07,No_Label,0
P001,20,White,Female,Yes,8,H22,Fact_Check_Flag,0
P001,20,White,Female,Yes,9,H09,Established_Outlet,1
P001,20,White,Female,Yes,10,H17,Fact_Check_Flag,0
P001,20,White,Female,Yes,11,H28,Fact_Check_Flag,0
P001,20,White,Female,Yes,12,H13,Established_Outlet,0
P001,20,White,Female,Yes,13,H05,No_Label,0
P001,20,White,Female,Yes,14,H19,Established_Outlet,1
P001,20,White,Female,Yes,15,H22,No_Label,1
P001,20,White,Female,Yes,16,H05,Fact_Check_Flag,1
P001,20,White,Female,Yes,17,H16,No_Label,0
P001,20,White,Female,Yes,18,H27,No_Label,0
P001,20,White,Female,Yes,19,H01,No_Label,1
P001,20,White,Female,Yes,20,H08,Fact_Check_Flag,0
P001,20,White,Female,Yes,21,H25,Established_Outlet,0
P001,20,White,Female,Yes,22,H04,No_Label,0
P001,20,White,Female,Yes,23,H03,No_Label,1
P001,20,White,Female,Yes,24,H15,Fact_Check_Flag,1
P001,20,White,Female,Yes,25,H03,Fact_Check_Flag,0
P001,20,White,Female,Yes,26,H28,No_Label,0
P001,20,White,Female,Yes,27,H20,Established_Outlet,1
P001,20,White,Female,Yes,28,H06,Established_Outlet,1
P001,20,White,Female,Yes,29,H14,Established_Outlet,0
P001,20,White,Female,Yes,30,H32,Fact_Check_Flag,0
P001,20,White,Female,Yes,31,H26,Established_Outlet,0
P001,20,White,Female,Yes,32,H27,Fact_Check_Flag,0
P001,20,White,Female,Yes,33,H31,Established_Outlet,1
P001,20,White,Female,Yes,34,H10,Fact_Check_Flag,0
P001,20,White,Female,Yes,35,H06,Fact_Check_Flag,0
P001,20,White,Female,Yes,36,H26,No_Label,0
P001,20,White,Female,Yes,37,H31,No_Label,1
P001,20,White,Female,Yes,38,H18,Established_Outlet,0
P001,20,White,Female,Yes,39,H01,Fact_Check_Flag,1
P001,20,White,Female,Yes,40,H10,Established_Outlet,1
P001,20,White,Female,Yes,41,H24,Established_Outlet,0
P001,20,White,Female,Yes,42,H25,No_Label,0
P001,20,White,Female,Yes,43,H01,Established_Outlet,1
P001,20,White,Female,Yes,44,H28,Established_Outlet,0
P001,20,White,Female,Yes,45,H32,Established_Outlet,1
P001,20,White,Female,Yes,46,H23,No_Label,1
P001,20,White,Female,Yes,47,H12,No_Label,0
P001,20,White,Female,Yes,48,H09,No_Label,0
P001,20,White,Female,Yes,49,H17,No_Label,1
P001,20,White,Female,Yes,50,H04,Established_Outlet,0
P001,20,White,Female,Yes,51,H22,Established_Outlet,0
P001,20,White,Female,Yes,52,H07,Fact_Check_Flag,0
P001,20,White,Female,Yes,53,H07,Established_Outlet,1
P001,20,White,Female,Yes,54,H09,Fact_Check_Flag,0
P001,20,White,Female,Yes,55,H24,No_Label,1
P001,20,White,Female,Yes,56,H30,Established_Outlet,1
P001,20,White,Female,Yes,57,H03,Established_Outlet,1
P001,20,White,Female,Yes,58,H13,No_Label,1
P001,20,White,Female,Yes,59,H02,Fact_Check_Flag,0
P001,20,White,Female,Yes,60,H25,Fact_Check_Flag,0
P001,20,White,Female,Yes,61,H17,Established_Outlet,0
P001,20,White,Female,Yes,62,H14,Fact_Check_Flag,0
P001,20,White,Female,Yes,63,H18,Fact_Check_Flag,0
P001,20,White,Female,Yes,64,H02,No_Label,0
P001,20,White,Female,Yes,65,H12,Fact_Check_Flag,0
P001,20,White,Female,Yes,66,H12,Established_Outlet,1
P001,20,White,Female,Yes,67,H20,No_Label,1
P001,20,White,Female,Yes,68,H19,Fact_Check_Flag,0
P001,20,White,Female,Yes,69,H29,Established_Outlet,0
P001,20,White,Female,Yes,70,H26,Fact_Check_Flag,0
P001,20,White,Female,Yes,71,H16,Established_Outlet,0
P001,20,White,Female,Yes,72,H23,Established_Outlet,1
P001,20,White,Female,Yes,73,H21,Fact_Check_Flag,0
P001,20,White,Female,Yes,74,H29,No_Label,0
P001,20,White,Female,Yes,75,H18,No_Label,0
P001,20,White,Female,Yes,76,H21,Established_Outlet,1
P001,20,White,Female,Yes,77,H02,Established_Outlet,1
P001,20,White,Female,Yes,78,H04,Fact_Check_Flag,0
P001,20,White,Female,Yes,79,H24,Fact_Check_Flag,0
P001,20,White,Female,Yes,80,H11,Fact_Check_Flag,0
P001,20,White,Female,Yes,81,H08,Established_Outlet,0
P001,20,White,Female,Yes,82,H20,Fact_Check_Flag,1
P001,20,White,Female,Yes,83,H15,Established_Outlet,1
P001,20,White,Female,Yes,84,H23,Fact_Check_Flag,1
P001,20,White,Female,Yes,85,H11,No_Label,0
P001,20,White,Female,Yes,86,H10,No_Label,0
P001,20,White,Female,Yes,87,H32,No_Label,0
P001,20,White,Female,Yes,88,H31,Fact_Check_Flag,0
P001,20,White,Female,Yes,89,H15,No_Label,0
P001,20,White,Female,Yes,90,H16,Fact_Check_Flag,0
P001,20,White,Female,Yes,91,H30,No_Label,0
P001,20,White,Female,Yes,92,H13,Fact_Check_Flag,0
P001,20,White,Female,Yes,93,H30,Fact_Check_Flag,0
P001,20,White,Female,Yes,94,H21,No_Label,0
P001,20,White,Female,Yes,95,H06,No_Label,0
P001,20,White,Female,Yes,96,H29,Fact_Check_Flag,0
P002,22,White,Male,Yes,1,H18,Fact_Check_Flag,0
P002,22,White,Male,Yes,2,H29,No_Label,0
P002,22,White,Male,Yes,3,H16,No_Label,0
P002,22,White,Male,Yes,4,H13,No_Label,0
P002,22,White,Male,Yes,5,H02,No_Label,0
P002,22,White,Male,Yes,6,H12,Fact_Check_Flag,0
P002,22,White,Male,Yes,7,H28,No_Label,1
P002,22,White,Male,Yes,8,H31,Fact_Check_Flag,0
P002,22,White,Male,Yes,9,H26,Fact_Check_Flag,0
P002,22,White,Male,Yes,10,H18,No_Label,0
P002,22,White,Male,Yes,11,H23,Fact_Check_Flag,0
P002,22,White,Male,Yes,12,H03,Established_Outlet,0
P002,22,White,Male,Yes,13,H21,Established_Outlet,1
P002,22,White,Male,Yes,14,H01,No_Label,0
P002,22,White,Male,Yes,15,H03,No_Label,0
P002,22,White,Male,Yes,16,H14,No_Label,0
P002,22,White,Male,Yes,17,H24,Fact_Check_Flag,1
P002,22,White,Male,Yes,18,H01,Fact_Check_Flag,1
P002,22,White,Male,Yes,19,H10,No_Label,0
P002,22,White,Male,Yes,20,H26,Established_Outlet,0
P002,22,White,Male,Yes,21,H13,Established_Outlet,1
P002,22,White,Male,Yes,22,H04,No_Label,0
P002,22,White,Male,Yes,23,H20,No_Label,0
P002,22,White,Male,Yes,24,H12,Established_Outlet,0
P002,22,White,Male,Yes,25,H12,No_Label,1
P002,22,White,Male,Yes,26,H25,Established_Outlet,0
P002,22,White,Male,Yes,27,H30,No_Label,1
P002,22,White,Male,Yes,28,H31,No_Label,1
P002,22,White,Male,Yes,29,H20,Established_Outlet,0
P002,22,White,Male,Yes,30,H19,No_Label,1
P002,22,White,Male,Yes,31,H22,Established_Outlet,1
P002,22,White,Male,Yes,32,H07,Fact_Check_Flag,0
P002,22,White,Male,Yes,33,H28,Established_Outlet,1
P002,22,White,Male,Yes,34,H02,Fact_Check_Flag,0
P002,22,White,Male,Yes,35,H32,Established_Outlet,0
P002,22,White,Male,Yes,36,H17,No_Label,0
P002,22,White,Male,Yes,37,H26,No_Label,0
P002,22,White,Male,Yes,38,H30,Established_Outlet,1
P002,22,White,Male,Yes,39,H05,Established_Outlet,0
P002,22,White,Male,Yes,40,H17,Fact_Check_Flag,0
P002,22,White,Male,Yes,41,H05,No_Label,0
P002,22,White,Male,Yes,42,H08,Fact_Check_Flag,0
P002,22,White,Male,Yes,43,H09,No_Label,1
P002,22,White,Male,Yes,44,H20,Fact_Check_Flag,0
P002,22,White,Male,Yes,45,H13,Fact_Check_Flag,0
P002,22,White,Male,Yes,46,H03,Fact_Check_Flag,0
P002,22,White,Male,Yes,47,H08,No_Label,0
P002,22,White,Male,Yes,48,H18,Established_Outlet,0
P002,22,White,Male,Yes,49,H25,Fact_Check_Flag,0
P002,22,White,Male,Yes,50,H07,Established_Outlet,0
P002,22,White,Male,Yes,51,H11,Fact_Check_Flag,0
P002,22,White,Male,Yes,52,H11,Established_Outlet,0
P002,22,White,Male,Yes,53,H01,Established_Outlet,0
P002,22,White,Male,Yes,54,H06,No_Label,0
P002,22,White,Male,Yes,55,H21,Fact_Check_Flag,0
P002,22,White,Male,Yes,56,H06,Fact_Check_Flag,0
P002,22,White,Male,Yes,57,H32,No_Label,0
P002,22,White,Male,Yes,58,H10,Established_Outlet,0
P002,22,White,Male,Yes,59,H24,No_Label,0
P002,22,White,Male,Yes,60,H16,Fact_Check_Flag,0
P002,22,White,Male,Yes,61,H23,Established_Outlet,1
P002,22,White,Male,Yes,62,H29,Established_Outlet,0
P002,22,White,Male,Yes,63,H15,Fact_Check_Flag,1
P002,22,White,Male,Yes,64,H30,Fact_Check_Flag,1
P002,22,White,Male,Yes,65,H14,Established_Outlet,0
P002,22,White,Male,Yes,66,H27,No_Label,0
P002,22,White,Male,Yes,67,H17,Established_Outlet,0
P002,22,White,Male,Yes,68,H10,Fact_Check_Flag,0
P002,22,White,Male,Yes,69,H04,Established_Outlet,0
P002,22,White,Male,Yes,70,H08,Established_Outlet,1
P002,22,White,Male,Yes,71,H05,Fact_Check_Flag,0
P002,22,White,Male,Yes,72,H19,Established_Outlet,1
P002,22,White,Male,Yes,73,H09,Established_Outlet,1
P002,22,White,Male,Yes,74,H02,Established_Outlet,1
P002,22,White,Male,Yes,75,H07,No_Label,0
P002,22,White,Male,Yes,76,H21,No_Label,0
P002,22,White,Male,Yes,77,H15,No_Label,1
P002,22,White,Male,Yes,78,H16,Established_Outlet,1
P002,22,White,Male,Yes,79,H15,Established_Outlet,1
P002,22,White,Male,Yes,80,H29,Fact_Check_Flag,1
P002,22,White,Male,Yes,81,H14,Fact_Check_Flag,0
P002,22,White,Male,Yes,82,H09,Fact_Check_Flag,0
P002,22,White,Male,Yes,83,H11,No_Label,0
P002,22,White,Male,Yes,84,H23,No_Label,0
P002,22,White,Male,Yes,85,H24,Established_Outlet,0
P002,22,White,Male,Yes,86,H22,No_Label,1
P002,22,White,Male,Yes,87,H27,Fact_Check_Flag,1
P002,22,White,Male,Yes,88,H31,Established_Outlet,0
P002,22,White,Male,Yes,89,H32,Fact_Check_Flag,0
P002,22,White,Male,Yes,90,H28,Fact_Check_Flag,0
P002,22,White,Male,Yes,91,H27,Established_Outlet,0
P002,22,White,Male,Yes,92,H04,Fact_Check_Flag,0
P002,22,White,Male,Yes,93,H25,No_Label,0
P002,22,White,Male,Yes,94,H06,Established_Outlet,1
P002,22,White,Male,Yes,95,H19,Fact_Check_Flag,1
P002,22,White,Male,Yes,96,H22,Fact_Check_Flag,0
P003,21,White,Female,Yes,1,H21,Fact_Check_Flag,0
P003,21,White,Female,Yes,2,H24,No_Label,0
P003,21,White,Female,Yes,3,H15,Fact_Check_Flag,0
P003,21,White,Female,Yes,4,H18,Established_Outlet,1
P003,21,White,Female,Yes,5,H26,Established_Outlet,0
P003,21,White,Female,Yes,6,H28,Fact_Check_Flag,0
P003,21,White,Female,Yes,7,H14,No_Label,0
P003,21,White,Female,Yes,8,H14,Established_Outlet,0
P003,21,White,Female,Yes,9,H06,No_Label,0
P003,21,White,Female,Yes,10,H32,No_Label,1
P003,21,White,Female,Yes,11,H03,Established_Outlet,1
P003,21,White,Female,Yes,12,H12,No_Label,1
P003,21,White,Female,Yes,13,H22,No_Label,1
P003,21,White,Female,Yes,14,H31,Established_Outlet,1
P003,21,White,Female,Yes,15,H17,No_Label,0
P003,21,White,Female,Yes,16,H23,Established_Outlet,1
P003,21,White,Female,Yes,17,H32,Established_Outlet,0
P003,21,White,Female,Yes,18,H16,Fact_Check_Flag,0
P003,21,White,Female,Yes,19,H14,Fact_Check_Flag,0
P003,21,White,Female,Yes,20,H10,No_Label,0
P003,21,White,Female,Yes,21,H08,Established_Outlet,0
P003,21,White,Female,Yes,22,H19,Established_Outlet,1
P003,21,White,Female,Yes,23,H21,Established_Outlet,1
P003,21,White,Female,Yes,24,H19,Fact_Check_Flag,0
P003,21,White,Female,Yes,25,H28,Established_Outlet,0
P003,21,White,Female,Yes,26,H17,Fact_Check_Flag,0
P003,21,White,Female,Yes,27,H30,Established_Outlet,1
P003,21,White,Female,Yes,28,H11,No_Label,1
P003,21,White,Female,Yes,29,H05,No_Label,1
P003,21,White,Female,Yes,30,H13,Fact_Check_Flag,1
P003,21,White,Female,Yes,31,H24,Established_Outlet,0
P003,21,White,Female,Yes,32,H27,No_Label,0
P003,21,White,Female,Yes,33,H20,Fact_Check_Flag,0
P003,21,White,Female,Yes,34,H23,Fact_Check_Flag,0
P003,21,White,Female,Yes,35,H21,No_Label,1
P003,21,White,Female,Yes,36,H29,No_Label,0
P003,21,White,Female,Yes,37,H05,Fact_Check_Flag,0
P003,21,White,Female,Yes,38,H10,Fact_Check_Flag,0
P003,21,White,Female,Yes,39,H25,Established_Outlet,0
P003,21,White,Female,Yes,40,H13,No_Label,1
P003,21,White,Female,Yes,41,H07,Fact_Check_Flag,0
P003,21,White,Female,Yes,42,H20,No_Label,1
P003,21,White,Female,Yes,43,H15,Established_Outlet,1
P003,21,White,Female,Yes,44,H31,No_Label,0
P003,21,White,Female,Yes,45,H20,Established_Outlet,1
P003,21,White,Female,Yes,46,H17,Established_Outlet,0
P003,21,White,Female,Yes,47,H30,Fact_Check_Flag,1
P003,21,White,Female,Yes,48,H04,No_Label,0
P003,21,White,Female,Yes,49,H02,No_Label,0
P003,21,White,Female,Yes,50,H03,No_Label,1
P003,21,White,Female,Yes,51,H16,No_Label,1
P003,21,White,Female,Yes,52,H10,Established_Outlet,0
P003,21,White,Female,Yes,53,H08,No_Label,0
P003,21,White,Female,Yes,54,H07,Established_Outlet,0
P003,21,White,Female,Yes,55,H23,No_Label,1
P003,21,White,Female,Yes,56,H01,Established_Outlet,1
P003,21,White,Female,Yes,57,H07,No_Label,0
P003,21,White,Female,Yes,58,H03,Fact_Check_Flag,0
P003,21,White,Female,Yes,59,H02,Established_Outlet,0
P003,21,White,Female,Yes,60,H09,No_Label,1
P003,21,White,Female,Yes,61,H25,Fact_Check_Flag,0
P003,21,White,Female,Yes,62,H29,Fact_Check_Flag,0
P003,21,White,Female,Yes,63,H05,Established_Outlet,1
P003,21,White,Female,Yes,64,H11,Established_Outlet,0
P003,21,White,Female,Yes,65,H13,Established_Outlet,1
P003,21,White,Female,Yes,66,H32,Fact_Check_Flag,0
P003,21,White,Female,Yes,67,H11,Fact_Check_Flag,0
P003,21,White,Female,Yes,68,H08,Fact_Check_Flag,1
P003,21,White,Female,Yes,69,H27,Established_Outlet,1
P003,21,White,Female,Yes,70,H25,No_Label,1
P003,21,White,Female,Yes,71,H16,Established_Outlet,1
P003,21,White,Female,Yes,72,H24,Fact_Check_Flag,0
P003,21,White,Female,Yes,73,H31,Fact_Check_Flag,0
P003,21,White,Female,Yes,74,H15,No_Label,1
P003,21,White,Female,Yes,75,H22,Fact_Check_Flag,1
P003,21,White,Female,Yes,76,H09,Established_Outlet,1
P003,21,White,Female,Yes,77,H04,Established_Outlet,0
P003,21,White,Female,Yes,78,H22,Established_Outlet,1
P003,21,White,Female,Yes,79,H06,Established_Outlet,0
P003,21,White,Female,Yes,80,H29,Established_Outlet,0
P003,21,White,Female,Yes,81,H19,No_Label,0
P003,21,White,Female,Yes,82,H12,Fact_Check_Flag,1
P003,21,White,Female,Yes,83,H18,No_Label,0
P003,21,White,Female,Yes,84,H04,Fact_Check_Flag,0
P003,21,White,Female,Yes,85,H01,Fact_Check_Flag,0
P003,21,White,Female,Yes,86,H06,Fact_Check_Flag,0
P003,21,White,Female,Yes,87,H27,Fact_Check_Flag,0
P003,21,White,Female,Yes,88,H01,No_Label,1
P003,21,White,Female,Yes,89,H26,Fact_Check_Flag,0
P003,21,White,Female,Yes,90,H18,Fact_Check_Flag,0
P003,21,White,Female,Yes,91,H02,Fact_Check_Flag,0
P003,21,White,Female,Yes,92,H12,Established_Outlet,1
P003,21,White,Female,Yes,93,H26,No_Label,0
P003,21,White,Female,Yes,94,H30,No_Label,1
P003,21,White,Female,Yes,95,H28,No_Label,0
P003,21,White,Female,Yes,96,H09,Fact_Check_Flag,1
P004,30,White,Female,Yes,1,H23,Fact_Check_Flag,1
P004,30,White,Female,Yes,2,H08,No_Label,1
P004,30,White,Female,Yes,3,H01,Established_Outlet,1
P004,30,White,Female,Yes,4,H19,Established_Outlet,1
P004,30,White,Female,Yes,5,H01,No_Label,1
P004,30,White,Female,Yes,6,H08,Fact_Check_Flag,0
P004,30,White,Female,Yes,7,H04,Fact_Check_Flag,0
P004,30,White,Female,Yes,8,H03,No_Label,1
P004,30,White,Female,Yes,9,H24,Fact_Check_Flag,0
P004,30,White,Female,Yes,10,H10,Established_Outlet,1
P004,30,White,Female,Yes,11,H01,Fact_Check_Flag,1
P004,30,White,Female,Yes,12,H04,No_Label,0
P004,30,White,Female,Yes,13,H06,Established_Outlet,1
P004,30,White,Female,Yes,14,H04,Established_Outlet,1
P004,30,White,Female,Yes,15,H06,Fact_Check_Flag,0
P004,30,White,Female,Yes,16,H31,Fact_Check_Flag,1
P004,30,White,Female,Yes,17,H07,Fact_Check_Flag,0
P004,30,White,Female,Yes,18,H12,Established_Outlet,1
P004,30,White,Female,Yes,19,H20,Fact_Check_Flag,0
P004,30,White,Female,Yes,20,H18,Established_Outlet,1
P004,30,White,Female,Yes,21,H21,No_Label,0
P004,30,White,Female,Yes,22,H32,Established_Outlet,0
P004,30,White,Female,Yes,23,H16,No_Label,0
P004,30,White,Female,Yes,24,H17,No_Label,0
P004,30,White,Female,Yes,25,H23,No_Label,1
P004,30,White,Female,Yes,26,H06,No_Label,0
P004,30,White,Female,Yes,27,H08,Established_Outlet,1
P004,30,White,Female,Yes,28,H30,Fact_Check_Flag,0
P004,30,White,Female,Yes,29,H25,No_Label,0
P004,30,White,Female,Yes,30,H28,Established_Outlet,0
P004,30,White,Female,Yes,31,H10,No_Label,0
P004,30,White,Female,Yes,32,H21,Fact_Check_Flag,1
P004,30,White,Female,Yes,33,H11,No_Label,1
P004,30,White,Female,Yes,34,H27,Fact_Check_Flag,1
P004,30,White,Female,Yes,35,H17,Established_Outlet,1
P004,30,White,Female,Yes,36,H20,No_Label,0
P004,30,White,Female,Yes,37,H03,Fact_Check_Flag,0
P004,30,White,Female,Yes,38,H15,Fact_Check_Flag,0
P004,30,White,Female,Yes,39,H18,Fact_Check_Flag,0
P004,30,White,Female,Yes,40,H22,No_Label,0
P004,30,White,Female,Yes,41,H16,Established_Outlet,0
P004,30,White,Female,Yes,42,H05,Established_Outlet,1
P004,30,White,Female,Yes,43,H12,Fact_Check_Flag,1
P004,30,White,Female,Yes,44,H28,Fact_Check_Flag,0
P004,30,White,Female,Yes,45,H13,Established_Outlet,0
P004,30,White,Female,Yes,46,H07,Established_Outlet,1
P004,30,White,Female,Yes,47,H13,No_Label,0
P004,30,White,Female,Yes,48,H10,Fact_Check_Flag,0
P004,30,White,Female,Yes,49,H22,Established_Outlet,1
P004,30,White,Female,Yes,50,H22,Fact_Check_Flag,0
P004,30,White,Female,Yes,51,H09,No_Label,1
P004,30,White,Female,Yes,52,H07,No_Label,1
P004,30,White,Female,Yes,53,H09,Established_Outlet,0
P004,30,White,Female,Yes,54,H25,Established_Outlet,1
P004,30,White,Female,Yes,55,H02,No_Label,0
P004,30,White,Female,Yes,56,H31,Established_Outlet,1
P004,30,White,Female,Yes,57,H29,Established_Outlet,1
P004,30,White,Female,Yes,58,H24,No_Label,0
P004,30,White,Female,Yes,59,H05,Fact_Check_Flag,0
P004,30,White,Female,Yes,60,H05,No_Label,0
P004,30,White,Female,Yes,61,H27,Established_Outlet,1
P004,30,White,Female,Yes,62,H30,No_Label,0
P004,30,White,Female,Yes,63,H26,Established_Outlet,1
P004,30,White,Female,Yes,64,H24,Established_Outlet,0
P004,30,White,Female,Yes,65,H32,No_Label,0
P004,30,White,Female,Yes,66,H28,No_Label,0
P004,30,White,Female,Yes,67,H11,Fact_Check_Flag,0
P004,30,White,Female,Yes,68,H09,Fact_Check_Flag,0
P004,30,White,Female,Yes,69,H15,No_Label,1
P004,30,White,Female,Yes,70,H19,No_Label,1
P004,30,White,Female,Yes,71,H14,Established_Outlet,1
P004,30,White,Female,Yes,72,H14,No_Label,1
P004,30,White,Female,Yes,73,H17,Fact_Check_Flag,0
P004,30,White,Female,Yes,74,H21,Established_Outlet,1
P004,30,White,Female,Yes,75,H32,Fact_Check_Flag,0
P004,30,White,Female,Yes,76,H23,Established_Outlet,1
P004,30,White,Female,Yes,77,H18,No_Label,0
P004,30,White,Female,Yes,78,H16,Fact_Check_Flag,1
P004,30,White,Female,Yes,79,H29,Fact_Check_Flag,0
P004,30,White,Female,Yes,80,H19,Fact_Check_Flag,0
P004,30,White,Female,Yes,81,H02,Established_Outlet,1
P004,30,White,Female,Yes,82,H11,Established_Outlet,1
P004,30,White,Female,Yes,83,H26,No_Label,1
P004,30,White,Female,Yes,84,H15,Established_Outlet,1
P004,30,White,Female,Yes,85,H12,No_Label,0
P004,30,White,Female,Yes,86,H27,No_Label,1
P004,30,White,Female,Yes,87,H30,Established_Outlet,1
P004,30,White,Female,Yes,88,H26,Fact_Check_Flag,0
P004,30,White,Female,Yes,89,H13,Fact_Check_Flag,0
P004,30,White,Female,Yes,90,H29,No_Label,0
P004,30,White,Female,Yes,91,H20,Established_Outlet,1
P004,30,White,Female,Yes,92,H14,Fact_Check_Flag,0
P004,30,White,Female,Yes,93,H31,No_Label,0
P004,30,White,Female,Yes,94,H25,Fact_Check_Flag,0
P004,30,White,Female,Yes,95,H02,Fact_Check_Flag,0
P004,30,White,Female,Yes,96,H03,Established_Outlet,0
P005,57,Black or African American,Female,Yes,1,H10,Fact_Check_Flag,0
P005,57,Black or African American,Female,Yes,2,H11,Fact_Check_Flag,0
P005,57,Black or African American,Female,Yes,3,H30,Established_Outlet,0
P005,57,Black or African American,Female,Yes,4,H06,No_Label,1
P005,57,Black or African American,Female,Yes,5,H09,No_Label,1
P005,57,Black or African American,Female,Yes,6,H19,Fact_Check_Flag,1
P005,57,Black or African American,Female,Yes,7,H03,No_Label,1
P005,57,Black or African American,Female,Yes,8,H12,No_Label,0
P005,57,Black or African American,Female,Yes,9,H20,Fact_Check_Flag,0
P005,57,Black or African American,Female,Yes,10,H24,Fact_Check_Flag,0
P005,57,Black or African American,Female,Yes,11,H26,No_Label,0
P005,57,Black or African American,Female,Yes,12,H23,No_Label,1
P005,57,Black or African American,Female,Yes,13,H01,Fact_Check_Flag,0
P005,57,Black or African American,Female,Yes,14,H25,No_Label,1
P005,57,Black or African American,Female,Yes,15,H08,Fact_Check_Flag,1
P005,57,Black or African American,Female,Yes,16,H22,Established_Outlet,1
P005,57,Black or African American,Female,Yes,17,H30,Fact_Check_Flag,1
P005,57,Black or African American,Female,Yes,18,H31,No_Label,1
P005,57,Black or African American,Female,Yes,19,H01,No_Label,1
P005,57,Black or African American,Female,Yes,20,H20,Established_Outlet,0
P005,57,Black or African American,Female,Yes,21,H31,Fact_Check_Flag,0
P005,57,Black or African American,Female,Yes,22,H15,Established_Outlet,1
P005,57,Black or African American,Female,Yes,23,H04,Established_Outlet,0
P005,57,Black or African American,Female,Yes,24,H06,Established_Outlet,0
P005,57,Black or African American,Female,Yes,25,H10,No_Label,1
P005,57,Black or African American,Female,Yes,26,H22,No_Label,1
P005,57,Black or African American,Female,Yes,27,H29,Established_Outlet,0
P005,57,Black or African American,Female,Yes,28,H16,Established_Outlet,0
P005,57,Black or African American,Female,Yes,29,H23,Established_Outlet,1
P005,57,Black or African American,Female,Yes,30,H13,Fact_Check_Flag,1
P005,57,Black or African American,Female,Yes,31,H18,Fact_Check_Flag,0
P005,57,Black or African American,Female,Yes,32,H14,No_Label,1
P005,57,Black or African American,Female,Yes,33,H04,No_Label,0
P005,57,Black or African American,Female,Yes,34,H13,Established_Outlet,1
P005,57,Black or African American,Female,Yes,35,H13,No_Label,1
P005,57,Black or African American,Female,Yes,36,H28,No_Label,1
P005,57,Black or African American,Female,Yes,37,H24,Established_Outlet,1
P005,57,Black or African American,Female,Yes,38,H19,Established_Outlet,1
P005,57,Black or African American,Female,Yes,39,H12,Fact_Check_Flag,0
P005,57,Black or African American,Female,Yes,40,H17,Fact_Check_Flag,1
P005,57,Black or African American,Female,Yes,41,H29,No_Label,0
P005,57,Black or African American,Female,Yes,42,H02,No_Label,1
P005,57,Black or African American,Female,Yes,43,H27,Established_Outlet,0
P005,57,Black or African American,Female,Yes,44,H32,Established_Outlet,0
P005,57,Black or African American,Female,Yes,45,H01,Established_Outlet,0
P005,57,Black or African American,Female,Yes,46,H11,Established_Outlet,1
P005,57,Black or African American,Female,Yes,47,H17,No_Label,1
P005,57,Black or African American,Female,Yes,48,H19,No_Label,1
P005,57,Black or African American,Female,Yes,49,H26,Established_Outlet,0
P005,57,Black or African American,Female,Yes,50,H03,Fact_Check_Flag,1
P005,57,Black or African American,Female,Yes,51,H32,Fact_Check_Flag,0
P005,57,Black or African American,Female,Yes,52,H28,Fact_Check_Flag,0
P005,57,Black or African American,Female,Yes,53,H15,No_Label,1
P005,57,Black or African American,Female,Yes,54,H29,Fact_Check_Flag,0
P005,57,Black or African American,Female,Yes,55,H15,Fact_Check_Flag,0
P005,57,Black or African American,Female,Yes,56,H26,Fact_Check_Flag,0
P005,57,Black or African American,Female,Yes,57,H04,Fact_Check_Flag,0
P005,57,Black or African American,Female,Yes,58,H20,No_Label,0
P005,57,Black or African American,Female,Yes,59,H16,No_Label,0
P005,57,Black or African American,Female,Yes,60,H28,Established_Outlet,1
P005,57,Black or African American,Female,Yes,61,H08,No_Label,1
P005,57,Black or African American,Female,Yes,62,H25,Fact_Check_Flag,0
P005,57,Black or African American,Female,Yes,63,H18,Established_Outlet,0
P005,57,Black or African American,Female,Yes,64,H11,No_Label,1
P005,57,Black or African American,Female,Yes,65,H32,No_Label,0
P005,57,Black or African American,Female,Yes,66,H02,Fact_Check_Flag,1
P005,57,Black or African American,Female,Yes,67,H21,No_Label,0
P005,57,Black or African American,Female,Yes,68,H10,Established_Outlet,1
P005,57,Black or African American,Female,Yes,69,H09,Fact_Check_Flag,1
P005,57,Black or African American,Female,Yes,70,H07,No_Label,0
P005,57,Black or African American,Female,Yes,71,H05,No_Label,1
P005,57,Black or African American,Female,Yes,72,H05,Fact_Check_Flag,0
P005,57,Black or African American,Female,Yes,73,H21,Established_Outlet,1
P005,57,Black or African American,Female,Yes,74,H03,Established_Outlet,0
P005,57,Black or African American,Female,Yes,75,H09,Established_Outlet,1
P005,57,Black or African American,Female,Yes,76,H05,Established_Outlet,1
P005,57,Black or African American,Female,Yes,77,H08,Established_Outlet,1
P005,57,Black or African American,Female,Yes,78,H22,Fact_Check_Flag,0
P005,57,Black or African American,Female,Yes,79,H14,Established_Outlet,0
P005,57,Black or African American,Female,Yes,80,H25,Established_Outlet,0
P005,57,Black or African American,Female,Yes,81,H17,Established_Outlet,0
P005,57,Black or African American,Female,Yes,82,H23,Fact_Check_Flag,1
P005,57,Black or African American,Female,Yes,83,H14,Fact_Check_Flag,0
P005,57,Black or African American,Female,Yes,84,H16,Fact_Check_Flag,0
P005,57,Black or African American,Female,Yes,85,H21,Fact_Check_Flag,1
P005,57,Black or African American,Female,Yes,86,H24,No_Label,0
P005,57,Black or African American,Female,Yes,87,H12,Established_Outlet,1
P005,57,Black or African American,Female,Yes,88,H07,Established_Outlet,1
P005,57,Black or African American,Female,Yes,89,H30,No_Label,0
P005,57,Black or African American,Female,Yes,90,H02,Established_Outlet,1
P005,57,Black or African American,Female,Yes,91,H07,Fact_Check_Flag,0
P005,57,Black or African American,Female,Yes,92,H18,No_Label,0
P005,57,Black or African American,Female,Yes,93,H27,Fact_Check_Flag,0
P005,57,Black or African American,Female,Yes,94,H27,No_Label,0
P005,57,Black or African American,Female,Yes,95,H31,Established_Outlet,1
P005,57,Black or African American,Female,Yes,96,H06,Fact_Check_Flag,1
P006,18,Black or African American,Male,Yes,1,H11,Established_Outlet,0
P006,18,Black or African American,Male,Yes,2,H02,No_Label,0
P006,18,Black or African American,Male,Yes,3,H03,Established_Outlet,0
P006,18,Black or African American,Male,Yes,4,H23,Fact_Check_Flag,0
P006,18,Black or African American,Male,Yes,5,H26,No_Label,1
P006,18,Black or African American,Male,Yes,6,H11,No_Label,0
P006,18,Black or African American,Male,Yes,7,H29,Established_Outlet,0
P006,18,Black or African American,Male,Yes,8,H18,Established_Outlet,0
P006,18,Black or African American,Male,Yes,9,H15,No_Label,0
P006,18,Black or African American,Male,Yes,10,H31,No_Label,1
P006,18,Black or African American,Male,Yes,11,H17,Fact_Check_Flag,0
P006,18,Black or African American,Male,Yes,12,H06,Established_Outlet,1
P006,18,Black or African American,Male,Yes,13,H12,No_Label,1
P006,18,Black or African American,Male,Yes,14,H04,No_Label,0
P006,18,Black or African American,Male,Yes,15,H31,Established_Outlet,1
P006,18,Black or African American,Male,Yes,16,H02,Fact_Check_Flag,0
P006,18,Black or African American,Male,Yes,17,H32,Fact_Check_Flag,0
P006,18,Black or African American,Male,Yes,18,H18,Fact_Check_Flag,0
P006,18,Black or African American,Male,Yes,19,H27,Established_Outlet,0
P006,18,Black or African American,Male,Yes,20,H12,Fact_Check_Flag,0
P006,18,Black or African American,Male,Yes,21,H22,Established_Outlet,1
P006,18,Black or African American,Male,Yes,22,H30,Established_Outlet,0
P006,18,Black or African American,Male,Yes,23,H31,Fact_Check_Flag,1
P006,18,Black or African American,Male,Yes,24,H17,Established_Outlet,0
P006,18,Black or African American,Male,Yes,25,H19,No_Label,1
P006,18,Black or African American,Male,Yes,26,H25,Established_Outlet,1
P006,18,Black or African American,Male,Yes,27,H10,No_Label,1
P006,18,Black or African American,Male,Yes,28,H04,Established_Outlet,0
P006,18,Black or African American,Male,Yes,29,H18,No_Label,0
P006,18,Black or African American,Male,Yes,30,H20,No_Label,1
P006,18,Black or African American,Male,Yes,31,H28,No_Label,0
P006,18,Black or African American,Male,Yes,32,H20,Established_Outlet,0
P006,18,Black or African American,Male,Yes,33,H26,Established_Outlet,1
P006,18,Black or African American,Male,Yes,34,H12,Established_Outlet,0
P006,18,Black or African American,Male,Yes,35,H08,Established_Outlet,0
P006,18,Black or African American,Male,Yes,36,H29,No_Label,0
P006,18,Black or African American,Male,Yes,37,H28,Fact_Check_Flag,0
P006,18,Black or African American,Male,Yes,38,H20,Fact_Check_Flag,0
P006,18,Black or African American,Male,Yes,39,H30,Fact_Check_Flag,0
P006,18,Black or African American,Male,Yes,40,H01,No_Label,0
P006,18,Black or African American,Male,Yes,41,H08,Fact_Check_Flag,0
P006,18,Black or African American,Male,Yes,42,H05,No_Label,0
P006,18,Black or African American,Male,Yes,43,H19,Fact_Check_Flag,0
P006,18,Black or African American,Male,Yes,44,H24,Established_Outlet,0
P006,18,Black or African American,Male,Yes,45,H30,No_Label,1
P006,18,Black or African American,Male,Yes,46,H32,No_Label,0
P006,18,Black or African American,Male,Yes,47,H09,Fact_Check_Flag,1
P006,18,Black or African American,Male,Yes,48,H21,Established_Outlet,1
P006,18,Black or African American,Male,Yes,49,H27,Fact_Check_Flag,0
P006,18,Black or African American,Male,Yes,50,H22,No_Label,0
P006,18,Black or African American,Male,Yes,51,H07,Fact_Check_Flag,0
P006,18,Black or African American,Male,Yes,52,H16,Fact_Check_Flag,0
P006,18,Black or African American,Male,Yes,53,H15,Fact_Check_Flag,0
P006,18,Black or African American,Male,Yes,54,H11,Fact_Check_Flag,0
P006,18,Black or African American,Male,Yes,55,H10,Established_Outlet,1
P006,18,Black or African American,Male,Yes,56,H23,No_Label,0
P006,18,Black or African American,Male,Yes,57,H06,No_Label,0
P006,18,Black or African American,Male,Yes,58,H24,Fact_Check_Flag,0
P006,18,Black or African American,Male,Yes,59,H17,No_Label,1
P006,18,Black or African American,Male,Yes,60,H14,No_Label,1
P006,18,Black or African American,Male,Yes,61,H26,Fact_Check_Flag,0
P006,18,Black or African American,Male,Yes,62,H02,Established_Outlet,0
P006,18,Black or African American,Male,Yes,63,H13,Established_Outlet,1
P006,18,Black or African American,Male,Yes,64,H03,Fact_Check_Flag,0
P006,18,Black or African American,Male,Yes,65,H14,Established_Outlet,0
P006,18,Black or African American,Male,Yes,66,H08,No_Label,0
P006,18,Black or African American,Male,Yes,67,H01,Established_Outlet,0
P006,18,Black or African American,Male,Yes,68,H16,Established_Outlet,0
P006,18,Black or African American,Male,Yes,69,H23,Established_Outlet,1
P006,18,Black or African American,Male,Yes,70,H28,Established_Outlet,0
P006,18,Black or African American,Male,Yes,71,H21,Fact_Check_Flag,1
P006,18,Black or African American,Male,Yes,72,H01,Fact_Check_Flag,0
P006,18,Black or African American,Male,Yes,73,H21,No_Label,1
P006,18,Black or African American,Male,Yes,74,H09,No_Label,0
P006,18,Black or African American,Male,Yes,75,H05,Fact_Check_Flag,0
P006,18,Black or African American,Male,Yes,76,H04,Fact_Check_Flag,1
P006,18,Black or African American,Male,Yes,77,H16,No_Label,0
P006,18,Black or African American,Male,Yes,78,H19,Established_Outlet,1
P006,18,Black or African American,Male,Yes,79,H07,No_Label,1
P006,18,Black or African American,Male,Yes,80,H06,Fact_Check_Flag,0
P006,18,Black or African American,Male,Yes,81,H09,Established_Outlet,0
P006,18,Black or African American,Male,Yes,82,H25,No_Label,0
P006,18,Black or African American,Male,Yes,83,H25,Fact_Check_Flag,0
P006,18,Black or African American,Male,Yes,84,H10,Fact_Check_Flag,1
P006,18,Black or African American,Male,Yes,85,H07,Established_Outlet,1
P006,18,Black or African American,Male,Yes,86,H13,Fact_Check_Flag,0
P006,18,Black or African American,Male,Yes,87,H14,Fact_Check_Flag,0
P006,18,Black or African American,Male,Yes,88,H05,Established_Outlet,0
P006,18,Black or African American,Male,Yes,89,H32,Established_Outlet,1
P006,18,Black or African American,Male,Yes,90,H29,Fact_Check_Flag,0
P006,18,Black or African American,Male,Yes,91,H27,No_Label,0
P006,18,Black or African American,Male,Yes,92,H03,No_Label,0
P006,18,Black or African American,Male,Yes,93,H22,Fact_Check_Flag,0
P006,18,Black or African American,Male,Yes,94,H13,No_Label,1
P006,18,Black or African American,Male,Yes,95,H15,Established_Outlet,1
P006,18,Black or African American,Male,Yes,96,H24,No_Label,1
P007,50,Hispanic or Latino,Female,Yes,1,H23,Fact_Check_Flag,1
P007,50,Hispanic or Latino,Female,Yes,2,H15,No_Label,1
P007,50,Hispanic or Latino,Female,Yes,3,H01,No_Label,0
P007,50,Hispanic or Latino,Female,Yes,4,H32,Established_Outlet,1
P007,50,Hispanic or Latino,Female,Yes,5,H23,No_Label,1
P007,50,Hispanic or Latino,Female,Yes,6,H03,Established_Outlet,1
P007,50,Hispanic or Latino,Female,Yes,7,H19,Established_Outlet,1
P007,50,Hispanic or Latino,Female,Yes,8,H07,Established_Outlet,0
P007,50,Hispanic or Latino,Female,Yes,9,H30,Established_Outlet,1
P007,50,Hispanic or Latino,Female,Yes,10,H25,Fact_Check_Flag,0
P007,50,Hispanic or Latino,Female,Yes,11,H04,Fact_Check_Flag,0
P007,50,Hispanic or Latino,Female,Yes,12,H27,No_Label,1
P007,50,Hispanic or Latino,Female,Yes,13,H32,Fact_Check_Flag,0
P007,50,Hispanic or Latino,Female,Yes,14,H16,Fact_Check_Flag,0
P007,50,Hispanic or Latino,Female,Yes,15,H14,Fact_Check_Flag,0
P007,50,Hispanic or Latino,Female,Yes,16,H06,Established_Outlet,1
P007,50,Hispanic or Latino,Female,Yes,17,H24,Fact_Check_Flag,0
P007,50,Hispanic or Latino,Female,Yes,18,H15,Established_Outlet,1
P007,50,Hispanic or Latino,Female,Yes,19,H18,Established_Outlet,1
P007,50,Hispanic or Latino,Female,Yes,20,H06,No_Label,1
P007,50,Hispanic or Latino,Female,Yes,21,H13,No_Label,1
P007,50,Hispanic or Latino,Female,Yes,22,H15,Fact_Check_Flag,1
P007,50,Hispanic or Latino,Female,Yes,23,H17,Established_Outlet,0
P007,50,Hispanic or Latino,Female,Yes,24,H23,Established_Outlet,1
P007,50,Hispanic or Latino,Female,Yes,25,H31,No_Label,1
P007,50,Hispanic or Latino,Female,Yes,26,H02,Fact_Check_Flag,0
P007,50,Hispanic or Latino,Female,Yes,27,H24,Established_Outlet,1
P007,50,Hispanic or Latino,Female,Yes,28,H05,Established_Outlet,1
P007,50,Hispanic or Latino,Female,Yes,29,H08,No_Label,0
P007,50,Hispanic or Latino,Female,Yes,30,H20,No_Label,1
P007,50,Hispanic or Latino,Female,Yes,31,H05,Fact_Check_Flag,0
P007,50,Hispanic or Latino,Female,Yes,32,H08,Fact_Check_Flag,0
P007,50,Hispanic or Latino,Female,Yes,33,H24,No_Label,0
P007,50,Hispanic or Latino,Female,Yes,34,H28,No_Label,1
P007,50,Hispanic or Latino,Female,Yes,35,H21,Established_Outlet,1
P007,50,Hispanic or Latino,Female,Yes,36,H21,No_Label,0
P007,50,Hispanic or Latino,Female,Yes,37,H04,No_Label,1
P007,50,Hispanic or Latino,Female,Yes,38,H01,Established_Outlet,1
P007,50,Hispanic or Latino,Female,Yes,39,H10,No_Label,1
P007,50,Hispanic or Latino,Female,Yes,40,H09,Established_Outlet,1
P007,50,Hispanic or Latino,Female,Yes,41,H31,Fact_Check_Flag,1
P007,50,Hispanic or Latino,Female,Yes,42,H26,No_Label,0
P007,50,Hispanic or Latino,Female,Yes,43,H11,Fact_Check_Flag,0
P007,50,Hispanic or Latino,Female,Yes,44,H30,Fact_Check_Flag,0
P007,50,Hispanic or Latino,Female,Yes,45,H10,Established_Outlet,0
P007,50,Hispanic or Latino,Female,Yes,46,H17,No_Label,0
P007,50,Hispanic or Latino,Female,Yes,47,H26,Established_Outlet,1
P007,50,Hispanic or Latino,Female,Yes,48,H16,No_Label,0
P007,50,Hispanic or Latino,Female,Yes,49,H26,Fact_Check_Flag,0
P007,50,Hispanic or Latino,Female,Yes,50,H27,Established_Outlet,1
P007,50,Hispanic or Latino,Female,Yes,51,H13,Established_Outlet,1
P007,50,Hispanic or Latino,Female,Yes,52,H01,Fact_Check_Flag,0
P007,50,Hispanic or Latino,Female,Yes,53,H08,Established_Outlet,0
P007,50,Hispanic or Latino,Female,Yes,54,H19,No_Label,1
P007,50,Hispanic or Latino,Female,Yes,55,H30,No_Label,1
P007,50,Hispanic or Latino,Female,Yes,56,H22,No_Label,0
P007,50,Hispanic or Latino,Female,Yes,57,H16,Established_Outlet,1
P007,50,Hispanic or Latino,Female,Yes,58,H04,Established_Outlet,0
P007,50,Hispanic or Latino,Female,Yes,59,H18,No_Label,0
P007,50,Hispanic or Latino,Female,Yes,60,H14,Established_Outlet,0
P007,50,Hispanic or Latino,Female,Yes,61,H25,Established_Outlet,1
P007,50,Hispanic or Latino,Female,Yes,62,H14,No_Label,0
P007,50,Hispanic or Latino,Female,Yes,63,H22,Established_Outlet,1
P007,50,Hispanic or Latino,Female,Yes,64,H22,Fact_Check_Flag,0
P007,50,Hispanic or Latino,Female,Yes,65,H19,Fact_Check_Flag,1
P007,50,Hispanic or Latino,Female,Yes,66,H21,Fact_Check_Flag,0
P007,50,Hispanic or Latino,Female,Yes,67,H09,Fact_Check_Flag,1
P007,50,Hispanic or Latino,Female,Yes,68,H11,No_Label,0
P007,50,Hispanic or Latino,Female,Yes,69,H32,No_Label,0
P007,50,Hispanic or Latino,Female,Yes,70,H03,Fact_Check_Flag,0
P007,50,Hispanic or Latino,Female,Yes,71,H31,Established_Outlet,1
P007,50,Hispanic or Latino,Female,Yes,72,H20,Fact_Check_Flag,0
P007,50,Hispanic or Latino,Female,Yes,73,H03,No_Label,1
P007,50,Hispanic or Latino,Female,Yes,74,H20,Established_Outlet,1
P007,50,Hispanic or Latino,Female,Yes,75,H27,Fact_Check_Flag,1
P007,50,Hispanic or Latino,Female,Yes,76,H29,No_Label,0
P007,50,Hispanic or Latino,Female,Yes,77,H02,Established_Outlet,0
P007,50,Hispanic or Latino,Female,Yes,78,H12,No_Label,1
P007,50,Hispanic or Latino,Female,Yes,79,H12,Established_Outlet,0
P007,50,Hispanic or Latino,Female,Yes,80,H28,Established_Outlet,1
P007,50,Hispanic or Latino,Female,Yes,81,H29,Fact_Check_Flag,0
P007,50,Hispanic or Latino,Female,Yes,82,H13,Fact_Check_Flag,1
P007,50,Hispanic or Latino,Female,Yes,83,H02,No_Label,1
P007,50,Hispanic or Latino,Female,Yes,84,H07,Fact_Check_Flag,0
P007,50,Hispanic or Latino,Female,Yes,85,H29,Established_Outlet,0
P007,50,Hispanic or Latino,Female,Yes,86,H17,Fact_Check_Flag,0
P007,50,Hispanic or Latino,Female,Yes,87,H12,Fact_Check_Flag,0
P007,50,Hispanic or Latino,Female,Yes,88,H11,Established_Outlet,1
P007,50,Hispanic or Latino,Female,Yes,89,H25,No_Label,1
P007,50,Hispanic or Latino,Female,Yes,90,H07,No_Label,1
P007,50,Hispanic or Latino,Female,Yes,91,H10,Fact_Check_Flag,0
P007,50,Hispanic or Latino,Female,Yes,92,H06,Fact_Check_Flag,0
P007,50,Hispanic or Latino,Female,Yes,93,H09,No_Label,1
P007,50,Hispanic or Latino,Female,Yes,94,H05,No_Label,1
P007,50,Hispanic or Latino,Female,Yes,95,H18,Fact_Check_Flag,0
P007,50,Hispanic or Latino,Female,Yes,96,H28,Fact_Check_Flag,0
P008,54,White,Male,Yes,1,H25,No_Label,0
P008,54,White,Male,Yes,2,H09,No_Label,1
P008,54,White,Male,Yes,3,H11,No_Label,0
P008,54,White,Male,Yes,4,H31,Fact_Check_Flag,0
P008,54,White,Male,Yes,5,H12,No_Label,1
P008,54,White,Male,Yes,6,H02,Fact_Check_Flag,1
P008,54,White,Male,Yes,7,H23,Fact_Check_Flag,1
P008,54,White,Male,Yes,8,H01,Established_Outlet,1
P008,54,White,Male,Yes,9,H06,Fact_Check_Flag,0
P008,54,White,Male,Yes,10,H29,Established_Outlet,0
P008,54,White,Male,Yes,11,H23,No_Label,1
P008,54,White,Male,Yes,12,H32,No_Label,0
P008,54,White,Male,Yes,13,H26,No_Label,0
P008,54,White,Male,Yes,14,H07,No_Label,0
P008,54,White,Male,Yes,15,H32,Fact_Check_Flag,0
P008,54,White,Male,Yes,16,H28,Established_Outlet,0
P008,54,White,Male,Yes,17,H13,Fact_Check_Flag,1
P008,54,White,Male,Yes,18,H30,Established_Outlet,0
P008,54,White,Male,Yes,19,H24,No_Label,0
P008,54,White,Male,Yes,20,H23,Established_Outlet,1
P008,54,White,Male,Yes,21,H11,Established_Outlet,1
P008,54,White,Male,Yes,22,H10,Established_Outlet,1
P008,54,White,Male,Yes,23,H16,Fact_Check_Flag,0
P008,54,White,Male,Yes,24,H29,No_Label,0
P008,54,White,Male,Yes,25,H03,No_Label,0
P008,54,White,Male,Yes,26,H04,No_Label,0
P008,54,White,Male,Yes,27,H15,Established_Outlet,1
P008,54,White,Male,Yes,28,H05,Fact_Check_Flag,0
P008,54,White,Male,Yes,29,H14,Fact_Check_Flag,0
P008,54,White,Male,Yes,30,H25,Fact_Check_Flag,0
P008,54,White,Male,Yes,31,H17,Fact_Check_Flag,1
P008,54,White,Male,Yes,32,H13,Established_Outlet,1
P008,54,White,Male,Yes,33,H27,No_Label,0
P008,54,White,Male,Yes,34,H22,Established_Outlet,0
P008,54,White,Male,Yes,35,H01,Fact_Check_Flag,0
P008,54,White,Male,Yes,36,H22,No_Label,0
P008,54,White,Male,Yes,37,H29,Fact_Check_Flag,0
P008,54,White,Male,Yes,38,H17,No_Label,1
P008,54,White,Male,Yes,39,H21,No_Label,1
P008,54,White,Male,Yes,40,H13,No_Label,1
P008,54,White,Male,Yes,41,H15,Fact_Check_Flag,0
P008,54,White,Male,Yes,42,H30,No_Label,1
P008,54,White,Male,Yes,43,H28,Fact_Check_Flag,0
P008,54,White,Male,Yes,44,H07,Fact_Check_Flag,0
P008,54,White,Male,Yes,45,H27,Fact_Check_Flag,0
P008,54,White,Male,Yes,46,H10,No_Label,0
P008,54,White,Male,Yes,47,H24,Fact_Check_Flag,0
P008,54,White,Male,Yes,48,H19,No_Label,1
P008,54,White,Male,Yes,49,H32,Established_Outlet,0
P008,54,White,Male,Yes,50,H24,Established_Outlet,0
P008,54,White,Male,Yes,51,H11,Fact_Check_Flag,0
P008,54,White,Male,Yes,52,H31,Established_Outlet,1
P008,54,White,Male,Yes,53,H12,Fact_Check_Flag,1
P008,54,White,Male,Yes,54,H05,No_Label,1
P008,54,White,Male,Yes,55,H01,No_Label,1
P008,54,White,Male,Yes,56,H18,No_Label,0
P008,54,White,Male,Yes,57,H02,Established_Outlet,1
P008,54,White,Male,Yes,58,H25,Established_Outlet,0
P008,54,White,Male,Yes,59,H08,No_Label,0
P008,54,White,Male,Yes,60,H10,Fact_Check_Flag,0
P008,54,White,Male,Yes,61,H26,Established_Outlet,0
P008,54,White,Male,Yes,62,H18,Fact_Check_Flag,0
P008,54,White,Male,Yes,63,H16,Established_Outlet,0
P008,54,White,Male,Yes,64,H05,Established_Outlet,1
P008,54,White,Male,Yes,65,H09,Fact_Check_Flag,1
P008,54,White,Male,Yes,66,H07,Established_Outlet,0
P008,54,White,Male,Yes,67,H26,Fact_Check_Flag,0
P008,54,White,Male,Yes,68,H20,No_Label,1
P008,54,White,Male,Yes,69,H06,No_Label,1
P008,54,White,Male,Yes,70,H19,Fact_Check_Flag,1
P008,54,White,Male,Yes,71,H19,Established_Outlet,1
P008,54,White,Male,Yes,72,H20,Established_Outlet,1
P008,54,White,Male,Yes,73,H21,Fact_Check_Flag,1
P008,54,White,Male,Yes,74,H31,No_Label,1
P008,54,White,Male,Yes,75,H02,No_Label,1
P008,54,White,Male,Yes,76,H30,Fact_Check_Flag,0
P008,54,White,Male,Yes,77,H16,No_Label,0
P008,54,White,Male,Yes,78,H28,No_Label,0
P008,54,White,Male,Yes,79,H04,Established_Outlet,0
P008,54,White,Male,Yes,80,H20,Fact_Check_Flag,0
P008,54,White,Male,Yes,81,H21,Established_Outlet,1
P008,54,White,Male,Yes,82,H04,Fact_Check_Flag,0
P008,54,White,Male,Yes,83,H18,Established_Outlet,0
P008,54,White,Male,Yes,84,H14,Established_Outlet,0
P008,54,White,Male,Yes,85,H27,Established_Outlet,0
P008,54,White,Male,Yes,86,H22,Fact_Check_Flag,0
P008,54,White,Male,Yes,87,H17,Established_Outlet,0
P008,54,White,Male,Yes,88,H15,No_Label,1
P008,54,White,Male,Yes,89,H08,Fact_Check_Flag,0
P008,54,White,Male,Yes,90,H12,Established_Outlet,1
P008,54,White,Male,Yes,91,H06,Established_Outlet,1
P008,54,White,Male,Yes,92,H09,Established_Outlet,1
P008,54,White,Male,Yes,93,H03,Established_Outlet,1
P008,54,White,Male,Yes,94,H14,No_Label,1
P008,54,White,Male,Yes,95,H08,Established_Outlet,1
P008,54,White,Male,Yes,96,H03,Fact_Check_Flag,0
P009,33,White,Male,Yes,1,H02,Fact_Check_Flag,0
P009,33,White,Male,Yes,2,H03,No_Label,0
P009,33,White,Male,Yes,3,H22,No_Label,1
P009,33,White,Male,Yes,4,H06,No_Label,0
P009,33,White,Male,Yes,5,H06,Fact_Check_Flag,0
P009,33,White,Male,Yes,6,H06,Established_Outlet,0
P009,33,White,Male,Yes,7,H21,Established_Outlet,1
P009,33,White,Male,Yes,8,H09,Established_Outlet,0
P009,33,White,Male,Yes,9,H29,No_Label,0
P009,33,White,Male,Yes,10,H16,Established_Outlet,0
P009,33,White,Male,Yes,11,H32,Established_Outlet,0
P009,33,White,Male,Yes,12,H14,No_Label,0
P009,33,White,Male,Yes,13,H08,Established_Outlet,1
P009,33,White,Male,Yes,14,H22,Fact_Check_Flag,1
P009,33,White,Male,Yes,15,H05,No_Label,0
P009,33,White,Male,Yes,16,H04,Fact_Check_Flag,1
P009,33,White,Male,Yes,17,H24,Established_Outlet,0
P009,33,White,Male,Yes,18,H14,Fact_Check_Flag,0
P009,33,White,Male,Yes,19,H29,Fact_Check_Flag,0
P009,33,White,Male,Yes,20,H13,Established_Outlet,1
P009,33,White,Male,Yes,21,H23,Fact_Check_Flag,0
P009,33,White,Male,Yes,22,H23,No_Label,0
P009,33,White,Male,Yes,23,H30,No_Label,0
P009,33,White,Male,Yes,24,H32,Fact_Check_Flag,0
P009,33,White,Male,Yes,25,H25,Established_Outlet,0
P009,33,White,Male,Yes,26,H04,No_Label,0
P009,33,White,Male,Yes,27,H17,No_Label,1
P009,33,White,Male,Yes,28,H24,No_Label,0
P009,33,White,Male,Yes,29,H32,No_Label,0
P009,33,White,Male,Yes,30,H03,Fact_Check_Flag,0
P009,33,White,Male,Yes,31,H15,Fact_Check_Flag,1
P009,33,White,Male,Yes,32,H17,Established_Outlet,0
P009,33,White,Male,Yes,33,H03,Established_Outlet,0
P009,33,White,Male,Yes,34,H22,Established_Outlet,0
P009,33,White,Male,Yes,35,H08,No_Label,0
P009,33,White,Male,Yes,36,H04,Established_Outlet,0
P009,33,White,Male,Yes,37,H31,Established_Outlet,1
P009,33,White,Male,Yes,38,H18,Fact_Check_Flag,0
P009,33,White,Male,Yes,39,H09,Fact_Check_Flag,0
P009,33,White,Male,Yes,40,H19,No_Label,0
P009,33,White,Male,Yes,41,H20,No_Label,0
P009,33,White,Male,Yes,42,H31,Fact_Check_Flag,0
P009,33,White,Male,Yes,43,H21,Fact_Check_Flag,1
P009,33,White,Male,Yes,44,H05,Established_Outlet,1
P009,33,White,Male,Yes,45,H20,Fact_Check_Flag,0
P009,33,White,Male,Yes,46,H30,Fact_Check_Flag,1
P009,33,White,Male,Yes,47,H27,No_Label,1
P009,33,White,Male,Yes,48,H24,Fact_Check_Flag,1
P009,33,White,Male,Yes,49,H30,Established_Outlet,1
P009,33,White,Male,Yes,50,H29,Established_Outlet,0
P009,33,White,Male,Yes,51,H18,Established_Outlet,0
P009,33,White,Male,Yes,52,H02,No_Label,1
P009,33,White,Male,Yes,53,H17,Fact_Check_Flag,0
P009,33,White,Male,Yes,54,H07,Established_Outlet,1
P009,33,White,Male,Yes,55,H18,No_Label,0
P009,33,White,Male,Yes,56,H23,Established_Outlet,0
P009,33,White,Male,Yes,57,H25,Fact_Check_Flag,0
P009,33,White,Male,Yes,58,H07,Fact_Check_Flag,0
P009,33,White,Male,Yes,59,H28,Established_Outlet,1
P009,33,White,Male,Yes,60,H07,No_Label,0
P009,33,White,Male,Yes,61,H26,Established_Outlet,1
P009,33,White,Male,Yes,62,H08,Fact_Check_Flag,1
P009,33,White,Male,Yes,63,H15,Established_Outlet,1
P009,33,White,Male,Yes,64,H01,Established_Outlet,0
P009,33,White,Male,Yes,65,H13,Fact_Check_Flag,0
P009,33,White,Male,Yes,66,H10,Fact_Check_Flag,0
P009,33,White,Male,Yes,67,H02,Established_Outlet,0
P009,33,White,Male,Yes,68,H13,No_Label,0
P009,33,White,Male,Yes,69,H28,Fact_Check_Flag,0
P009,33,White,Male,Yes,70,H20,Established_Outlet,1
P009,33,White,Male,Yes,71,H14,Established_Outlet,0
P009,33,White,Male,Yes,72,H01,No_Label,0
P009,33,White,Male,Yes,73,H31,No_Label,0
P009,33,White,Male,Yes,74,H19,Established_Outlet,1
P009,33,White,Male,Yes,75,H11,Established_Outlet,0
P009,33,White,Male,Yes,76,H12,Established_Outlet,1
P009,33,White,Male,Yes,77,H19,Fact_Check_Flag,0
P009,33,White,Male,Yes,78,H12,Fact_Check_Flag,1
P009,33,White,Male,Yes,79,H10,Established_Outlet,0
P009,33,White,Male,Yes,80,H26,Fact_Check_Flag,0
P009,33,White,Male,Yes,81,H28,No_Label,0
P009,33,White,Male,Yes,82,H27,Fact_Check_Flag,0
P009,33,White,Male,Yes,83,H25,No_Label,0
P009,33,White,Male,Yes,84,H26,No_Label,1
P009,33,White,Male,Yes,85,H11,No_Label,1
P009,33,White,Male,Yes,86,H10,No_Label,0
P009,33,White,Male,Yes,87,H21,No_Label,1
P009,33,White,Male,Yes,88,H01,Fact_Check_Flag,0
P009,33,White,Male,Yes,89,H16,No_Label,0
P009,33,White,Male,Yes,90,H05,Fact_Check_Flag,0
P009,33,White,Male,Yes,91,H15,No_Label,1
P009,33,White,Male,Yes,92,H09,No_Label,1
P009,33,White,Male,Yes,93,H11,Fact_Check_Flag,0
P009,33,White,Male,Yes,94,H12,No_Label,1
P009,33,White,Male,Yes,95,H16,Fact_Check_Flag,0
P009,33,White,Male,Yes,96,H27,Established_Outlet,1
P010,29,White,Male,No,1,H15,Established_Outlet,1
P010,29,White,Male,No,2,H26,Fact_Check_Flag,0
P010,29,White,Male,No,3,H07,No_Label,0
P010,29,White,Male,No,4,H25,No_Label,1
P010,29,White,Male,No,5,H16,Established_Outlet,0
P010,29,White,Male,No,6,H19,Established_Outlet,1
P010,29,White,Male,No,7,H14,Fact_Check_Flag,0
P010,29,White,Male,No,8,H05,Fact_Check_Flag,0
P010,29,White,Male,No,9,H30,Fact_Check_Flag,1
P010,29,White,Male,No,10,H16,No_Label,0
P010,29,White,Male,No,11,H06,No_Label,0
P010,29,White,Male,No,12,H14,No_Label,0
P010,29,White,Male,No,13,H17,No_Label,1
P010,29,White,Male,No,14,H06,Fact_Check_Flag,0
P010,29,White,Male,No,15,H12,Established_Outlet,1
P010,29,White,Male,No,16,H23,Fact_Check_Flag,0
P010,29,White,Male,No,17,H12,No_Label,1
P010,29,White,Male,No,18,H17,Established_Outlet,1
P010,29,White,Male,No,19,H28,Established_Outlet,0
P010,29,White,Male,No,20,H32,Established_Outlet,1
P010,29,White,Male,No,21,H02,No_Label,1
P010,29,White,Male,No,22,H25,Established_Outlet,1
P010,29,White,Male,No,23,H04,Fact_Check_Flag,0
P010,29,White,Male,No,24,H31,No_Label,1
P010,29,White,Male,No,25,H01,No_Label,1
P010,29,White,Male,No,26,H28,Fact_Check_Flag,0
P010,29,White,Male,No,27,H02,Established_Outlet,0
P010,29,White,Male,No,28,H17,Fact_Check_Flag,0
P010,29,White,Male,No,29,H18,Fact_Check_Flag,0
P010,29,White,Male,No,30,H03,No_Label,0
P010,29,White,Male,No,31,H11,No_Label,0
P010,29,White,Male,No,32,H15,Fact_Check_Flag,1
P010,29,White,Male,No,33,H24,No_Label,0
P010,29,White,Male,No,34,H10,Established_Outlet,1
P010,29,White,Male,No,35,H29,Established_Outlet,0
P010,29,White,Male,No,36,H27,Established_Outlet,1
P010,29,White,Male,No,37,H31,Fact_Check_Flag,1
P010,29,White,Male,No,38,H03,Fact_Check_Flag,0
P010,29,White,Male,No,39,H13,Fact_Check_Flag,0
P010,29,White,Male,No,40,H20,Fact_Check_Flag,0
P010,29,White,Male,No,41,H15,No_Label,0
P010,29,White,Male,No,42,H32,Fact_Check_Flag,0
P010,29,White,Male,No,43,H06,Established_Outlet,0
P010,29,White,Male,No,44,H02,Fact_Check_Flag,0
P010,29,White,Male,No,45,H29,Fact_Check_Flag,0
P010,29,White,Male,No,46,H30,Established_Outlet,1
P010,29,White,Male,No,47,H21,Fact_Check_Flag,0
P010,29,White,Male,No,48,H18,No_Label,0
P010,29,White,Male,No,49,H05,No_Label,1
P010,29,White,Male,No,50,H25,Fact_Check_Flag,0
P010,29,White,Male,No,51,H09,No_Label,1
P010,29,White,Male,No,52,H03,Established_Outlet,0
P010,29,White,Male,No,53,H21,No_Label,0
P010,29,White,Male,No,54,H08,No_Label,1
P010,29,White,Male,No,55,H28,No_Label,1
P010,29,White,Male,No,56,H12,Fact_Check_Flag,0
P010,29,White,Male,No,57,H19,No_Label,1
P010,29,White,Male,No,58,H27,Fact_Check_Flag,1
P010,29,White,Male,No,59,H16,Fact_Check_Flag,0
P010,29,White,Male,No,60,H07,Established_Outlet,0
P010,29,White,Male,No,61,H19,Fact_Check_Flag,0
P010,29,White,Male,No,62,H20,No_Label,1
P010,29,White,Male,No,63,H07,Fact_Check_Flag,0
P010,29,White,Male,No,64,H08,Fact_Check_Flag,0
P010,29,White,Male,No,65,H24,Established_Outlet,0
P010,29,White,Male,No,66,H09,Established_Outlet,1
P010,29,White,Male,No,67,H26,No_Label,0
P010,29,White,Male,No,68,H01,Fact_Check_Flag,1
P010,29,White,Male,No,69,H20,Established_Outlet,1
P010,29,White,Male,No,70,H10,No_Label,0
P010,29,White,Male,No,71,H14,Established_Outlet,1
P010,29,White,Male,No,72,H10,Fact_Check_Flag,0
P010,29,White,Male,No,73,H24,Fact_Check_Flag,0
P010,29,White,Male,No,74,H18,Established_Outlet,0
P010,29,White,Male,No,75,H09,Fact_Check_Flag,0
P010,29,White,Male,No,76,H30,No_Label,1
P010,29,White,Male,No,77,H23,No_Label,1
P010,29,White,Male,No,78,H13,Established_Outlet,0
P010,29,White,Male,No,79,H05,Established_Outlet,0
P010,29,White,Male,No,80,H26,Established_Outlet,0
P010,29,White,Male,No,81,H31,Established_Outlet,1
P010,29,White,Male,No,82,H04,No_Label,0
P010,29,White,Male,No,83,H22,No_Label,0
P010,29,White,Male,No,84,H27,No_Label,1
P010,29,White,Male,No,85,H32,No_Label,0
P010,29,White,Male,No,86,H29,No_Label,0
P010,29,White,Male,No,87,H04,Established_Outlet,0
P010,29,White,Male,No,88,H11,Fact_Check_Flag,0
P010,29,White,Male,No,89,H13,No_Label,1
P010,29,White,Male,No,90,H22,Established_Outlet,0
P010,29,White,Male,No,91,H23,Established_Outlet,1
P010,29,White,Male,No,92,H11,Established_Outlet,0
P010,29,White,Male,No,93,H21,Established_Outlet,1
P010,29,White,Male,No,94,H22,Fact_Check_Flag,0
P010,29,White,Male,No,95,H01,Established_Outlet,1
P010,29,White,Male,No,96,H08,Established_Outlet,1
P011,44,White,Male,Yes,1,H19,No_Label,1
P011,44,White,Male,Yes,2,H16,Fact_Check_Flag,0
P011,44,White,Male,Yes,3,H19,Fact_Check_Flag,0
P011,44,White,Male,Yes,4,H01,Fact_Check_Flag,1
P011,44,White,Male,Yes,5,H03,Established_Outlet,0
P011,44,White,Male,Yes,6,H04,Established_Outlet,1
P011,44,White,Male,Yes,7,H01,Established_Outlet,0
P011,44,White,Male,Yes,8,H07,Established_Outlet,1
P011,44,White,Male,Yes,9,H13,No_Label,1
P011,44,White,Male,Yes,10,H30,Established_Outlet,0
P011,44,White,Male,Yes,11,H28,No_Label,1
P011,44,White,Male,Yes,12,H23,Established_Outlet,1
P011,44,White,Male,Yes,13,H32,Established_Outlet,1
P011,44,White,Male,Yes,14,H28,Fact_Check_Flag,0
P011,44,White,Male,Yes,15,H02,No_Label,0
P011,44,White,Male,Yes,16,H04,Fact_Check_Flag,0
P011,44,White,Male,Yes,17,H15,Fact_Check_Flag,1
P011,44,White,Male,Yes,18,H31,Fact_Check_Flag,0
P011,44,White,Male,Yes,19,H32,Fact_Check_Flag,0
P011,44,White,Male,Yes,20,H18,Fact_Check_Flag,0
P011,44,White,Male,Yes,21,H26,Established_Outlet,0
P011,44,White,Male,Yes,22,H06,Established_Outlet,0
P011,44,White,Male,Yes,23,H01,No_Label,1
P011,44,White,Male,Yes,24,H29,Fact_Check_Flag,0
P011,44,White,Male,Yes,25,H20,Fact_Check_Flag,0
P011,44,White,Male,Yes,26,H27,No_Label,0
P011,44,White,Male,Yes,27,H09,Established_Outlet,0
P011,44,White,Male,Yes,28,H17,Fact_Check_Flag,1
P011,44,White,Male,Yes,29,H21,Fact_Check_Flag,1
P011,44,White,Male,Yes,30,H11,Established_Outlet,1
P011,44,White,Male,Yes,31,H25,Established_Outlet,1
P011,44,White,Male,Yes,32,H31,Established_Outlet,1
P011,44,White,Male,Yes,33,H14,Established_Outlet,0
P011,44,White,Male,Yes,34,H16,No_Label,0
P011,44,White,Male,Yes,35,H08,No_Label,0
P011,44,White,Male,Yes,36,H02,Established_Outlet,0
P011,44,White,Male,Yes,37,H19,Established_Outlet,0
P011,44,White,Male,Yes,38,H07,Fact_Check_Flag,0
P011,44,White,Male,Yes,39,H24,No_Label,1
P011,44,White,Male,Yes,40,H15,Established_Outlet,1
P011,44,White,Male,Yes,41,H20,Established_Outlet,1
P011,44,White,Male,Yes,42,H24,Fact_Check_Flag,1
P011,44,White,Male,Yes,43,H11,Fact_Check_Flag,0
P011,44,White,Male,Yes,44,H21,Established_Outlet,1
P011,44,White,Male,Yes,45,H10,Established_Outlet,0
P011,44,White,Male,Yes,46,H27,Established_Outlet,1
P011,44,White,Male,Yes,47,H29,No_Label,0
P011,44,White,Male,Yes,48,H29,Established_Outlet,0
P011,44,White,Male,Yes,49,H08,Fact_Check_Flag,0
P011,44,White,Male,Yes,50,H05,No_Label,0
P011,44,White,Male,Yes,51,H05,Established_Outlet,1
P011,44,White,Male,Yes,52,H07,No_Label,1
P011,44,White,Male,Yes,53,H22,No_Label,0
P011,44,White,Male,Yes,54,H09,No_Label,1
P011,44,White,Male,Yes,55,H14,Fact_Check_Flag,0
P011,44,White,Male,Yes,56,H31,No_Label,1
P011,44,White,Male,Yes,57,H18,Established_Outlet,0
P011,44,White,Male,Yes,58,H23,Fact_Check_Flag,0
P011,44,White,Male,Yes,59,H10,Fact_Check_Flag,0
P011,44,White,Male,Yes,60,H20,No_Label,1
P011,44,White,Male,Yes,61,H14,No_Label,0
P011,44,White,Male,Yes,62,H02,Fact_Check_Flag,0
P011,44,White,Male,Yes,63,H03,No_Label,1
P011,44,White,Male,Yes,64,H22,Fact_Check_Flag,0
P011,44,White,Male,Yes,65,H06,Fact_Check_Flag,0
P011,44,White,Male,Yes,66,H03,Fact_Check_Flag,0
P011,44,White,Male,Yes,67,H12,Established_Outlet,1
P011,44,White,Male,Yes,68,H05,Fact_Check_Flag,0
P011,44,White,Male,Yes,69,H23,No_Label,0
P011,44,White,Male,Yes,70,H17,Established_Outlet,1
P011,44,White,Male,Yes,71,H25,No_Label,0
P011,44,White,Male,Yes,72,H15,No_Label,1
P011,44,White,Male,Yes,73,H06,No_Label,0
P011,44,White,Male,Yes,74,H24,Established_Outlet,0
P011,44,White,Male,Yes,75,H12,Fact_Check_Flag,0
P011,44,White,Male,Yes,76,H18,No_Label,0
P011,44,White,Male,Yes,77,H13,Established_Outlet,0
P011,44,White,Male,Yes,78,H09,Fact_Check_Flag,1
P011,44,White,Male,Yes,79,H32,No_Label,0
P011,44,White,Male,Yes,80,H08,Established_Outlet,0
P011,44,White,Male,Yes,81,H04,No_Label,0
P011,44,White,Male,Yes,82,H25,Fact_Check_Flag,0
P011,44,White,Male,Yes,83,H26,No_Label,1
P011,44,White,Male,Yes,84,H30,No_Label,0
P011,44,White,Male,Yes,85,H27,Fact_Check_Flag,1
P011,44,White,Male,Yes,86,H10,No_Label,0
P011,44,White,Male,Yes,87,H17,No_Label,1
P011,44,White,Male,Yes,88,H26,Fact_Check_Flag,0
P011,44,White,Male,Yes,89,H16,Established_Outlet,0
P011,44,White,Male,Yes,90,H22,Established_Outlet,0
P011,44,White,Male,Yes,91,H28,Established_Outlet,0
P011,44,White,Male,Yes,92,H12,No_Label,1
P011,44,White,Male,Yes,93,H21,No_Label,1
P011,44,White,Male,Yes,94,H30,Fact_Check_Flag,0
P011,44,White,Male,Yes,95,H11,No_Label,1
P011,44,White,Male,Yes,96,H13,Fact_Check_Flag,0
P012,54,Multiracial or Other,Female,Yes,1,H31,No_Label,0
P012,54,Multiracial or Other,Female,Yes,2,H05,Established_Outlet,0
P012,54,Multiracial or Other,Female,Yes,3,H22,Established_Outlet,0
P012,54,Multiracial or Other,Female,Yes,4,H18,Established_Outlet,0
P012,54,Multiracial or Other,Female,Yes,5,H27,No_Label,1
P012,54,Multiracial or Other,Female,Yes,6,H09,Established_Outlet,1
P012,54,Multiracial or Other,Female,Yes,7,H19,No_Label,0
P012,54,Multiracial or Other,Female,Yes,8,H03,Established_Outlet,1
P012,54,Multiracial or Other,Female,Yes,9,H27,Established_Outlet,1
P012,54,Multiracial or Other,Female,Yes,10,H01,No_Label,1
P012,54,Multiracial or Other,Female,Yes,11,H03,No_Label,0
P012,54,Multiracial or Other,Female,Yes,12,H09,No_Label,1
P012,54,Multiracial or Other,Female,Yes,13,H28,Fact_Check_Flag,0
P012,54,Multiracial or Other,Female,Yes,14,H25,Fact_Check_Flag,0
P012,54,Multiracial or Other,Female,Yes,15,H29,No_Label,0
P012,54,Multiracial or Other,Female,Yes,16,H15,Established_Outlet,1
P012,54,Multiracial or Other,Female,Yes,17,H14,Established_Outlet,1
P012,54,Multiracial or Other,Female,Yes,18,H20,Fact_Check_Flag,0
P012,54,Multiracial or Other,Female,Yes,19,H16,Established_Outlet,0
P012,54,Multiracial or Other,Female,Yes,20,H08,Established_Outlet,0
P012,54,Multiracial or Other,Female,Yes,21,H26,Established_Outlet,1
P012,54,Multiracial or Other,Female,Yes,22,H14,Fact_Check_Flag,0
P012,54,Multiracial or Other,Female,Yes,23,H11,Established_Outlet,1
P012,54,Multiracial or Other,Female,Yes,24,H13,Established_Outlet,1
P012,54,Multiracial or Other,Female,Yes,25,H30,No_Label,1
P012,54,Multiracial or Other,Female,Yes,26,H04,Fact_Check_Flag,0
P012,54,Multiracial or Other,Female,Yes,27,H22,Fact_Check_Flag,0
P012,54,Multiracial or Other,Female,Yes,28,H11,No_Label,1
P012,54,Multiracial or Other,Female,Yes,29,H13,No_Label,1
P012,54,Multiracial or Other,Female,Yes,30,H02,No_Label,1
P012,54,Multiracial or Other,Female,Yes,31,H07,Established_Outlet,0
P012,54,Multiracial or Other,Female,Yes,32,H04,No_Label,0
P012,54,Multiracial or Other,Female,Yes,33,H20,Established_Outlet,0
P012,54,Multiracial or Other,Female,Yes,34,H26,Fact_Check_Flag,0
P012,54,Multiracial or Other,Female,Yes,35,H11,Fact_Check_Flag,1
P012,54,Multiracial or Other,Female,Yes,36,H01,Fact_Check_Flag,0
P012,54,Multiracial or Other,Female,Yes,37,H18,Fact_Check_Flag,0
P012,54,Multiracial or Other,Female,Yes,38,H26,No_Label,1
P012,54,Multiracial or Other,Female,Yes,39,H25,No_Label,0
P012,54,Multiracial or Other,Female,Yes,40,H24,No_Label,0
P012,54,Multiracial or Other,Female,Yes,41,H32,Fact_Check_Flag,0
P012,54,Multiracial or Other,Female,Yes,42,H20,No_Label,0
P012,54,Multiracial or Other,Female,Yes,43,H29,Fact_Check_Flag,0
P012,54,Multiracial or Other,Female,Yes,44,H05,No_Label,0
P012,54,Multiracial or Other,Female,Yes,45,H15,Fact_Check_Flag,1
P012,54,Multiracial or Other,Female,Yes,46,H05,Fact_Check_Flag,0
P012,54,Multiracial or Other,Female,Yes,47,H24,Established_Outlet,0
P012,54,Multiracial or Other,Female,Yes,48,H23,Established_Outlet,1
P012,54,Multiracial or Other,Female,Yes,49,H02,Fact_Check_Flag,0
P012,54,Multiracial or Other,Female,Yes,50,H06,Established_Outlet,0
P012,54,Multiracial or Other,Female,Yes,51,H32,Established_Outlet,0
P012,54,Multiracial or Other,Female,Yes,52,H15,No_Label,1
P012,54,Multiracial or Other,Female,Yes,53,H17,No_Label,0
P012,54,Multiracial or Other,Female,Yes,54,H17,Fact_Check_Flag,0
P012,54,Multiracial or Other,Female,Yes,55,H19,Established_Outlet,1
P012,54,Multiracial or Other,Female,Yes,56,H06,No_Label,0
P012,54,Multiracial or Other,Female,Yes,57,H30,Established_Outlet,1
P012,54,Multiracial or Other,Female,Yes,58,H13,Fact_Check_Flag,0
P012,54,Multiracial or Other,Female,Yes,59,H31,Fact_Check_Flag,0
P012,54,Multiracial or Other,Female,Yes,60,H12,No_Label,1
P012,54,Multiracial or Other,Female,Yes,61,H23,No_Label,0
P012,54,Multiracial or Other,Female,Yes,62,H06,Fact_Check_Flag,0
P012,54,Multiracial or Other,Female,Yes,63,H30,Fact_Check_Flag,0
P012,54,Multiracial or Other,Female,Yes,64,H16,No_Label,0
P012,54,Multiracial or Other,Female,Yes,65,H09,Fact_Check_Flag,0
P012,54,Multiracial or Other,Female,Yes,66,H21,Established_Outlet,1
P012,54,Multiracial or Other,Female,Yes,67,H14,No_Label,1
P012,54,Multiracial or Other,Female,Yes,68,H04,Established_Outlet,1
P012,54,Multiracial or Other,Female,Yes,69,H28,Established_Outlet,0
P012,54,Multiracial or Other,Female,Yes,70,H27,Fact_Check_Flag,0
P012,54,Multiracial or Other,Female,Yes,71,H29,Established_Outlet,0
P012,54,Multiracial or Other,Female,Yes,72,H08,Fact_Check_Flag,0
P012,54,Multiracial or Other,Female,Yes,73,H23,Fact_Check_Flag,1
P012,54,Multiracial or Other,Female,Yes,74,H12,Established_Outlet,1
P012,54,Multiracial or Other,Female,Yes,75,H10,Established_Outlet,0
P012,54,Multiracial or Other,Female,Yes,76,H32,No_Label,0
P012,54,Multiracial or Other,Female,Yes,77,H08,No_Label,0
P012,54,Multiracial or Other,Female,Yes,78,H17,Established_Outlet,1
P012,54,Multiracial or Other,Female,Yes,79,H21,No_Label,1
P012,54,Multiracial or Other,Female,Yes,80,H21,Fact_Check_Flag,0
P012,54,Multiracial or Other,Female,Yes,81,H25,Established_Outlet,1
P012,54,Multiracial or Other,Female,Yes,82,H12,Fact_Check_Flag,0
P012,54,Multiracial or Other,Female,Yes,83,H28,No_Label,0
P012,54,Multiracial or Other,Female,Yes,84,H10,Fact_Check_Flag,0
P012,54,Multiracial or Other,Female,Yes,85,H03,Fact_Check_Flag,0
P012,54,Multiracial or Other,Female,Yes,86,H16,Fact_Check_Flag,0
P012,54,Multiracial or Other,Female,Yes,87,H18,No_Label,0
P012,54,Multiracial or Other,Female,Yes,88,H19,Fact_Check_Flag,0
P012,54,Multiracial or Other,Female,Yes,89,H24,Fact_Check_Flag,0
P012,54,Multiracial or Other,Female,Yes,90,H31,Established_Outlet,1
P012,54,Multiracial or Other,Female,Yes,91,H07,Fact_Check_Flag,0
P012,54,Multiracial or Other,Female,Yes,92,H02,Established_Outlet,1
P012,54,Multiracial or Other,Female,Yes,93,H07,No_Label,0
P012,54,Multiracial or Other,Female,Yes,94,H01,Established_Outlet,1
P012,54,Multiracial or Other,Female,Yes,95,H10,No_Label,1
P012,54,Multiracial or Other,Female,Yes,96,H22,No_Label,0
P013,65,White,Female,Yes,1,H06,Fact_Check_Flag,0
P013,65,White,Female,Yes,2,H19,Established_Outlet,1
P013,65,White,Female,Yes,3,H15,Established_Outlet,1
P013,65,White,Female,Yes,4,H19,Fact_Check_Flag,0
P013,65,White,Female,Yes,5,H13,Established_Outlet,1
P013,65,White,Female,Yes,6,H09,No_Label,1
P013,65,White,Female,Yes,7,H22,No_Label,1
P013,65,White,Female,Yes,8,H24,No_Label,0
P013,65,White,Female,Yes,9,H29,Fact_Check_Flag,0
P013,65,White,Female,Yes,10,H24,Established_Outlet,1
P013,65,White,Female,Yes,11,H28,Established_Outlet,0
P013,65,White,Female,Yes,12,H03,No_Label,0
P013,65,White,Female,Yes,13,H32,No_Label,0
P013,65,White,Female,Yes,14,H18,Fact_Check_Flag,0
P013,65,White,Female,Yes,15,H10,Established_Outlet,0
P013,65,White,Female,Yes,16,H21,No_Label,1
P013,65,White,Female,Yes,17,H14,Established_Outlet,1
P013,65,White,Female,Yes,18,H21,Fact_Check_Flag,1
P013,65,White,Female,Yes,19,H04,Fact_Check_Flag,0
P013,65,White,Female,Yes,20,H12,Established_Outlet,1
P013,65,White,Female,Yes,21,H17,Established_Outlet,0
P013,65,White,Female,Yes,22,H06,No_Label,1
P013,65,White,Female,Yes,23,H03,Fact_Check_Flag,0
P013,65,White,Female,Yes,24,H17,No_Label,0
P013,65,White,Female,Yes,25,H28,No_Label,0
P013,65,White,Female,Yes,26,H16,Fact_Check_Flag,0
P013,65,White,Female,Yes,27,H06,Established_Outlet,1
P013,65,White,Female,Yes,28,H29,No_Label,0
P013,65,White,Female,Yes,29,H09,Fact_Check_Flag,1
P013,65,White,Female,Yes,30,H17,Fact_Check_Flag,0
P013,65,White,Female,Yes,31,H30,No_Label,1
P013,65,White,Female,Yes,32,H01,Fact_Check_Flag,0
P013,65,White,Female,Yes,33,H04,Established_Outlet,1
P013,65,White,Female,Yes,34,H14,Fact_Check_Flag,0
P013,65,White,Female,Yes,35,H12,Fact_Check_Flag,0
P013,65,White,Female,Yes,36,H13,Fact_Check_Flag,0
P013,65,White,Female,Yes,37,H18,Established_Outlet,0
P013,65,White,Female,Yes,38,H29,Established_Outlet,1
P013,65,White,Female,Yes,39,H26,No_Label,0
P013,65,White,Female,Yes,40,H13,No_Label,1
P013,65,White,Female,Yes,41,H11,No_Label,1
P013,65,White,Female,Yes,42,H09,Established_Outlet,1
P013,65,White,Female,Yes,43,H14,No_Label,1
P013,65,White,Female,Yes,44,H08,Established_Outlet,1
P013,65,White,Female,Yes,45,H05,No_Label,1
P013,65,White,Female,Yes,46,H16,Established_Outlet,0
P013,65,White,Female,Yes,47,H30,Fact_Check_Flag,0
P013,65,White,Female,Yes,48,H02,No_Label,1
P013,65,White,Female,Yes,49,H25,No_Label,0
P013,65,White,Female,Yes,50,H27,No_Label,1
P013,65,White,Female,Yes,51,H20,Fact_Check_Flag,0
P013,65,White,Female,Yes,52,H31,No_Label,1
P013,65,White,Female,Yes,53,H05,Established_Outlet,1
P013,65,White,Female,Yes,54,H08,No_Label,1
P013,65,White,Female,Yes,55,H20,Established_Outlet,1
P013,65,White,Female,Yes,56,H10,Fact_Check_Flag,0
P013,65,White,Female,Yes,57,H22,Fact_Check_Flag,1
P013,65,White,Female,Yes,58,H23,No_Label,1
P013,65,White,Female,Yes,59,H23,Established_Outlet,1
P013,65,White,Female,Yes,60,H28,Fact_Check_Flag,0
P013,65,White,Female,Yes,61,H02,Established_Outlet,1
P013,65,White,Female,Yes,62,H07,Established_Outlet,1
P013,65,White,Female,Yes,63,H15,No_Label,1
P013,65,White,Female,Yes,64,H25,Established_Outlet,1
P013,65,White,Female,Yes,65,H23,Fact_Check_Flag,0
P013,65,White,Female,Yes,66,H27,Fact_Check_Flag,1
P013,65,White,Female,Yes,67,H27,Established_Outlet,1
P013,65,White,Female,Yes,68,H19,No_Label,0
P013,65,White,Female,Yes,69,H03,Established_Outlet,1
P013,65,White,Female,Yes,70,H01,Established_Outlet,1
P013,65,White,Female,Yes,71,H21,Established_Outlet,1
P013,65,White,Female,Yes,72,H04,No_Label,1
P013,65,White,Female,Yes,73,H10,No_Label,1
P013,65,White,Female,Yes,74,H08,Fact_Check_Flag,0
P013,65,White,Female,Yes,75,H30,Established_Outlet,1
P013,65,White,Female,Yes,76,H16,No_Label,1
P013,65,White,Female,Yes,77,H20,No_Label,0
P013,65,White,Female,Yes,78,H24,Fact_Check_Flag,1
P013,65,White,Female,Yes,79,H07,No_Label,0
P013,65,White,Female,Yes,80,H12,No_Label,1
P013,65,White,Female,Yes,81,H32,Fact_Check_Flag,0
P013,65,White,Female,Yes,82,H31,Established_Outlet,1
P013,65,White,Female,Yes,83,H22,Established_Outlet,1
P013,65,White,Female,Yes,84,H05,Fact_Check_Flag,1
P013,65,White,Female,Yes,85,H11,Established_Outlet,1
P013,65,White,Female,Yes,86,H18,No_Label,0
P013,65,White,Female,Yes,87,H02,Fact_Check_Flag,0
P013,65,White,Female,Yes,88,H15,Fact_Check_Flag,1
P013,65,White,Female,Yes,89,H31,Fact_Check_Flag,0
P013,65,White,Female,Yes,90,H32,Established_Outlet,0
P013,65,White,Female,Yes,91,H26,Established_Outlet,1
P013,65,White,Female,Yes,92,H01,No_Label,1
P013,65,White,Female,Yes,93,H07,Fact_Check_Flag,0
P013,65,White,Female,Yes,94,H26,Fact_Check_Flag,0
P013,65,White,Female,Yes,95,H11,Fact_Check_Flag,1
P013,65,White,Female,Yes,96,H25,Fact_Check_Flag,0
P014,50,Hispanic or Latino,Female,Yes,1,H07,Fact_Check_Flag,0
P014,50,Hispanic or Latino,Female,Yes,2,H06,No_Label,0
P014,50,Hispanic or Latino,Female,Yes,3,H02,No_Label,0
P014,50,Hispanic or Latino,Female,Yes,4,H14,No_Label,0
P014,50,Hispanic or Latino,Female,Yes,5,H09,Established_Outlet,1
P014,50,Hispanic or Latino,Female,Yes,6,H16,Established_Outlet,0
P014,50,Hispanic or Latino,Female,Yes,7,H15,Fact_Check_Flag,0
P014,50,Hispanic or Latino,Female,Yes,8,H19,Fact_Check_Flag,1
P014,50,Hispanic or Latino,Female,Yes,9,H28,Established_Outlet,0
P014,50,Hispanic or Latino,Female,Yes,10,H10,Established_Outlet,1
P014,50,Hispanic or Latino,Female,Yes,11,H03,Fact_Check_Flag,0
P014,50,Hispanic or Latino,Female,Yes,12,H10,Fact_Check_Flag,0
P014,50,Hispanic or Latino,Female,Yes,13,H27,Established_Outlet,1
P014,50,Hispanic or Latino,Female,Yes,14,H13,No_Label,0
P014,50,Hispanic or Latino,Female,Yes,15,H24,No_Label,1
P014,50,Hispanic or Latino,Female,Yes,16,H04,Established_Outlet,0
P014,50,Hispanic or Latino,Female,Yes,17,H12,No_Label,1
P014,50,Hispanic or Latino,Female,Yes,18,H24,Fact_Check_Flag,0
P014,50,Hispanic or Latino,Female,Yes,19,H08,Fact_Check_Flag,0
P014,50,Hispanic or Latino,Female,Yes,20,H31,No_Label,1
P014,50,Hispanic or Latino,Female,Yes,21,H04,Fact_Check_Flag,0
P014,50,Hispanic or Latino,Female,Yes,22,H32,Established_Outlet,0
P014,50,Hispanic or Latino,Female,Yes,23,H11,Fact_Check_Flag,0
P014,50,Hispanic or Latino,Female,Yes,24,H19,Established_Outlet,1
P014,50,Hispanic or Latino,Female,Yes,25,H31,Established_Outlet,1
P014,50,Hispanic or Latino,Female,Yes,26,H23,No_Label,0
P014,50,Hispanic or Latino,Female,Yes,27,H28,Fact_Check_Flag,0
P014,50,Hispanic or Latino,Female,Yes,28,H30,No_Label,1
P014,50,Hispanic or Latino,Female,Yes,29,H23,Established_Outlet,1
P014,50,Hispanic or Latino,Female,Yes,30,H02,Established_Outlet,0
P014,50,Hispanic or Latino,Female,Yes,31,H09,Fact_Check_Flag,0
P014,50,Hispanic or Latino,Female,Yes,32,H04,No_Label,0
P014,50,Hispanic or Latino,Female,Yes,33,H18,Established_Outlet,1
P014,50,Hispanic or Latino,Female,Yes,34,H02,Fact_Check_Flag,0
P014,50,Hispanic or Latino,Female,Yes,35,H21,Established_Outlet,1
P014,50,Hispanic or Latino,Female,Yes,36,H26,Fact_Check_Flag,0
P014,50,Hispanic or Latino,Female,Yes,37,H25,No_Label,0
P014,50,Hispanic or Latino,Female,Yes,38,H05,Fact_Check_Flag,0
P014,50,Hispanic or Latino,Female,Yes,39,H08,No_Label,0
P014,50,Hispanic or Latino,Female,Yes,40,H21,Fact_Check_Flag,1
P014,50,Hispanic or Latino,Female,Yes,41,H19,No_Label,0
P014,50,Hispanic or Latino,Female,Yes,42,H22,No_Label,1
P014,50,Hispanic or Latino,Female,Yes,43,H06,Fact_Check_Flag,0
P014,50,Hispanic or Latino,Female,Yes,44,H01,Fact_Check_Flag,1
P014,50,Hispanic or Latino,Female,Yes,45,H18,No_Label,1
P014,50,Hispanic or Latino,Female,Yes,46,H11,Established_Outlet,1
P014,50,Hispanic or Latino,Female,Yes,47,H30,Fact_Check_Flag,0
P014,50,Hispanic or Latino,Female,Yes,48,H21,No_Label,1
P014,50,Hispanic or Latino,Female,Yes,49,H22,Fact_Check_Flag,1
P014,50,Hispanic or Latino,Female,Yes,50,H17,No_Label,0
P014,50,Hispanic or Latino,Female,Yes,51,H09,No_Label,1
P014,50,Hispanic or Latino,Female,Yes,52,H14,Fact_Check_Flag,1
P014,50,Hispanic or Latino,Female,Yes,53,H05,No_Label,1
P014,50,Hispanic or Latino,Female,Yes,54,H15,No_Label,1
P014,50,Hispanic or Latino,Female,Yes,55,H05,Established_Outlet,1
P014,50,Hispanic or Latino,Female,Yes,56,H22,Established_Outlet,1
P014,50,Hispanic or Latino,Female,Yes,57,H26,No_Label,1
P014,50,Hispanic or Latino,Female,Yes,58,H07,Established_Outlet,1
P014,50,Hispanic or Latino,Female,Yes,59,H13,Fact_Check_Flag,0
P014,50,Hispanic or Latino,Female,Yes,60,H27,Fact_Check_Flag,0
P014,50,Hispanic or Latino,Female,Yes,61,H29,Established_Outlet,0
P014,50,Hispanic or Latino,Female,Yes,62,H17,Fact_Check_Flag,0
P014,50,Hispanic or Latino,Female,Yes,63,H20,Established_Outlet,1
P014,50,Hispanic or Latino,Female,Yes,64,H25,Fact_Check_Flag,0
P014,50,Hispanic or Latino,Female,Yes,65,H30,Established_Outlet,1
P014,50,Hispanic or Latino,Female,Yes,66,H13,Established_Outlet,1
P014,50,Hispanic or Latino,Female,Yes,67,H27,No_Label,1
P014,50,Hispanic or Latino,Female,Yes,68,H12,Fact_Check_Flag,0
P014,50,Hispanic or Latino,Female,Yes,69,H15,Established_Outlet,1
P014,50,Hispanic or Latino,Female,Yes,70,H26,Established_Outlet,1
P014,50,Hispanic or Latino,Female,Yes,71,H29,Fact_Check_Flag,0
P014,50,Hispanic or Latino,Female,Yes,72,H25,Established_Outlet,0
P014,50,Hispanic or Latino,Female,Yes,73,H01,Established_Outlet,1
P014,50,Hispanic or Latino,Female,Yes,74,H17,Established_Outlet,0
P014,50,Hispanic or Latino,Female,Yes,75,H24,Established_Outlet,0
P014,50,Hispanic or Latino,Female,Yes,76,H03,No_Label,1
P014,50,Hispanic or Latino,Female,Yes,77,H16,Fact_Check_Flag,1
P014,50,Hispanic or Latino,Female,Yes,78,H11,No_Label,1
P014,50,Hispanic or Latino,Female,Yes,79,H29,No_Label,0
P014,50,Hispanic or Latino,Female,Yes,80,H06,Established_Outlet,1
P014,50,Hispanic or Latino,Female,Yes,81,H16,No_Label,0
P014,50,Hispanic or Latino,Female,Yes,82,H14,Established_Outlet,1
P014,50,Hispanic or Latino,Female,Yes,83,H20,Fact_Check_Flag,0
P014,50,Hispanic or Latino,Female,Yes,84,H31,Fact_Check_Flag,1
P014,50,Hispanic or Latino,Female,Yes,85,H03,Established_Outlet,1
P014,50,Hispanic or Latino,Female,Yes,86,H12,Established_Outlet,1
P014,50,Hispanic or Latino,Female,Yes,87,H32,Fact_Check_Flag,0
P014,50,Hispanic or Latino,Female,Yes,88,H23,Fact_Check_Flag,0
P014,50,Hispanic or Latino,Female,Yes,89,H20,No_Label,0
P014,50,Hispanic or Latino,Female,Yes,90,H07,No_Label,0
P014,50,Hispanic or Latino,Female,Yes,91,H28,No_Label,1
P014,50,Hispanic or Latino,Female,Yes,92,H10,No_Label,1
P014,50,Hispanic or Latino,Female,Yes,93,H32,No_Label,0
P014,50,Hispanic or Latino,Female,Yes,94,H08,Established_Outlet,0
P014,50,Hispanic or Latino,Female,Yes,95,H01,No_Label,1
P014,50,Hispanic or Latino,Female,Yes,96,H18,Fact_Check_Flag,0
P015,59,Hispanic or Latino,Female,Yes,1,H32,No_Label,1
P015,59,Hispanic or Latino,Female,Yes,2,H19,Fact_Check_Flag,1
P015,59,Hispanic or Latino,Female,Yes,3,H16,Established_Outlet,0
P015,59,Hispanic or Latino,Female,Yes,4,H20,Established_Outlet,1
P015,59,Hispanic or Latino,Female,Yes,5,H06,Fact_Check_Flag,0
P015,59,Hispanic or Latino,Female,Yes,6,H15,No_Label,1
P015,59,Hispanic or Latino,Female,Yes,7,H13,Established_Outlet,1
P015,59,Hispanic or Latino,Female,Yes,8,H30,Fact_Check_Flag,0
P015,59,Hispanic or Latino,Female,Yes,9,H28,Fact_Check_Flag,0
P015,59,Hispanic or Latino,Female,Yes,10,H25,No_Label,1
P015,59,Hispanic or Latino,Female,Yes,11,H03,No_Label,0
P015,59,Hispanic or Latino,Female,Yes,12,H29,No_Label,0
P015,59,Hispanic or Latino,Female,Yes,13,H29,Fact_Check_Flag,0
P015,59,Hispanic or Latino,Female,Yes,14,H16,No_Label,0
P015,59,Hispanic or Latino,Female,Yes,15,H09,Established_Outlet,1
P015,59,Hispanic or Latino,Female,Yes,16,H10,No_Label,0
P015,59,Hispanic or Latino,Female,Yes,17,H31,Fact_Check_Flag,0
P015,59,Hispanic or Latino,Female,Yes,18,H31,No_Label,1
P015,59,Hispanic or Latino,Female,Yes,19,H09,No_Label,1
P015,59,Hispanic or Latino,Female,Yes,20,H29,Established_Outlet,0
P015,59,Hispanic or Latino,Female,Yes,21,H27,No_Label,1
P015,59,Hispanic or Latino,Female,Yes,22,H21,Fact_Check_Flag,0
P015,59,Hispanic or Latino,Female,Yes,23,H08,No_Label,1
P015,59,Hispanic or Latino,Female,Yes,24,H03,Established_Outlet,1
P015,59,Hispanic or Latino,Female,Yes,25,H03,Fact_Check_Flag,0
P015,59,Hispanic or Latino,Female,Yes,26,H26,Fact_Check_Flag,0
P015,59,Hispanic or Latino,Female,Yes,27,H23,No_Label,1
P015,59,Hispanic or Latino,Female,Yes,28,H24,No_Label,0
P015,59,Hispanic or Latino,Female,Yes,29,H32,Established_Outlet,1
P015,59,Hispanic or Latino,Female,Yes,30,H02,No_Label,0
P015,59,Hispanic or Latino,Female,Yes,31,H11,Fact_Check_Flag,0
P015,59,Hispanic or Latino,Female,Yes,32,H25,Established_Outlet,1
P015,59,Hispanic or Latino,Female,Yes,33,H13,No_Label,1
P015,59,Hispanic or Latino,Female,Yes,34,H17,Established_Outlet,1
P015,59,Hispanic or Latino,Female,Yes,35,H27,Fact_Check_Flag,1
P015,59,Hispanic or Latino,Female,Yes,36,H04,Established_Outlet,1
P015,59,Hispanic or Latino,Female,Yes,37,H15,Fact_Check_Flag,1
P015,59,Hispanic or Latino,Female,Yes,38,H12,Fact_Check_Flag,1
P015,59,Hispanic or Latino,Female,Yes,39,H15,Established_Outlet,1
P015,59,Hispanic or Latino,Female,Yes,40,H27,Established_Outlet,1
P015,59,Hispanic or Latino,Female,Yes,41,H11,No_Label,1
P015,59,Hispanic or Latino,Female,Yes,42,H01,Established_Outlet,1
P015,59,Hispanic or Latino,Female,Yes,43,H08,Fact_Check_Flag,1
P015,59,Hispanic or Latino,Female,Yes,44,H19,No_Label,1
P015,59,Hispanic or Latino,Female,Yes,45,H07,No_Label,1
P015,59,Hispanic or Latino,Female,Yes,46,H28,No_Label,1
P015,59,Hispanic or Latino,Female,Yes,47,H04,No_Label,1
P015,59,Hispanic or Latino,Female,Yes,48,H31,Established_Outlet,0
P015,59,Hispanic or Latino,Female,Yes,49,H28,Established_Outlet,1
P015,59,Hispanic or Latino,Female,Yes,50,H20,No_Label,1
P015,59,Hispanic or Latino,Female,Yes,51,H30,No_Label,1
P015,59,Hispanic or Latino,Female,Yes,52,H24,Fact_Check_Flag,0
P015,59,Hispanic or Latino,Female,Yes,53,H07,Established_Outlet,1
P015,59,Hispanic or Latino,Female,Yes,54,H01,Fact_Check_Flag,0
P015,59,Hispanic or Latino,Female,Yes,55,H22,Fact_Check_Flag,0
P015,59,Hispanic or Latino,Female,Yes,56,H13,Fact_Check_Flag,0
P015,59,Hispanic or Latino,Female,Yes,57,H21,Established_Outlet,1
P015,59,Hispanic or Latino,Female,Yes,58,H09,Fact_Check_Flag,1
P015,59,Hispanic or Latino,Female,Yes,59,H23,Established_Outlet,1
P015,59,Hispanic or Latino,Female,Yes,60,H05,Established_Outlet,1
P015,59,Hispanic or Latino,Female,Yes,61,H10,Established_Outlet,0
P015,59,Hispanic or Latino,Female,Yes,62,H14,Established_Outlet,1
P015,59,Hispanic or Latino,Female,Yes,63,H14,Fact_Check_Flag,0
P015,59,Hispanic or Latino,Female,Yes,64,H11,Established_Outlet,1
P015,59,Hispanic or Latino,Female,Yes,65,H12,No_Label,1
P015,59,Hispanic or Latino,Female,Yes,66,H26,No_Label,1
P015,59,Hispanic or Latino,Female,Yes,67,H16,Fact_Check_Flag,0
P015,59,Hispanic or Latino,Female,Yes,68,H22,No_Label,1
P015,59,Hispanic or Latino,Female,Yes,69,H02,Established_Outlet,0
P015,59,Hispanic or Latino,Female,Yes,70,H32,Fact_Check_Flag,0
P015,59,Hispanic or Latino,Female,Yes,71,H05,No_Label,1
P015,59,Hispanic or Latino,Female,Yes,72,H24,Established_Outlet,0
P015,59,Hispanic or Latino,Female,Yes,73,H14,No_Label,1
P015,59,Hispanic or Latino,Female,Yes,74,H12,Established_Outlet,1
P015,59,Hispanic or Latino,Female,Yes,75,H06,No_Label,1
P015,59,Hispanic or Latino,Female,Yes,76,H06,Established_Outlet,1
P015,59,Hispanic or Latino,Female,Yes,77,H18,No_Label,0
P015,59,Hispanic or Latino,Female,Yes,78,H26,Established_Outlet,0
P015,59,Hispanic or Latino,Female,Yes,79,H05,Fact_Check_Flag,1
P015,59,Hispanic or Latino,Female,Yes,80,H01,No_Label,1
P015,59,Hispanic or Latino,Female,Yes,81,H19,Established_Outlet,1
P015,59,Hispanic or Latino,Female,Yes,82,H17,Fact_Check_Flag,0
P015,59,Hispanic or Latino,Female,Yes,83,H25,Fact_Check_Flag,0
P015,59,Hispanic or Latino,Female,Yes,84,H17,No_Label,1
P015,59,Hispanic or Latino,Female,Yes,85,H18,Established_Outlet,1
P015,59,Hispanic or Latino,Female,Yes,86,H02,Fact_Check_Flag,0
P015,59,Hispanic or Latino,Female,Yes,87,H22,Established_Outlet,1
P015,59,Hispanic or Latino,Female,Yes,88,H04,Fact_Check_Flag,1
P015,59,Hispanic or Latino,Female,Yes,89,H07,Fact_Check_Flag,0
P015,59,Hispanic or Latino,Female,Yes,90,H08,Established_Outlet,1
P015,59,Hispanic or Latino,Female,Yes,91,H18,Fact_Check_Flag,0
P015,59,Hispanic or Latino,Female,Yes,92,H20,Fact_Check_Flag,0
P015,59,Hispanic or Latino,Female,Yes,93,H10,Fact_Check_Flag,0
P015,59,Hispanic or Latino,Female,Yes,94,H23,Fact_Check_Flag,1
P015,59,Hispanic or Latino,Female,Yes,95,H30,Established_Outlet,1
P015,59,Hispanic or Latino,Female,Yes,96,H21,No_Label,1
P016,32,Hispanic or Latino,Male,No,1,H25,Fact_Check_Flag,0
P016,32,Hispanic or Latino,Male,No,2,H26,No_Label,1
P016,32,Hispanic or Latino,Male,No,3,H20,Fact_Check_Flag,0
P016,32,Hispanic or Latino,Male,No,4,H16,Fact_Check_Flag,0
P016,32,Hispanic or Latino,Male,No,5,H22,No_Label,1
P016,32,Hispanic or Latino,Male,No,6,H01,No_Label,0
P016,32,Hispanic or Latino,Male,No,7,H21,Established_Outlet,1
P016,32,Hispanic or Latino,Male,No,8,H27,Established_Outlet,1
P016,32,Hispanic or Latino,Male,No,9,H23,Established_Outlet,0
P016,32,Hispanic or Latino,Male,No,10,H18,Established_Outlet,0
P016,32,Hispanic or Latino,Male,No,11,H23,Fact_Check_Flag,0
P016,32,Hispanic or Latino,Male,No,12,H07,No_Label,0
P016,32,Hispanic or Latino,Male,No,13,H27,No_Label,0
P016,32,Hispanic or Latino,Male,No,14,H12,Fact_Check_Flag,0
P016,32,Hispanic or Latino,Male,No,15,H16,Established_Outlet,0
P016,32,Hispanic or Latino,Male,No,16,H24,No_Label,0
P016,32,Hispanic or Latino,Male,No,17,H19,Established_Outlet,0
P016,32,Hispanic or Latino,Male,No,18,H32,Established_Outlet,0
P016,32,Hispanic or Latino,Male,No,19,H31,No_Label,1
P016,32,Hispanic or Latino,Male,No,20,H04,Fact_Check_Flag,1
P016,32,Hispanic or Latino,Male,No,21,H11,No_Label,0
P016,32,Hispanic or Latino,Male,No,22,H25,Established_Outlet,0
P016,32,Hispanic or Latino,Male,No,23,H08,No_Label,0
P016,32,Hispanic or Latino,Male,No,24,H10,Established_Outlet,1
P016,32,Hispanic or Latino,Male,No,25,H29,Established_Outlet,0
P016,32,Hispanic or Latino,Male,No,26,H14,Fact_Check_Flag,0
P016,32,Hispanic or Latino,Male,No,27,H01,Fact_Check_Flag,0
P016,32,Hispanic or Latino,Male,No,28,H04,Established_Outlet,1
P016,32,Hispanic or Latino,Male,No,29,H28,Established_Outlet,0
P016,32,Hispanic or Latino,Male,No,30,H20,Established_Outlet,0
P016,32,Hispanic or Latino,Male,No,31,H20,No_Label,0
P016,32,Hispanic or Latino,Male,No,32,H15,No_Label,1
P016,32,Hispanic or Latino,Male,No,33,H02,No_Label,0
P016,32,Hispanic or Latino,Male,No,34,H22,Fact_Check_Flag,0
P016,32,Hispanic or Latino,Male,No,35,H02,Fact_Check_Flag,0
P016,32,Hispanic or Latino,Male,No,36,H29,Fact_Check_Flag,0
P016,32,Hispanic or Latino,Male,No,37,H14,No_Label,1
P016,32,Hispanic or Latino,Male,No,38,H04,No_Label,0
P016,32,Hispanic or Latino,Male,No,39,H05,Established_Outlet,0
P016,32,Hispanic or Latino,Male,No,40,H03,Fact_Check_Flag,0
P016,32,Hispanic or Latino,Male,No,41,H10,Fact_Check_Flag,0
P016,32,Hispanic or Latino,Male,No,42,H05,No_Label,0
P016,32,Hispanic or Latino,Male,No,43,H13,Fact_Check_Flag,0
P016,32,Hispanic or Latino,Male,No,44,H09,Fact_Check_Flag,1
P016,32,Hispanic or Latino,Male,No,45,H15,Established_Outlet,1
P016,32,Hispanic or Latino,Male,No,46,H31,Established_Outlet,1
P016,32,Hispanic or Latino,Male,No,47,H25,No_Label,0
P016,32,Hispanic or Latino,Male,No,48,H23,No_Label,0
P016,32,Hispanic or Latino,Male,No,49,H14,Established_Outlet,1
P016,32,Hispanic or Latino,Male,No,50,H21,Fact_Check_Flag,1
P016,32,Hispanic or Latino,Male,No,51,H06,Fact_Check_Flag,0
P016,32,Hispanic or Latino,Male,No,52,H16,No_Label,0
P016,32,Hispanic or Latino,Male,No,53,H28,Fact_Check_Flag,0
P016,32,Hispanic or Latino,Male,No,54,H21,No_Label,1
P016,32,Hispanic or Latino,Male,No,55,H03,No_Label,0
P016,32,Hispanic or Latino,Male,No,56,H11,Fact_Check_Flag,1
P016,32,Hispanic or Latino,Male,No,57,H15,Fact_Check_Flag,0
P016,32,Hispanic or Latino,Male,No,58,H06,Established_Outlet,0
P016,32,Hispanic or Latino,Male,No,59,H08,Established_Outlet,0
P016,32,Hispanic or Latino,Male,No,60,H30,Established_Outlet,1
P016,32,Hispanic or Latino,Male,No,61,H29,No_Label,0
P016,32,Hispanic or Latino,Male,No,62,H17,No_Label,0
P016,32,Hispanic or Latino,Male,No,63,H13,No_Label,1
P016,32,Hispanic or Latino,Male,No,64,H07,Established_Outlet,0
P016,32,Hispanic or Latino,Male,No,65,H32,Fact_Check_Flag,0
P016,32,Hispanic or Latino,Male,No,66,H07,Fact_Check_Flag,0
P016,32,Hispanic or Latino,Male,No,67,H18,No_Label,0
P016,32,Hispanic or Latino,Male,No,68,H05,Fact_Check_Flag,1
P016,32,Hispanic or Latino,Male,No,69,H24,Fact_Check_Flag,0
P016,32,Hispanic or Latino,Male,No,70,H12,No_Label,1
P016,32,Hispanic or Latino,Male,No,71,H24,Established_Outlet,0
P016,32,Hispanic or Latino,Male,No,72,H01,Established_Outlet,0
P016,32,Hispanic or Latino,Male,No,73,H31,Fact_Check_Flag,0
P016,32,Hispanic or Latino,Male,No,74,H26,Fact_Check_Flag,1
P016,32,Hispanic or Latino,Male,No,75,H09,Established_Outlet,1
P016,32,Hispanic or Latino,Male,No,76,H27,Fact_Check_Flag,0
P016,32,Hispanic or Latino,Male,No,77,H03,Established_Outlet,0
P016,32,Hispanic or Latino,Male,No,78,H08,Fact_Check_Flag,0
P016,32,Hispanic or Latino,Male,No,79,H17,Established_Outlet,0
P016,32,Hispanic or Latino,Male,No,80,H12,Established_Outlet,1
P016,32,Hispanic or Latino,Male,No,81,H09,No_Label,0
P016,32,Hispanic or Latino,Male,No,82,H19,No_Label,1
P016,32,Hispanic or Latino,Male,No,83,H19,Fact_Check_Flag,0
P016,32,Hispanic or Latino,Male,No,84,H26,Established_Outlet,1
P016,32,Hispanic or Latino,Male,No,85,H30,Fact_Check_Flag,0
P016,32,Hispanic or Latino,Male,No,86,H02,Established_Outlet,1
P016,32,Hispanic or Latino,Male,No,87,H10,No_Label,0
P016,32,Hispanic or Latino,Male,No,88,H11,Established_Outlet,0
P016,32,Hispanic or Latino,Male,No,89,H06,No_Label,0
P016,32,Hispanic or Latino,Male,No,90,H28,No_Label,0
P016,32,Hispanic or Latino,Male,No,91,H32,No_Label,0
P016,32,Hispanic or Latino,Male,No,92,H22,Established_Outlet,1
P016,32,Hispanic or Latino,Male,No,93,H17,Fact_Check_Flag,0
P016,32,Hispanic or Latino,Male,No,94,H13,Established_Outlet,0
P016,32,Hispanic or Latino,Male,No,95,H30,No_Label,0
P016,32,Hispanic or Latino,Male,No,96,H18,Fact_Check_Flag,0
P017,27,Hispanic or Latino,Female,Yes,1,H27,No_Label,0
P017,27,Hispanic or Latino,Female,Yes,2,H10,No_Label,0
P017,27,Hispanic or Latino,Female,Yes,3,H29,Fact_Check_Flag,0
P017,27,Hispanic or Latino,Female,Yes,4,H27,Fact_Check_Flag,0
P017,27,Hispanic or Latino,Female,Yes,5,H18,No_Label,0
P017,27,Hispanic or Latino,Female,Yes,6,H03,Established_Outlet,1
P017,27,Hispanic or Latino,Female,Yes,7,H09,Established_Outlet,1
P017,27,Hispanic or Latino,Female,Yes,8,H08,No_Label,1
P017,27,Hispanic or Latino,Female,Yes,9,H13,Fact_Check_Flag,0
P017,27,Hispanic or Latino,Female,Yes,10,H32,No_Label,0
P017,27,Hispanic or Latino,Female,Yes,11,H21,No_Label,1
P017,27,Hispanic or Latino,Female,Yes,12,H14,No_Label,1
P017,27,Hispanic or Latino,Female,Yes,13,H07,No_Label,0
P017,27,Hispanic or Latino,Female,Yes,14,H31,Established_Outlet,1
P017,27,Hispanic or Latino,Female,Yes,15,H16,No_Label,0
P017,27,Hispanic or Latino,Female,Yes,16,H20,Established_Outlet,1
P017,27,Hispanic or Latino,Female,Yes,17,H16,Established_Outlet,0
P017,27,Hispanic or Latino,Female,Yes,18,H19,No_Label,0
P017,27,Hispanic or Latino,Female,Yes,19,H09,No_Label,1
P017,27,Hispanic or Latino,Female,Yes,20,H21,Fact_Check_Flag,1
P017,27,Hispanic or Latino,Female,Yes,21,H04,No_Label,0
P017,27,Hispanic or Latino,Female,Yes,22,H14,Fact_Check_Flag,0
P017,27,Hispanic or Latino,Female,Yes,23,H24,Established_Outlet,0
P017,27,Hispanic or Latino,Female,Yes,24,H26,No_Label,0
P017,27,Hispanic or Latino,Female,Yes,25,H10,Established_Outlet,1
P017,27,Hispanic or Latino,Female,Yes,26,H22,Fact_Check_Flag,1
P017,27,Hispanic or Latino,Female,Yes,27,H08,Fact_Check_Flag,0
P017,27,Hispanic or Latino,Female,Yes,28,H29,No_Label,0
P017,27,Hispanic or Latino,Female,Yes,29,H30,No_Label,1
P017,27,Hispanic or Latino,Female,Yes,30,H11,Fact_Check_Flag,0
P017,27,Hispanic or Latino,Female,Yes,31,H03,No_Label,1
P017,27,Hispanic or Latino,Female,Yes,32,H06,No_Label,1
P017,27,Hispanic or Latino,Female,Yes,33,H04,Fact_Check_Flag,0
P017,27,Hispanic or Latino,Female,Yes,34,H13,No_Label,0
P017,27,Hispanic or Latino,Female,Yes,35,H20,No_Label,1
P017,27,Hispanic or Latino,Female,Yes,36,H28,Fact_Check_Flag,0
P017,27,Hispanic or Latino,Female,Yes,37,H25,Established_Outlet,1
P017,27,Hispanic or Latino,Female,Yes,38,H04,Established_Outlet,0
P017,27,Hispanic or Latino,Female,Yes,39,H15,Established_Outlet,1
P017,27,Hispanic or Latino,Female,Yes,40,H24,Fact_Check_Flag,0
P017,27,Hispanic or Latino,Female,Yes,41,H21,Established_Outlet,1
P017,27,Hispanic or Latino,Female,Yes,42,H19,Established_Outlet,0
P017,27,Hispanic or Latino,Female,Yes,43,H31,Fact_Check_Flag,0
P017,27,Hispanic or Latino,Female,Yes,44,H28,No_Label,1
P017,27,Hispanic or Latino,Female,Yes,45,H30,Fact_Check_Flag,1
P017,27,Hispanic or Latino,Female,Yes,46,H23,No_Label,0
P017,27,Hispanic or Latino,Female,Yes,47,H26,Fact_Check_Flag,0
P017,27,Hispanic or Latino,Female,Yes,48,H11,Established_Outlet,0
P017,27,Hispanic or Latino,Female,Yes,49,H32,Established_Outlet,0
P017,27,Hispanic or Latino,Female,Yes,50,H03,Fact_Check_Flag,1
P017,27,Hispanic or Latino,Female,Yes,51,H01,No_Label,1
P017,27,Hispanic or Latino,Female,Yes,52,H32,Fact_Check_Flag,0
P017,27,Hispanic or Latino,Female,Yes,53,H18,Fact_Check_Flag,0
P017,27,Hispanic or Latino,Female,Yes,54,H06,Established_Outlet,0
P017,27,Hispanic or Latino,Female,Yes,55,H16,Fact_Check_Flag,0
P017,27,Hispanic or Latino,Female,Yes,56,H23,Fact_Check_Flag,0
P017,27,Hispanic or Latino,Female,Yes,57,H10,Fact_Check_Flag,0
P017,27,Hispanic or Latino,Female,Yes,58,H07,Fact_Check_Flag,0
P017,27,Hispanic or Latino,Female,Yes,59,H09,Fact_Check_Flag,0
P017,27,Hispanic or Latino,Female,Yes,60,H12,Established_Outlet,1
P017,27,Hispanic or Latino,Female,Yes,61,H22,Established_Outlet,0
P017,27,Hispanic or Latino,Female,Yes,62,H05,No_Label,0
P017,27,Hispanic or Latino,Female,Yes,63,H12,Fact_Check_Flag,0
P017,27,Hispanic or Latino,Female,Yes,64,H25,No_Label,0
P017,27,Hispanic or Latino,Female,Yes,65,H14,Established_Outlet,0
P017,27,Hispanic or Latino,Female,Yes,66,H19,Fact_Check_Flag,0
P017,27,Hispanic or Latino,Female,Yes,67,H20,Fact_Check_Flag,0
P017,27,Hispanic or Latino,Female,Yes,68,H02,Established_Outlet,0
P017,27,Hispanic or Latino,Female,Yes,69,H02,Fact_Check_Flag,0
P017,27,Hispanic or Latino,Female,Yes,70,H23,Established_Outlet,1
P017,27,Hispanic or Latino,Female,Yes,71,H02,No_Label,0
P017,27,Hispanic or Latino,Female,Yes,72,H15,Fact_Check_Flag,0
P017,27,Hispanic or Latino,Female,Yes,73,H05,Established_Outlet,1
P017,27,Hispanic or Latino,Female,Yes,74,H18,Established_Outlet,0
P017,27,Hispanic or Latino,Female,Yes,75,H01,Fact_Check_Flag,0
P017,27,Hispanic or Latino,Female,Yes,76,H17,Fact_Check_Flag,0
P017,27,Hispanic or Latino,Female,Yes,77,H12,No_Label,0
P017,27,Hispanic or Latino,Female,Yes,78,H07,Established_Outlet,0
P017,27,Hispanic or Latino,Female,Yes,79,H17,Established_Outlet,1
P017,27,Hispanic or Latino,Female,Yes,80,H08,Established_Outlet,1
P017,27,Hispanic or Latino,Female,Yes,81,H01,Established_Outlet,1
P017,27,Hispanic or Latino,Female,Yes,82,H30,Established_Outlet,1
P017,27,Hispanic or Latino,Female,Yes,83,H06,Fact_Check_Flag,0
P017,27,Hispanic or Latino,Female,Yes,84,H05,Fact_Check_Flag,0
P017,27,Hispanic or Latino,Female,Yes,85,H27,Established_Outlet,0
P017,27,Hispanic or Latino,Female,Yes,86,H24,No_Label,0
P017,27,Hispanic or Latino,Female,Yes,87,H11,No_Label,0
P017,27,Hispanic or Latino,Female,Yes,88,H22,No_Label,0
P017,27,Hispanic or Latino,Female,Yes,89,H29,Established_Outlet,0
P017,27,Hispanic or Latino,Female,Yes,90,H31,No_Label,1
P017,27,Hispanic or Latino,Female,Yes,91,H28,Established_Outlet,0
P017,27,Hispanic or Latino,Female,Yes,92,H25,Fact_Check_Flag,0
P017,27,Hispanic or Latino,Female,Yes,93,H17,No_Label,1
P017,27,Hispanic or Latino,Female,Yes,94,H15,No_Label,0
P017,27,Hispanic or Latino,Female,Yes,95,H13,Established_Outlet,1
P017,27,Hispanic or Latino,Female,Yes,96,H26,Established_Outlet,1
P018,18,Asian,Male,No,1,H07,No_Label,0
P018,18,Asian,Male,No,2,H13,No_Label,0
P018,18,Asian,Male,No,3,H22,No_Label,1
P018,18,Asian,Male,No,4,H12,Established_Outlet,1
P018,18,Asian,Male,No,5,H13,Established_Outlet,0
P018,18,Asian,Male,No,6,H03,Fact_Check_Flag,1
P018,18,Asian,Male,No,7,H02,Established_Outlet,1
P018,18,Asian,Male,No,8,H14,Established_Outlet,1
P018,18,Asian,Male,No,9,H03,No_Label,0
P018,18,Asian,Male,No,10,H09,No_Label,1
P018,18,Asian,Male,No,11,H31,Established_Outlet,1
P018,18,Asian,Male,No,12,H25,Fact_Check_Flag,0
P018,18,Asian,Male,No,13,H22,Fact_Check_Flag,0
P018,18,Asian,Male,No,14,H20,No_Label,0
P018,18,Asian,Male,No,15,H16,No_Label,0
P018,18,Asian,Male,No,16,H32,Established_Outlet,1
P018,18,Asian,Male,No,17,H01,No_Label,1
P018,18,Asian,Male,No,18,H13,Fact_Check_Flag,0
P018,18,Asian,Male,No,19,H12,Fact_Check_Flag,0
P018,18,Asian,Male,No,20,H24,Established_Outlet,1
P018,18,Asian,Male,No,21,H17,Established_Outlet,0
P018,18,Asian,Male,No,22,H20,Established_Outlet,0
P018,18,Asian,Male,No,23,H26,Established_Outlet,1
P018,18,Asian,Male,No,24,H15,Fact_Check_Flag,0
P018,18,Asian,Male,No,25,H02,Fact_Check_Flag,0
P018,18,Asian,Male,No,26,H14,Fact_Check_Flag,0
P018,18,Asian,Male,No,27,H30,Established_Outlet,0
P018,18,Asian,Male,No,28,H09,Fact_Check_Flag,1
P018,18,Asian,Male,No,29,H32,No_Label,0
P018,18,Asian,Male,No,30,H26,Fact_Check_Flag,1
P018,18,Asian,Male,No,31,H11,Established_Outlet,0
P018,18,Asian,Male,No,32,H08,Fact_Check_Flag,0
P018,18,Asian,Male,No,33,H12,No_Label,1
P018,18,Asian,Male,No,34,H29,No_Label,0
P018,18,Asian,Male,No,35,H24,Fact_Check_Flag,1
P018,18,Asian,Male,No,36,H06,Established_Outlet,1
P018,18,Asian,Male,No,37,H09,Established_Outlet,1
P018,18,Asian,Male,No,38,H23,No_Label,1
P018,18,Asian,Male,No,39,H26,No_Label,0
P018,18,Asian,Male,No,40,H03,Established_Outlet,0
P018,18,Asian,Male,No,41,H07,Fact_Check_Flag,0
P018,18,Asian,Male,No,42,H17,No_Label,0
P018,18,Asian,Male,No,43,H30,No_Label,1
P018,18,Asian,Male,No,44,H02,No_Label,0
P018,18,Asian,Male,No,45,H04,Fact_Check_Flag,0
P018,18,Asian,Male,No,46,H28,Fact_Check_Flag,0
P018,18,Asian,Male,No,47,H08,No_Label,0
P018,18,Asian,Male,No,48,H05,Established_Outlet,0
P018,18,Asian,Male,No,49,H08,Established_Outlet,0
P018,18,Asian,Male,No,50,H04,Established_Outlet,1
P018,18,Asian,Male,No,51,H29,Fact_Check_Flag,0
P018,18,Asian,Male,No,52,H18,Established_Outlet,0
P018,18,Asian,Male,No,53,H19,Fact_Check_Flag,0
P018,18,Asian,Male,No,54,H05,No_Label,0
P018,18,Asian,Male,No,55,H07,Established_Outlet,1
P018,18,Asian,Male,No,56,H30,Fact_Check_Flag,1
P018,18,Asian,Male,No,57,H22,Established_Outlet,1
P018,18,Asian,Male,No,58,H18,Fact_Check_Flag,0
P018,18,Asian,Male,No,59,H27,No_Label,0
P018,18,Asian,Male,No,60,H01,Established_Outlet,1
P018,18,Asian,Male,No,61,H01,Fact_Check_Flag,1
P018,18,Asian,Male,No,62,H31,Fact_Check_Flag,1
P018,18,Asian,Male,No,63,H21,Fact_Check_Flag,1
P018,18,Asian,Male,No,64,H11,Fact_Check_Flag,0
P018,18,Asian,Male,No,65,H32,Fact_Check_Flag,0
P018,18,Asian,Male,No,66,H14,No_Label,0
P018,18,Asian,Male,No,67,H17,Fact_Check_Flag,0
P018,18,Asian,Male,No,68,H25,Established_Outlet,0
P018,18,Asian,Male,No,69,H25,No_Label,0
P018,18,Asian,Male,No,70,H31,No_Label,0
P018,18,Asian,Male,No,71,H06,No_Label,1
P018,18,Asian,Male,No,72,H16,Fact_Check_Flag,0
P018,18,Asian,Male,No,73,H28,No_Label,0
P018,18,Asian,Male,No,74,H23,Established_Outlet,0
P018,18,Asian,Male,No,75,H21,No_Label,1
P018,18,Asian,Male,No,76,H18,No_Label,0
P018,18,Asian,Male,No,77,H10,Established_Outlet,1
P018,18,Asian,Male,No,78,H28,Established_Outlet,0
P018,18,Asian,Male,No,79,H20,Fact_Check_Flag,0
P018,18,Asian,Male,No,80,H24,No_Label,1
P018,18,Asian,Male,No,81,H19,Established_Outlet,0
P018,18,Asian,Male,No,82,H04,No_Label,0
P018,18,Asian,Male,No,83,H16,Established_Outlet,0
P018,18,Asian,Male,No,84,H19,No_Label,0
P018,18,Asian,Male,No,85,H27,Established_Outlet,1
P018,18,Asian,Male,No,86,H10,Fact_Check_Flag,0
P018,18,Asian,Male,No,87,H11,No_Label,0
P018,18,Asian,Male,No,88,H15,No_Label,0
P018,18,Asian,Male,No,89,H05,Fact_Check_Flag,0
P018,18,Asian,Male,No,90,H15,Established_Outlet,1
P018,18,Asian,Male,No,91,H27,Fact_Check_Flag,0
P018,18,Asian,Male,No,92,H10,No_Label,0
P018,18,Asian,Male,No,93,H29,Established_Outlet,0
P018,18,Asian,Male,No,94,H23,Fact_Check_Flag,0
P018,18,Asian,Male,No,95,H21,Established_Outlet,1
P018,18,Asian,Male,No,96,H06,Fact_Check_Flag,0
P019,23,White,Male,Yes,1,H25,No_Label,1
P019,23,White,Male,Yes,2,H24,No_Label,1
P019,23,White,Male,Yes,3,H32,Established_Outlet,1
P019,23,White,Male,Yes,4,H23,Fact_Check_Flag,1
P019,23,White,Male,Yes,5,H26,No_Label,0
P019,23,White,Male,Yes,6,H22,No_Label,1
P019,23,White,Male,Yes,7,H05,Fact_Check_Flag,1
P019,23,White,Male,Yes,8,H31,Fact_Check_Flag,0
P019,23,White,Male,Yes,9,H07,Fact_Check_Flag,0
P019,23,White,Male,Yes,10,H19,No_Label,1
P019,23,White,Male,Yes,11,H18,Established_Outlet,0
P019,23,White,Male,Yes,12,H12,No_Label,1
P019,23,White,Male,Yes,13,H04,No_Label,1
P019,23,White,Male,Yes,14,H06,No_Label,1
P019,23,White,Male,Yes,15,H13,Fact_Check_Flag,0
P019,23,White,Male,Yes,16,H05,No_Label,0
P019,23,White,Male,Yes,17,H26,Fact_Check_Flag,0
P019,23,White,Male,Yes,18,H29,Established_Outlet,0
P019,23,White,Male,Yes,19,H32,No_Label,1
P019,23,White,Male,Yes,20,H07,No_Label,0
P019,23,White,Male,Yes,21,H07,Established_Outlet,0
P019,23,White,Male,Yes,22,H08,No_Label,0
P019,23,White,Male,Yes,23,H20,Fact_Check_Flag,0
P019,23,White,Male,Yes,24,H16,Fact_Check_Flag,0
P019,23,White,Male,Yes,25,H08,Fact_Check_Flag,0
P019,23,White,Male,Yes,26,H16,No_Label,0
P019,23,White,Male,Yes,27,H06,Fact_Check_Flag,1
P019,23,White,Male,Yes,28,H09,Established_Outlet,1
P019,23,White,Male,Yes,29,H28,Fact_Check_Flag,0
P019,23,White,Male,Yes,30,H30,Established_Outlet,1
P019,23,White,Male,Yes,31,H22,Fact_Check_Flag,0
P019,23,White,Male,Yes,32,H05,Established_Outlet,1
P019,23,White,Male,Yes,33,H24,Fact_Check_Flag,0
P019,23,White,Male,Yes,34,H25,Fact_Check_Flag,0
P019,23,White,Male,Yes,35,H06,Established_Outlet,1
P019,23,White,Male,Yes,36,H13,Established_Outlet,0
P019,23,White,Male,Yes,37,H19,Fact_Check_Flag,1
P019,23,White,Male,Yes,38,H21,No_Label,1
P019,23,White,Male,Yes,39,H27,Fact_Check_Flag,1
P019,23,White,Male,Yes,40,H24,Established_Outlet,0
P019,23,White,Male,Yes,41,H04,Established_Outlet,0
P019,23,White,Male,Yes,42,H03,No_Label,1
P019,23,White,Male,Yes,43,H16,Established_Outlet,0
P019,23,White,Male,Yes,44,H30,Fact_Check_Flag,1
P019,23,White,Male,Yes,45,H14,Established_Outlet,0
P019,23,White,Male,Yes,46,H15,Fact_Check_Flag,0
P019,23,White,Male,Yes,47,H20,Established_Outlet,0
P019,23,White,Male,Yes,48,H14,Fact_Check_Flag,0
P019,23,White,Male,Yes,49,H21,Established_Outlet,0
P019,23,White,Male,Yes,50,H03,Fact_Check_Flag,0
P019,23,White,Male,Yes,51,H12,Established_Outlet,1
P019,23,White,Male,Yes,52,H28,Established_Outlet,1
P019,23,White,Male,Yes,53,H15,No_Label,0
P019,23,White,Male,Yes,54,H20,No_Label,0
P019,23,White,Male,Yes,55,H21,Fact_Check_Flag,0
P019,23,White,Male,Yes,56,H02,Established_Outlet,0
P019,23,White,Male,Yes,57,H11,No_Label,0
P019,23,White,Male,Yes,58,H14,No_Label,0
P019,23,White,Male,Yes,59,H02,Fact_Check_Flag,0
P019,23,White,Male,Yes,60,H11,Established_Outlet,1
P019,23,White,Male,Yes,61,H31,No_Label,0
P019,23,White,Male,Yes,62,H17,Fact_Check_Flag,0
P019,23,White,Male,Yes,63,H02,No_Label,1
P019,23,White,Male,Yes,64,H31,Established_Outlet,1
P019,23,White,Male,Yes,65,H03,Established_Outlet,0
P019,23,White,Male,Yes,66,H26,Established_Outlet,0
P019,23,White,Male,Yes,67,H11,Fact_Check_Flag,0
P019,23,White,Male,Yes,68,H27,No_Label,0
P019,23,White,Male,Yes,69,H32,Fact_Check_Flag,0
P019,23,White,Male,Yes,70,H13,No_Label,0
P019,23,White,Male,Yes,71,H29,Fact_Check_Flag,0
P019,23,White,Male,Yes,72,H22,Established_Outlet,1
P019,23,White,Male,Yes,73,H28,No_Label,0
P019,23,White,Male,Yes,74,H19,Established_Outlet,1
P019,23,White,Male,Yes,75,H30,No_Label,1
P019,23,White,Male,Yes,76,H09,Fact_Check_Flag,0
P019,23,White,Male,Yes,77,H18,No_Label,0
P019,23,White,Male,Yes,78,H25,Established_Outlet,1
P019,23,White,Male,Yes,79,H17,No_Label,1
P019,23,White,Male,Yes,80,H23,No_Label,1
P019,23,White,Male,Yes,81,H10,Fact_Check_Flag,0
P019,23,White,Male,Yes,82,H17,Established_Outlet,0
P019,23,White,Male,Yes,83,H15,Established_Outlet,1
P019,23,White,Male,Yes,84,H01,Fact_Check_Flag,1
P019,23,White,Male,Yes,85,H09,No_Label,1
P019,23,White,Male,Yes,86,H08,Established_Outlet,0
P019,23,White,Male,Yes,87,H01,Established_Outlet,1
P019,23,White,Male,Yes,88,H29,No_Label,0
P019,23,White,Male,Yes,89,H10,Established_Outlet,0
P019,23,White,Male,Yes,90,H12,Fact_Check_Flag,1
P019,23,White,Male,Yes,91,H04,Fact_Check_Flag,0
P019,23,White,Male,Yes,92,H23,Established_Outlet,1
P019,23,White,Male,Yes,93,H10,No_Label,1
P019,23,White,Male,Yes,94,H18,Fact_Check_Flag,0
P019,23,White,Male,Yes,95,H01,No_Label,1
P019,23,White,Male,Yes,96,H27,Established_Outlet,1
P020,33,Black or African American,Male,Yes,1,H28,No_Label,0
P020,33,Black or African American,Male,Yes,2,H25,Established_Outlet,1
P020,33,Black or African American,Male,Yes,3,H21,Established_Outlet,0
P020,33,Black or African American,Male,Yes,4,H12,Established_Outlet,0
P020,33,Black or African American,Male,Yes,5,H02,Established_Outlet,0
P020,33,Black or African American,Male,Yes,6,H15,Fact_Check_Flag,0
P020,33,Black or African American,Male,Yes,7,H04,No_Label,0
P020,33,Black or African American,Male,Yes,8,H29,Established_Outlet,0
P020,33,Black or African American,Male,Yes,9,H11,Fact_Check_Flag,1
P020,33,Black or African American,Male,Yes,10,H17,No_Label,0
P020,33,Black or African American,Male,Yes,11,H07,Established_Outlet,1
P020,33,Black or African American,Male,Yes,12,H14,No_Label,1
P020,33,Black or African American,Male,Yes,13,H23,Fact_Check_Flag,0
P020,33,Black or African American,Male,Yes,14,H30,Fact_Check_Flag,0
P020,33,Black or African American,Male,Yes,15,H13,Fact_Check_Flag,0
P020,33,Black or African American,Male,Yes,16,H14,Fact_Check_Flag,0
P020,33,Black or African American,Male,Yes,17,H05,Fact_Check_Flag,0
P020,33,Black or African American,Male,Yes,18,H17,Fact_Check_Flag,0
P020,33,Black or African American,Male,Yes,19,H30,No_Label,0
P020,33,Black or African American,Male,Yes,20,H19,Fact_Check_Flag,0
P020,33,Black or African American,Male,Yes,21,H26,Established_Outlet,0
P020,33,Black or African American,Male,Yes,22,H24,Established_Outlet,0
P020,33,Black or African American,Male,Yes,23,H05,Established_Outlet,1
P020,33,Black or African American,Male,Yes,24,H07,Fact_Check_Flag,0
P020,33,Black or African American,Male,Yes,25,H01,No_Label,1
P020,33,Black or African American,Male,Yes,26,H12,Fact_Check_Flag,0
P020,33,Black or African American,Male,Yes,27,H01,Established_Outlet,1
P020,33,Black or African American,Male,Yes,28,H06,Established_Outlet,0
P020,33,Black or African American,Male,Yes,29,H09,Fact_Check_Flag,1
P020,33,Black or African American,Male,Yes,30,H04,Fact_Check_Flag,0
P020,33,Black or African American,Male,Yes,31,H04,Established_Outlet,1
P020,33,Black or African American,Male,Yes,32,H31,Fact_Check_Flag,1
P020,33,Black or African American,Male,Yes,33,H25,No_Label,0
P020,33,Black or African American,Male,Yes,34,H18,Established_Outlet,0
P020,33,Black or African American,Male,Yes,35,H22,No_Label,1
P020,33,Black or African American,Male,Yes,36,H09,Established_Outlet,1
P020,33,Black or African American,Male,Yes,37,H27,Established_Outlet,1
P020,33,Black or African American,Male,Yes,38,H24,Fact_Check_Flag,0
P020,33,Black or African American,Male,Yes,39,H08,No_Label,0
P020,33,Black or African American,Male,Yes,40,H20,Fact_Check_Flag,0
P020,33,Black or African American,Male,Yes,41,H31,Established_Outlet,1
P020,33,Black or African American,Male,Yes,42,H23,No_Label,1
P020,33,Black or African American,Male,Yes,43,H30,Established_Outlet,0
P020,33,Black or African American,Male,Yes,44,H03,No_Label,0
P020,33,Black or African American,Male,Yes,45,H20,No_Label,0
P020,33,Black or African American,Male,Yes,46,H10,Established_Outlet,1
P020,33,Black or African American,Male,Yes,47,H22,Established_Outlet,1
P020,33,Black or African American,Male,Yes,48,H17,Established_Outlet,0
P020,33,Black or African American,Male,Yes,49,H03,Fact_Check_Flag,0
P020,33,Black or African American,Male,Yes,50,H16,Fact_Check_Flag,0
P020,33,Black or African American,Male,Yes,51,H03,Established_Outlet,1
P020,33,Black or African American,Male,Yes,52,H28,Fact_Check_Flag,0
P020,33,Black or African American,Male,Yes,53,H24,No_Label,0
P020,33,Black or African American,Male,Yes,54,H02,No_Label,0
P020,33,Black or African American,Male,Yes,55,H27,No_Label,0
P020,33,Black or African American,Male,Yes,56,H18,No_Label,0
P020,33,Black or African American,Male,Yes,57,H13,No_Label,0
P020,33,Black or African American,Male,Yes,58,H08,Fact_Check_Flag,0
P020,33,Black or African American,Male,Yes,59,H07,No_Label,0
P020,33,Black or African American,Male,Yes,60,H31,No_Label,1
P020,33,Black or African American,Male,Yes,61,H05,No_Label,0
P020,33,Black or African American,Male,Yes,62,H10,No_Label,0
P020,33,Black or African American,Male,Yes,63,H21,Fact_Check_Flag,1
P020,33,Black or African American,Male,Yes,64,H08,Established_Outlet,0
P020,33,Black or African American,Male,Yes,65,H32,Fact_Check_Flag,0
P020,33,Black or African American,Male,Yes,66,H32,Established_Outlet,0
P020,33,Black or African American,Male,Yes,67,H25,Fact_Check_Flag,1
P020,33,Black or African American,Male,Yes,68,H01,Fact_Check_Flag,0
P020,33,Black or African American,Male,Yes,69,H10,Fact_Check_Flag,0
P020,33,Black or African American,Male,Yes,70,H23,Established_Outlet,0
P020,33,Black or African American,Male,Yes,71,H29,No_Label,0
P020,33,Black or African American,Male,Yes,72,H02,Fact_Check_Flag,0
P020,33,Black or African American,Male,Yes,73,H13,Established_Outlet,1
P020,33,Black or African American,Male,Yes,74,H27,Fact_Check_Flag,0
P020,33,Black or African American,Male,Yes,75,H14,Established_Outlet,1
P020,33,Black or African American,Male,Yes,76,H06,No_Label,1
P020,33,Black or African American,Male,Yes,77,H18,Fact_Check_Flag,0
P020,33,Black or African American,Male,Yes,78,H09,No_Label,1
P020,33,Black or African American,Male,Yes,79,H16,Established_Outlet,0
P020,33,Black or African American,Male,Yes,80,H15,Established_Outlet,0
P020,33,Black or African American,Male,Yes,81,H16,No_Label,0
P020,33,Black or African American,Male,Yes,82,H06,Fact_Check_Flag,0
P020,33,Black or African American,Male,Yes,83,H32,No_Label,0
P020,33,Black or African American,Male,Yes,84,H26,No_Label,0
P020,33,Black or African American,Male,Yes,85,H15,No_Label,1
P020,33,Black or African American,Male,Yes,86,H21,No_Label,1
P020,33,Black or African American,Male,Yes,87,H11,No_Label,0
P020,33,Black or African American,Male,Yes,88,H19,Established_Outlet,0
P020,33,Black or African American,Male,Yes,89,H12,No_Label,0
P020,33,Black or African American,Male,Yes,90,H26,Fact_Check_Flag,0
P020,33,Black or African American,Male,Yes,91,H28,Established_Outlet,0
P020,33,Black or African American,Male,Yes,92,H29,Fact_Check_Flag,0
P020,33,Black or African American,Male,Yes,93,H22,Fact_Check_Flag,0
P020,33,Black or African American,Male,Yes,94,H11,Established_Outlet,0
P020,33,Black or African American,Male,Yes,95,H19,No_Label,1
P020,33,Black or African American,Male,Yes,96,H20,Established_Outlet,1
P021,41,White,Male,Yes,1,H05,Fact_Check_Flag,0
P021,41,White,Male,Yes,2,H02,Established_Outlet,1
P021,41,White,Male,Yes,3,H30,Fact_Check_Flag,0
P021,41,White,Male,Yes,4,H06,Fact_Check_Flag,0
P021,41,White,Male,Yes,5,H09,Established_Outlet,1
P021,41,White,Male,Yes,6,H25,Fact_Check_Flag,0
P021,41,White,Male,Yes,7,H01,Established_Outlet,1
P021,41,White,Male,Yes,8,H03,Fact_Check_Flag,0
P021,41,White,Male,Yes,9,H16,Established_Outlet,1
P021,41,White,Male,Yes,10,H02,No_Label,0
P021,41,White,Male,Yes,11,H26,Established_Outlet,0
P021,41,White,Male,Yes,12,H13,No_Label,0
P021,41,White,Male,Yes,13,H07,Fact_Check_Flag,0
P021,41,White,Male,Yes,14,H10,Fact_Check_Flag,0
P021,41,White,Male,Yes,15,H15,Established_Outlet,1
P021,41,White,Male,Yes,16,H22,Fact_Check_Flag,0
P021,41,White,Male,Yes,17,H07,No_Label,0
P021,41,White,Male,Yes,18,H27,Fact_Check_Flag,0
P021,41,White,Male,Yes,19,H18,No_Label,1
P021,41,White,Male,Yes,20,H24,Fact_Check_Flag,0
P021,41,White,Male,Yes,21,H08,No_Label,0
P021,41,White,Male,Yes,22,H21,Established_Outlet,1
P021,41,White,Male,Yes,23,H04,Established_Outlet,1
P021,41,White,Male,Yes,24,H03,Established_Outlet,0
P021,41,White,Male,Yes,25,H26,Fact_Check_Flag,0
P021,41,White,Male,Yes,26,H05,Established_Outlet,1
P021,41,White,Male,Yes,27,H28,Established_Outlet,1
P021,41,White,Male,Yes,28,H17,No_Label,0
P021,41,White,Male,Yes,29,H28,No_Label,0
P021,41,White,Male,Yes,30,H16,Fact_Check_Flag,0
P021,41,White,Male,Yes,31,H20,Established_Outlet,1
P021,41,White,Male,Yes,32,H32,Established_Outlet,1
P021,41,White,Male,Yes,33,H22,No_Label,0
P021,41,White,Male,Yes,34,H21,Fact_Check_Flag,1
P021,41,White,Male,Yes,35,H04,Fact_Check_Flag,0
P021,41,White,Male,Yes,36,H18,Fact_Check_Flag,0
P021,41,White,Male,Yes,37,H23,Established_Outlet,0
P021,41,White,Male,Yes,38,H01,No_Label,1
P021,41,White,Male,Yes,39,H14,No_Label,0
P021,41,White,Male,Yes,40,H29,No_Label,0
P021,41,White,Male,Yes,41,H11,Established_Outlet,1
P021,41,White,Male,Yes,42,H18,Established_Outlet,0
P021,41,White,Male,Yes,43,H15,No_Label,1
P021,41,White,Male,Yes,44,H27,Established_Outlet,1
P021,41,White,Male,Yes,45,H27,No_Label,0
P021,41,White,Male,Yes,46,H29,Fact_Check_Flag,0
P021,41,White,Male,Yes,47,H16,No_Label,0
P021,41,White,Male,Yes,48,H10,No_Label,0
P021,41,White,Male,Yes,49,H12,Fact_Check_Flag,1
P021,41,White,Male,Yes,50,H20,Fact_Check_Flag,0
P021,41,White,Male,Yes,51,H09,Fact_Check_Flag,0
P021,41,White,Male,Yes,52,H14,Established_Outlet,1
P021,41,White,Male,Yes,53,H30,No_Label,1
P021,41,White,Male,Yes,54,H06,Established_Outlet,0
P021,41,White,Male,Yes,55,H10,Established_Outlet,1
P021,41,White,Male,Yes,56,H19,No_Label,0
P021,41,White,Male,Yes,57,H01,Fact_Check_Flag,1
P021,41,White,Male,Yes,58,H32,No_Label,0
P021,41,White,Male,Yes,59,H32,Fact_Check_Flag,0
P021,41,White,Male,Yes,60,H09,No_Label,1
P021,41,White,Male,Yes,61,H26,No_Label,0
P021,41,White,Male,Yes,62,H17,Established_Outlet,0
P021,41,White,Male,Yes,63,H19,Fact_Check_Flag,0
P021,41,White,Male,Yes,64,H30,Established_Outlet,1
P021,41,White,Male,Yes,65,H25,No_Label,0
P021,41,White,Male,Yes,66,H22,Established_Outlet,0
P021,41,White,Male,Yes,67,H15,Fact_Check_Flag,1
P021,41,White,Male,Yes,68,H23,No_Label,0
P021,41,White,Male,Yes,69,H02,Fact_Check_Flag,0
P021,41,White,Male,Yes,70,H25,Established_Outlet,0
P021,41,White,Male,Yes,71,H13,Established_Outlet,1
P021,41,White,Male,Yes,72,H31,No_Label,0
P021,41,White,Male,Yes,73,H05,No_Label,0
P021,41,White,Male,Yes,74,H17,Fact_Check_Flag,0
P021,41,White,Male,Yes,75,H11,Fact_Check_Flag,0
P021,41,White,Male,Yes,76,H12,Established_Outlet,1
P021,41,White,Male,Yes,77,H07,Established_Outlet,0
P021,41,White,Male,Yes,78,H28,Fact_Check_Flag,0
P021,41,White,Male,Yes,79,H03,No_Label,0
P021,41,White,Male,Yes,80,H12,No_Label,1
P021,41,White,Male,Yes,81,H06,No_Label,1
P021,41,White,Male,Yes,82,H08,Established_Outlet,0
P021,41,White,Male,Yes,83,H14,Fact_Check_Flag,0
P021,41,White,Male,Yes,84,H11,No_Label,0
P021,41,White,Male,Yes,85,H29,Established_Outlet,0
P021,41,White,Male,Yes,86,H31,Fact_Check_Flag,0
P021,41,White,Male,Yes,87,H23,Fact_Check_Flag,0
P021,41,White,Male,Yes,88,H31,Established_Outlet,1
P021,41,White,Male,Yes,89,H21,No_Label,1
P021,41,White,Male,Yes,90,H24,Established_Outlet,0
P021,41,White,Male,Yes,91,H08,Fact_Check_Flag,0
P021,41,White,Male,Yes,92,H24,No_Label,0
P021,41,White,Male,Yes,93,H20,No_Label,0
P021,41,White,Male,Yes,94,H04,No_Label,0
P021,41,White,Male,Yes,95,H13,Fact_Check_Flag,1
P021,41,White,Male,Yes,96,H19,Established_Outlet,0
P022,21,White,Female,Yes,1,H07,Fact_Check_Flag,0
P022,21,White,Female,Yes,2,H32,Established_Outlet,1
P022,21,White,Female,Yes,3,H19,Established_Outlet,0
P022,21,White,Female,Yes,4,H27,Established_Outlet,1
P022,21,White,Female,Yes,5,H08,Fact_Check_Flag,0
P022,21,White,Female,Yes,6,H08,Established_Outlet,0
P022,21,White,Female,Yes,7,H32,Fact_Check_Flag,0
P022,21,White,Female,Yes,8,H05,Fact_Check_Flag,0
P022,21,White,Female,Yes,9,H26,Established_Outlet,0
P022,21,White,Female,Yes,10,H12,Established_Outlet,1
P022,21,White,Female,Yes,11,H07,No_Label,0
P022,21,White,Female,Yes,12,H17,Fact_Check_Flag,0
P022,21,White,Female,Yes,13,H07,Established_Outlet,0
P022,21,White,Female,Yes,14,H14,Established_Outlet,0
P022,21,White,Female,Yes,15,H14,Fact_Check_Flag,0
P022,21,White,Female,Yes,16,H13,No_Label,0
P022,21,White,Female,Yes,17,H01,No_Label,1
P022,21,White,Female,Yes,18,H18,Established_Outlet,0
P022,21,White,Female,Yes,19,H21,Fact_Check_Flag,1
P022,21,White,Female,Yes,20,H25,Fact_Check_Flag,0
P022,21,White,Female,Yes,21,H30,No_Label,0
P022,21,White,Female,Yes,22,H03,Fact_Check_Flag,0
P022,21,White,Female,Yes,23,H16,Established_Outlet,0
P022,21,White,Female,Yes,24,H06,No_Label,0
P022,21,White,Female,Yes,25,H26,Fact_Check_Flag,0
P022,21,White,Female,Yes,26,H25,Established_Outlet,0
P022,21,White,Female,Yes,27,H22,Fact_Check_Flag,0
P022,21,White,Female,Yes,28,H31,Fact_Check_Flag,0
P022,21,White,Female,Yes,29,H22,Established_Outlet,1
P022,21,White,Female,Yes,30,H26,No_Label,0
P022,21,White,Female,Yes,31,H29,Fact_Check_Flag,0
P022,21,White,Female,Yes,32,H32,No_Label,0
P022,21,White,Female,Yes,33,H13,Fact_Check_Flag,0
P022,21,White,Female,Yes,34,H17,No_Label,0
P022,21,White,Female,Yes,35,H06,Fact_Check_Flag,0
P022,21,White,Female,Yes,36,H20,Fact_Check_Flag,0
P022,21,White,Female,Yes,37,H01,Established_Outlet,1
P022,21,White,Female,Yes,38,H15,No_Label,1
P022,21,White,Female,Yes,39,H31,Established_Outlet,1
P022,21,White,Female,Yes,40,H11,Fact_Check_Flag,0
P022,21,White,Female,Yes,41,H19,No_Label,0
P022,21,White,Female,Yes,42,H02,No_Label,1
P022,21,White,Female,Yes,43,H11,No_Label,0
P022,21,White,Female,Yes,44,H24,Fact_Check_Flag,0
P022,21,White,Female,Yes,45,H01,Fact_Check_Flag,0
P022,21,White,Female,Yes,46,H03,No_Label,1
P022,21,White,Female,Yes,47,H15,Fact_Check_Flag,0
P022,21,White,Female,Yes,48,H13,Established_Outlet,1
P022,21,White,Female,Yes,49,H20,Established_Outlet,0
P022,21,White,Female,Yes,50,H30,Fact_Check_Flag,0
P022,21,White,Female,Yes,51,H05,Established_Outlet,0
P022,21,White,Female,Yes,52,H24,No_Label,0
P022,21,White,Female,Yes,53,H24,Established_Outlet,1
P022,21,White,Female,Yes,54,H22,No_Label,1
P022,21,White,Female,Yes,55,H28,No_Label,0
P022,21,White,Female,Yes,56,H10,Established_Outlet,0
P022,21,White,Female,Yes,57,H25,No_Label,0
P022,21,White,Female,Yes,58,H18,No_Label,0
P022,21,White,Female,Yes,59,H02,Established_Outlet,0
P022,21,White,Female,Yes,60,H16,No_Label,0
P022,21,White,Female,Yes,61,H21,Established_Outlet,1
P022,21,White,Female,Yes,62,H27,Fact_Check_Flag,0
P022,21,White,Female,Yes,63,H05,No_Label,0
P022,21,White,Female,Yes,64,H04,Fact_Check_Flag,0
P022,21,White,Female,Yes,65,H23,Established_Outlet,1
P022,21,White,Female,Yes,66,H15,Established_Outlet,1
P022,21,White,Female,Yes,67,H20,No_Label,0
P022,21,White,Female,Yes,68,H27,No_Label,1
P022,21,White,Female,Yes,69,H06,Established_Outlet,0
P022,21,White,Female,Yes,70,H10,No_Label,0
P022,21,White,Female,Yes,71,H31,No_Label,0
P022,21,White,Female,Yes,72,H03,Established_Outlet,0
P022,21,White,Female,Yes,73,H09,Fact_Check_Flag,0
P022,21,White,Female,Yes,74,H02,Fact_Check_Flag,0
P022,21,White,Female,Yes,75,H29,Established_Outlet,0
P022,21,White,Female,Yes,76,H23,No_Label,0
P022,21,White,Female,Yes,77,H12,Fact_Check_Flag,0
P022,21,White,Female,Yes,78,H19,Fact_Check_Flag,0
P022,21,White,Female,Yes,79,H28,Established_Outlet,0
P022,21,White,Female,Yes,80,H21,No_Label,0
P022,21,White,Female,Yes,81,H12,No_Label,1
P022,21,White,Female,Yes,82,H28,Fact_Check_Flag,0
P022,21,White,Female,Yes,83,H09,No_Label,0
P022,21,White,Female,Yes,84,H30,Established_Outlet,1
P022,21,White,Female,Yes,85,H17,Established_Outlet,0
P022,21,White,Female,Yes,86,H23,Fact_Check_Flag,0
P022,21,White,Female,Yes,87,H18,Fact_Check_Flag,0
P022,21,White,Female,Yes,88,H11,Established_Outlet,0
P022,21,White,Female,Yes,89,H09,Established_Outlet,0
P022,21,White,Female,Yes,90,H08,No_Label,0
P022,21,White,Female,Yes,91,H29,No_Label,0
P022,21,White,Female,Yes,92,H10,Fact_Check_Flag,0
P022,21,White,Female,Yes,93,H04,Established_Outlet,0
P022,21,White,Female,Yes,94,H04,No_Label,0
P022,21,White,Female,Yes,95,H14,No_Label,0
P022,21,White,Female,Yes,96,H16,Fact_Check_Flag,0
P023,49,Hispanic or Latino,Female,Yes,1,H09,Fact_Check_Flag,1
P023,49,Hispanic or Latino,Female,Yes,2,H08,No_Label,1
P023,49,Hispanic or Latino,Female,Yes,3,H23,Fact_Check_Flag,0
P023,49,Hispanic or Latino,Female,Yes,4,H21,No_Label,1
P023,49,Hispanic or Latino,Female,Yes,5,H26,No_Label,0
P023,49,Hispanic or Latino,Female,Yes,6,H05,Established_Outlet,0
P023,49,Hispanic or Latino,Female,Yes,7,H17,Established_Outlet,1
P023,49,Hispanic or Latino,Female,Yes,8,H06,Established_Outlet,1
P023,49,Hispanic or Latino,Female,Yes,9,H22,Established_Outlet,1
P023,49,Hispanic or Latino,Female,Yes,10,H20,No_Label,0
P023,49,Hispanic or Latino,Female,Yes,11,H06,Fact_Check_Flag,0
P023,49,Hispanic or Latino,Female,Yes,12,H01,Fact_Check_Flag,1
P023,49,Hispanic or Latino,Female,Yes,13,H30,No_Label,0
P023,49,Hispanic or Latino,Female,Yes,14,H27,Fact_Check_Flag,0
P023,49,Hispanic or Latino,Female,Yes,15,H15,No_Label,1
P023,49,Hispanic or Latino,Female,Yes,16,H28,No_Label,0
P023,49,Hispanic or Latino,Female,Yes,17,H02,Fact_Check_Flag,0
P023,49,Hispanic or Latino,Female,Yes,18,H18,Fact_Check_Flag,0
P023,49,Hispanic or Latino,Female,Yes,19,H27,No_Label,0
P023,49,Hispanic or Latino,Female,Yes,20,H24,No_Label,0
P023,49,Hispanic or Latino,Female,Yes,21,H10,Fact_Check_Flag,0
P023,49,Hispanic or Latino,Female,Yes,22,H13,No_Label,1
P023,49,Hispanic or Latino,Female,Yes,23,H13,Fact_Check_Flag,0
P023,49,Hispanic or Latino,Female,Yes,24,H25,No_Label,0
P023,49,Hispanic or Latino,Female,Yes,25,H09,Established_Outlet,1
P023,49,Hispanic or Latino,Female,Yes,26,H19,Fact_Check_Flag,0
P023,49,Hispanic or Latino,Female,Yes,27,H15,Established_Outlet,1
P023,49,Hispanic or Latino,Female,Yes,28,H05,No_Label,0
P023,49,Hispanic or Latino,Female,Yes,29,H06,No_Label,0
P023,49,Hispanic or Latino,Female,Yes,30,H18,Established_Outlet,0
P023,49,Hispanic or Latino,Female,Yes,31,H22,No_Label,0
P023,49,Hispanic or Latino,Female,Yes,32,H32,No_Label,0
P023,49,Hispanic or Latino,Female,Yes,33,H28,Fact_Check_Flag,0
P023,49,Hispanic or Latino,Female,Yes,34,H03,No_Label,0
P023,49,Hispanic or Latino,Female,Yes,35,H19,No_Label,1
P023,49,Hispanic or Latino,Female,Yes,36,H04,Fact_Check_Flag,0
P023,49,Hispanic or Latino,Female,Yes,37,H12,No_Label,0
P023,49,Hispanic or Latino,Female,Yes,38,H13,Established_Outlet,1
P023,49,Hispanic or Latino,Female,Yes,39,H23,Established_Outlet,1
P023,49,Hispanic or Latino,Female,Yes,40,H25,Fact_Check_Flag,0
P023,49,Hispanic or Latino,Female,Yes,41,H28,Established_Outlet,0
P023,49,Hispanic or Latino,Female,Yes,42,H07,Fact_Check_Flag,0
P023,49,Hispanic or Latino,Female,Yes,43,H14,Fact_Check_Flag,0
P023,49,Hispanic or Latino,Female,Yes,44,H01,Established_Outlet,1
P023,49,Hispanic or Latino,Female,Yes,45,H04,Established_Outlet,0
P023,49,Hispanic or Latino,Female,Yes,46,H24,Fact_Check_Flag,0
P023,49,Hispanic or Latino,Female,Yes,47,H22,Fact_Check_Flag,0
P023,49,Hispanic or Latino,Female,Yes,48,H20,Established_Outlet,1
P023,49,Hispanic or Latino,Female,Yes,49,H24,Established_Outlet,0
P023,49,Hispanic or Latino,Female,Yes,50,H02,No_Label,0
P023,49,Hispanic or Latino,Female,Yes,51,H04,No_Label,1
P023,49,Hispanic or Latino,Female,Yes,52,H09,No_Label,1
P023,49,Hispanic or Latino,Female,Yes,53,H29,No_Label,0
P023,49,Hispanic or Latino,Female,Yes,54,H12,Established_Outlet,1
P023,49,Hispanic or Latino,Female,Yes,55,H23,No_Label,0
P023,49,Hispanic or Latino,Female,Yes,56,H31,No_Label,1
P023,49,Hispanic or Latino,Female,Yes,57,H14,Established_Outlet,0
P023,49,Hispanic or Latino,Female,Yes,58,H10,Established_Outlet,0
P023,49,Hispanic or Latino,Female,Yes,59,H03,Established_Outlet,1
P023,49,Hispanic or Latino,Female,Yes,60,H31,Fact_Check_Flag,1
P023,49,Hispanic or Latino,Female,Yes,61,H21,Established_Outlet,1
P023,49,Hispanic or Latino,Female,Yes,62,H19,Established_Outlet,0
P023,49,Hispanic or Latino,Female,Yes,63,H16,Established_Outlet,0
P023,49,Hispanic or Latino,Female,Yes,64,H15,Fact_Check_Flag,1
P023,49,Hispanic or Latino,Female,Yes,65,H14,No_Label,0
P023,49,Hispanic or Latino,Female,Yes,66,H32,Fact_Check_Flag,0
P023,49,Hispanic or Latino,Female,Yes,67,H08,Established_Outlet,1
P023,49,Hispanic or Latino,Female,Yes,68,H01,No_Label,1
P023,49,Hispanic or Latino,Female,Yes,69,H05,Fact_Check_Flag,0
P023,49,Hispanic or Latino,Female,Yes,70,H16,No_Label,1
P023,49,Hispanic or Latino,Female,Yes,71,H03,Fact_Check_Flag,0
P023,49,Hispanic or Latino,Female,Yes,72,H26,Established_Outlet,0
P023,49,Hispanic or Latino,Female,Yes,73,H32,Established_Outlet,0
P023,49,Hispanic or Latino,Female,Yes,74,H29,Established_Outlet,0
P023,49,Hispanic or Latino,Female,Yes,75,H18,No_Label,0
P023,49,Hispanic or Latino,Female,Yes,76,H11,Fact_Check_Flag,0
P023,49,Hispanic or Latino,Female,Yes,77,H11,Established_Outlet,0
P023,49,Hispanic or Latino,Female,Yes,78,H02,Established_Outlet,0
P023,49,Hispanic or Latino,Female,Yes,79,H21,Fact_Check_Flag,1
P023,49,Hispanic or Latino,Female,Yes,80,H12,Fact_Check_Flag,0
P023,49,Hispanic or Latino,Female,Yes,81,H20,Fact_Check_Flag,0
P023,49,Hispanic or Latino,Female,Yes,82,H27,Established_Outlet,1
P023,49,Hispanic or Latino,Female,Yes,83,H29,Fact_Check_Flag,0
P023,49,Hispanic or Latino,Female,Yes,84,H30,Established_Outlet,0
P023,49,Hispanic or Latino,Female,Yes,85,H17,Fact_Check_Flag,0
P023,49,Hispanic or Latino,Female,Yes,86,H07,Established_Outlet,1
P023,49,Hispanic or Latino,Female,Yes,87,H25,Established_Outlet,0
P023,49,Hispanic or Latino,Female,Yes,88,H31,Established_Outlet,1
P023,49,Hispanic or Latino,Female,Yes,89,H26,Fact_Check_Flag,0
P023,49,Hispanic or Latino,Female,Yes,90,H11,No_Label,0
P023,49,Hispanic or Latino,Female,Yes,91,H10,No_Label,0
P023,49,Hispanic or Latino,Female,Yes,92,H16,Fact_Check_Flag,0
P023,49,Hispanic or Latino,Female,Yes,93,H07,No_Label,0
P023,49,Hispanic or Latino,Female,Yes,94,H08,Fact_Check_Flag,1
P023,49,Hispanic or Latino,Female,Yes,95,H30,Fact_Check_Flag,0
P023,49,Hispanic or Latino,Female,Yes,96,H17,No_Label,0
P024,37,Hispanic or Latino,Male,Yes,1,H12,No_Label,1
P024,37,Hispanic or Latino,Male,Yes,2,H18,No_Label,0
P024,37,Hispanic or Latino,Male,Yes,3,H06,Established_Outlet,0
P024,37,Hispanic or Latino,Male,Yes,4,H05,No_Label,0
P024,37,Hispanic or Latino,Male,Yes,5,H14,Established_Outlet,0
P024,37,Hispanic or Latino,Male,Yes,6,H18,Established_Outlet,0
P024,37,Hispanic or Latino,Male,Yes,7,H05,Fact_Check_Flag,0
P024,37,Hispanic or Latino,Male,Yes,8,H21,Fact_Check_Flag,1
P024,37,Hispanic or Latino,Male,Yes,9,H05,Established_Outlet,0
P024,37,Hispanic or Latino,Male,Yes,10,H19,Established_Outlet,1
P024,37,Hispanic or Latino,Male,Yes,11,H23,No_Label,1
P024,37,Hispanic or Latino,Male,Yes,12,H11,Fact_Check_Flag,0
P024,37,Hispanic or Latino,Male,Yes,13,H03,No_Label,0
P024,37,Hispanic or Latino,Male,Yes,14,H24,Established_Outlet,1
P024,37,Hispanic or Latino,Male,Yes,15,H19,No_Label,0
P024,37,Hispanic or Latino,Male,Yes,16,H19,Fact_Check_Flag,1
P024,37,Hispanic or Latino,Male,Yes,17,H24,No_Label,1
P024,37,Hispanic or Latino,Male,Yes,18,H10,Fact_Check_Flag,0
P024,37,Hispanic or Latino,Male,Yes,19,H10,Established_Outlet,0
P024,37,Hispanic or Latino,Male,Yes,20,H03,Fact_Check_Flag,0
P024,37,Hispanic or Latino,Male,Yes,21,H13,No_Label,1
P024,37,Hispanic or Latino,Male,Yes,22,H09,No_Label,1
P024,37,Hispanic or Latino,Male,Yes,23,H12,Established_Outlet,1
P024,37,Hispanic or Latino,Male,Yes,24,H13,Established_Outlet,1
P024,37,Hispanic or Latino,Male,Yes,25,H23,Fact_Check_Flag,0
P024,37,Hispanic or Latino,Male,Yes,26,H21,Established_Outlet,1
P024,37,Hispanic or Latino,Male,Yes,27,H30,Fact_Check_Flag,0
P024,37,Hispanic or Latino,Male,Yes,28,H03,Established_Outlet,1
P024,37,Hispanic or Latino,Male,Yes,29,H32,No_Label,0
P024,37,Hispanic or Latino,Male,Yes,30,H29,Fact_Check_Flag,0
P024,37,Hispanic or Latino,Male,Yes,31,H02,Established_Outlet,1
P024,37,Hispanic or Latino,Male,Yes,32,H02,No_Label,0
P024,37,Hispanic or Latino,Male,Yes,33,H18,Fact_Check_Flag,0
P024,37,Hispanic or Latino,Male,Yes,34,H32,Established_Outlet,0
P024,37,Hispanic or Latino,Male,Yes,35,H26,Fact_Check_Flag,0
P024,37,Hispanic or Latino,Male,Yes,36,H25,Established_Outlet,1
P024,37,Hispanic or Latino,Male,Yes,37,H14,Fact_Check_Flag,1
P024,37,Hispanic or Latino,Male,Yes,38,H30,Established_Outlet,1
P024,37,Hispanic or Latino,Male,Yes,39,H27,Established_Outlet,0
P024,37,Hispanic or Latino,Male,Yes,40,H16,Fact_Check_Flag,0
P024,37,Hispanic or Latino,Male,Yes,41,H04,Fact_Check_Flag,0
P024,37,Hispanic or Latino,Male,Yes,42,H01,Established_Outlet,1
P024,37,Hispanic or Latino,Male,Yes,43,H15,Fact_Check_Flag,1
P024,37,Hispanic or Latino,Male,Yes,44,H08,Fact_Check_Flag,1
P024,37,Hispanic or Latino,Male,Yes,45,H27,Fact_Check_Flag,0
P024,37,Hispanic or Latino,Male,Yes,46,H28,Fact_Check_Flag,0
P024,37,Hispanic or Latino,Male,Yes,47,H06,No_Label,0
P024,37,Hispanic or Latino,Male,Yes,48,H10,No_Label,0
P024,37,Hispanic or Latino,Male,Yes,49,H30,No_Label,0
P024,37,Hispanic or Latino,Male,Yes,50,H11,Established_Outlet,0
P024,37,Hispanic or Latino,Male,Yes,51,H17,No_Label,0
P024,37,Hispanic or Latino,Male,Yes,52,H07,Established_Outlet,0
P024,37,Hispanic or Latino,Male,Yes,53,H16,No_Label,0
P024,37,Hispanic or Latino,Male,Yes,54,H01,Fact_Check_Flag,1
P024,37,Hispanic or Latino,Male,Yes,55,H06,Fact_Check_Flag,0
P024,37,Hispanic or Latino,Male,Yes,56,H20,Fact_Check_Flag,0
P024,37,Hispanic or Latino,Male,Yes,57,H13,Fact_Check_Flag,1
P024,37,Hispanic or Latino,Male,Yes,58,H28,Established_Outlet,0
P024,37,Hispanic or Latino,Male,Yes,59,H15,No_Label,1
P024,37,Hispanic or Latino,Male,Yes,60,H02,Fact_Check_Flag,0
P024,37,Hispanic or Latino,Male,Yes,61,H04,Established_Outlet,0
P024,37,Hispanic or Latino,Male,Yes,62,H04,No_Label,0
P024,37,Hispanic or Latino,Male,Yes,63,H21,No_Label,0
P024,37,Hispanic or Latino,Male,Yes,64,H24,Fact_Check_Flag,0
P024,37,Hispanic or Latino,Male,Yes,65,H09,Fact_Check_Flag,1
P024,37,Hispanic or Latino,Male,Yes,66,H09,Established_Outlet,0
P024,37,Hispanic or Latino,Male,Yes,67,H26,Established_Outlet,1
P024,37,Hispanic or Latino,Male,Yes,68,H07,Fact_Check_Flag,0
P024,37,Hispanic or Latino,Male,Yes,69,H14,No_Label,1
P024,37,Hispanic or Latino,Male,Yes,70,H01,No_Label,0
P024,37,Hispanic or Latino,Male,Yes,71,H29,No_Label,0
P024,37,Hispanic or Latino,Male,Yes,72,H31,Fact_Check_Flag,0
P024,37,Hispanic or Latino,Male,Yes,73,H22,Fact_Check_Flag,0
P024,37,Hispanic or Latino,Male,Yes,74,H26,No_Label,0
P024,37,Hispanic or Latino,Male,Yes,75,H15,Established_Outlet,1
P024,37,Hispanic or Latino,Male,Yes,76,H23,Established_Outlet,0
P024,37,Hispanic or Latino,Male,Yes,77,H31,No_Label,1
P024,37,Hispanic or Latino,Male,Yes,78,H08,No_Label,0
P024,37,Hispanic or Latino,Male,Yes,79,H17,Established_Outlet,1
P024,37,Hispanic or Latino,Male,Yes,80,H07,No_Label,0
P024,37,Hispanic or Latino,Male,Yes,81,H12,Fact_Check_Flag,1
P024,37,Hispanic or Latino,Male,Yes,82,H28,No_Label,0
P024,37,Hispanic or Latino,Male,Yes,83,H22,Established_Outlet,0
P024,37,Hispanic or Latino,Male,Yes,84,H20,No_Label,1
P024,37,Hispanic or Latino,Male,Yes,85,H17,Fact_Check_Flag,0
P024,37,Hispanic or Latino,Male,Yes,86,H25,Fact_Check_Flag,0
P024,37,Hispanic or Latino,Male,Yes,87,H22,No_Label,0
P024,37,Hispanic or Latino,Male,Yes,88,H08,Established_Outlet,0
P024,37,Hispanic or Latino,Male,Yes,89,H31,Established_Outlet,1
P024,37,Hispanic or Latino,Male,Yes,90,H25,No_Label,0
P024,37,Hispanic or Latino,Male,Yes,91,H11,No_Label,0
P024,37,Hispanic or Latino,Male,Yes,92,H27,No_Label,1
P024,37,Hispanic or Latino,Male,Yes,93,H32,Fact_Check_Flag,0
P024,37,Hispanic or Latino,Male,Yes,94,H29,Established_Outlet,0
P024,37,Hispanic or Latino,Male,Yes,95,H16,Established_Outlet,0
P024,37,Hispanic or Latino,Male,Yes,96,H20,Established_Outlet,1
P025,30,Hispanic or Latino,Male,Yes,1,H06,Fact_Check_Flag,0
P025,30,Hispanic or Latino,Male,Yes,2,H32,Fact_Check_Flag,0
P025,30,Hispanic or Latino,Male,Yes,3,H24,Established_Outlet,1
P025,30,Hispanic or Latino,Male,Yes,4,H31,No_Label,1
P025,30,Hispanic or Latino,Male,Yes,5,H13,No_Label,1
P025,30,Hispanic or Latino,Male,Yes,6,H26,No_Label,1
P025,30,Hispanic or Latino,Male,Yes,7,H29,No_Label,0
P025,30,Hispanic or Latino,Male,Yes,8,H16,Fact_Check_Flag,1
P025,30,Hispanic or Latino,Male,Yes,9,H28,No_Label,0
P025,30,Hispanic or Latino,Male,Yes,10,H23,Fact_Check_Flag,1
P025,30,Hispanic or Latino,Male,Yes,11,H07,Established_Outlet,1
P025,30,Hispanic or Latino,Male,Yes,12,H28,Established_Outlet,1
P025,30,Hispanic or Latino,Male,Yes,13,H31,Fact_Check_Flag,1
P025,30,Hispanic or Latino,Male,Yes,14,H12,No_Label,1
P025,30,Hispanic or Latino,Male,Yes,15,H18,Fact_Check_Flag,0
P025,30,Hispanic or Latino,Male,Yes,16,H05,No_Label,1
P025,30,Hispanic or Latino,Male,Yes,17,H30,No_Label,1
P025,30,Hispanic or Latino,Male,Yes,18,H10,Established_Outlet,1
P025,30,Hispanic or Latino,Male,Yes,19,H15,Established_Outlet,1
P025,30,Hispanic or Latino,Male,Yes,20,H07,Fact_Check_Flag,1
P025,30,Hispanic or Latino,Male,Yes,21,H13,Established_Outlet,1
P025,30,Hispanic or Latino,Male,Yes,22,H16,Established_Outlet,1
P025,30,Hispanic or Latino,Male,Yes,23,H19,No_Label,1
P025,30,Hispanic or Latino,Male,Yes,24,H04,No_Label,1
P025,30,Hispanic or Latino,Male,Yes,25,H02,No_Label,1
P025,30,Hispanic or Latino,Male,Yes,26,H20,Fact_Check_Flag,1
P025,30,Hispanic or Latino,Male,Yes,27,H04,Established_Outlet,1
P025,30,Hispanic or Latino,Male,Yes,28,H22,Established_Outlet,1
P025,30,Hispanic or Latino,Male,Yes,29,H11,Fact_Check_Flag,1
P025,30,Hispanic or Latino,Male,Yes,30,H17,Established_Outlet,1
P025,30,Hispanic or Latino,Male,Yes,31,H15,No_Label,1
P025,30,Hispanic or Latino,Male,Yes,32,H18,No_Label,1
P025,30,Hispanic or Latino,Male,Yes,33,H21,No_Label,1
P025,30,Hispanic or Latino,Male,Yes,34,H30,Fact_Check_Flag,1
P025,30,Hispanic or Latino,Male,Yes,35,H03,Fact_Check_Flag,1
P025,30,Hispanic or Latino,Male,Yes,36,H27,Fact_Check_Flag,1
P025,30,Hispanic or Latino,Male,Yes,37,H25,Established_Outlet,1
P025,30,Hispanic or Latino,Male,Yes,38,H09,Established_Outlet,1
P025,30,Hispanic or Latino,Male,Yes,39,H06,No_Label,1
P025,30,Hispanic or Latino,Male,Yes,40,H23,No_Label,1
P025,30,Hispanic or Latino,Male,Yes,41,H07,No_Label,1
P025,30,Hispanic or Latino,Male,Yes,42,H22,No_Label,1
P025,30,Hispanic or Latino,Male,Yes,43,H08,Established_Outlet,1
P025,30,Hispanic or Latino,Male,Yes,44,H26,Established_Outlet,1
P025,30,Hispanic or Latino,Male,Yes,45,H14,Fact_Check_Flag,0
P025,30,Hispanic or Latino,Male,Yes,46,H27,Established_Outlet,1
P025,30,Hispanic or Latino,Male,Yes,47,H09,Fact_Check_Flag,1
P025,30,Hispanic or Latino,Male,Yes,48,H02,Established_Outlet,1
P025,30,Hispanic or Latino,Male,Yes,49,H10,No_Label,0
P025,30,Hispanic or Latino,Male,Yes,50,H28,Fact_Check_Flag,0
P025,30,Hispanic or Latino,Male,Yes,51,H21,Fact_Check_Flag,1
P025,30,Hispanic or Latino,Male,Yes,52,H24,No_Label,1
P025,30,Hispanic or Latino,Male,Yes,53,H29,Fact_Check_Flag,0
P025,30,Hispanic or Latino,Male,Yes,54,H11,Established_Outlet,1
P025,30,Hispanic or Latino,Male,Yes,55,H24,Fact_Check_Flag,1
P025,30,Hispanic or Latino,Male,Yes,56,H20,No_Label,0
P025,30,Hispanic or Latino,Male,Yes,57,H02,Fact_Check_Flag,1
P025,30,Hispanic or Latino,Male,Yes,58,H09,No_Label,1
P025,30,Hispanic or Latino,Male,Yes,59,H30,Established_Outlet,0
P025,30,Hispanic or Latino,Male,Yes,60,H17,No_Label,1
P025,30,Hispanic or Latino,Male,Yes,61,H05,Fact_Check_Flag,0
P025,30,Hispanic or Latino,Male,Yes,62,H08,Fact_Check_Flag,1
P025,30,Hispanic or Latino,Male,Yes,63,H14,Established_Outlet,1
P025,30,Hispanic or Latino,Male,Yes,64,H12,Fact_Check_Flag,1
P025,30,Hispanic or Latino,Male,Yes,65,H32,No_Label,1
P025,30,Hispanic or Latino,Male,Yes,66,H16,No_Label,1
P025,30,Hispanic or Latino,Male,Yes,67,H14,No_Label,1
P025,30,Hispanic or Latino,Male,Yes,68,H08,No_Label,1
P025,30,Hispanic or Latino,Male,Yes,69,H03,Established_Outlet,1
P025,30,Hispanic or Latino,Male,Yes,70,H13,Fact_Check_Flag,1
P025,30,Hispanic or Latino,Male,Yes,71,H06,Established_Outlet,1
P025,30,Hispanic or Latino,Male,Yes,72,H18,Established_Outlet,0
P025,30,Hispanic or Latino,Male,Yes,73,H12,Established_Outlet,1
P025,30,Hispanic or Latino,Male,Yes,74,H11,No_Label,1
P025,30,Hispanic or Latino,Male,Yes,75,H01,No_Label,1
P025,30,Hispanic or Latino,Male,Yes,76,H27,No_Label,1
P025,30,Hispanic or Latino,Male,Yes,77,H03,No_Label,1
P025,30,Hispanic or Latino,Male,Yes,78,H05,Established_Outlet,1
P025,30,Hispanic or Latino,Male,Yes,79,H10,Fact_Check_Flag,1
P025,30,Hispanic or Latino,Male,Yes,80,H17,Fact_Check_Flag,0
P025,30,Hispanic or Latino,Male,Yes,81,H01,Established_Outlet,0
P025,30,Hispanic or Latino,Male,Yes,82,H23,Established_Outlet,1
P025,30,Hispanic or Latino,Male,Yes,83,H19,Established_Outlet,1
P025,30,Hispanic or Latino,Male,Yes,84,H25,Fact_Check_Flag,0
P025,30,Hispanic or Latino,Male,Yes,85,H29,Established_Outlet,0
P025,30,Hispanic or Latino,Male,Yes,86,H04,Fact_Check_Flag,1
P025,30,Hispanic or Latino,Male,Yes,87,H19,Fact_Check_Flag,1
P025,30,Hispanic or Latino,Male,Yes,88,H21,Established_Outlet,1
P025,30,Hispanic or Latino,Male,Yes,89,H26,Fact_Check_Flag,1
P025,30,Hispanic or Latino,Male,Yes,90,H01,Fact_Check_Flag,1
P025,30,Hispanic or Latino,Male,Yes,91,H15,Fact_Check_Flag,1
P025,30,Hispanic or Latino,Male,Yes,92,H32,Established_Outlet,1
P025,30,Hispanic or Latino,Male,Yes,93,H25,No_Label,0
P025,30,Hispanic or Latino,Male,Yes,94,H20,Established_Outlet,1
P025,30,Hispanic or Latino,Male,Yes,95,H31,Established_Outlet,1
P025,30,Hispanic or Latino,Male,Yes,96,H22,Fact_Check_Flag,1
P026,28,White,Male,Yes,1,H12,No_Label,1
P026,28,White,Male,Yes,2,H10,Established_Outlet,0
P026,28,White,Male,Yes,3,H21,No_Label,0
P026,28,White,Male,Yes,4,H04,Fact_Check_Flag,0
P026,28,White,Male,Yes,5,H02,Established_Outlet,1
P026,28,White,Male,Yes,6,H02,Fact_Check_Flag,0
P026,28,White,Male,Yes,7,H24,Fact_Check_Flag,0
P026,28,White,Male,Yes,8,H20,No_Label,0
P026,28,White,Male,Yes,9,H14,Fact_Check_Flag,0
P026,28,White,Male,Yes,10,H21,Established_Outlet,1
P026,28,White,Male,Yes,11,H22,Established_Outlet,1
P026,28,White,Male,Yes,12,H12,Fact_Check_Flag,1
P026,28,White,Male,Yes,13,H31,Fact_Check_Flag,0
P026,28,White,Male,Yes,14,H03,No_Label,0
P026,28,White,Male,Yes,15,H26,No_Label,0
P026,28,White,Male,Yes,16,H13,No_Label,1
P026,28,White,Male,Yes,17,H31,No_Label,0
P026,28,White,Male,Yes,18,H05,Fact_Check_Flag,0
P026,28,White,Male,Yes,19,H07,Fact_Check_Flag,1
P026,28,White,Male,Yes,20,H08,Fact_Check_Flag,0
P026,28,White,Male,Yes,21,H03,Established_Outlet,1
P026,28,White,Male,Yes,22,H16,Established_Outlet,0
P026,28,White,Male,Yes,23,H06,No_Label,0
P026,28,White,Male,Yes,24,H21,Fact_Check_Flag,1
P026,28,White,Male,Yes,25,H29,No_Label,0
P026,28,White,Male,Yes,26,H15,Fact_Check_Flag,1
P026,28,White,Male,Yes,27,H13,Fact_Check_Flag,1
P026,28,White,Male,Yes,28,H23,Established_Outlet,1
P026,28,White,Male,Yes,29,H24,No_Label,0
P026,28,White,Male,Yes,30,H09,Fact_Check_Flag,0
P026,28,White,Male,Yes,31,H23,No_Label,1
P026,28,White,Male,Yes,32,H26,Established_Outlet,0
P026,28,White,Male,Yes,33,H18,Established_Outlet,0
P026,28,White,Male,Yes,34,H06,Established_Outlet,0
P026,28,White,Male,Yes,35,H28,Established_Outlet,0
P026,28,White,Male,Yes,36,H08,No_Label,0
P026,28,White,Male,Yes,37,H11,Fact_Check_Flag,1
P026,28,White,Male,Yes,38,H20,Established_Outlet,0
P026,28,White,Male,Yes,39,H10,No_Label,1
P026,28,White,Male,Yes,40,H30,Established_Outlet,0
P026,28,White,Male,Yes,41,H29,Fact_Check_Flag,0
P026,28,White,Male,Yes,42,H23,Fact_Check_Flag,1
P026,28,White,Male,Yes,43,H03,Fact_Check_Flag,0
P026,28,White,Male,Yes,44,H05,No_Label,1
P026,28,White,Male,Yes,45,H32,Fact_Check_Flag,0
P026,28,White,Male,Yes,46,H15,No_Label,0
P026,28,White,Male,Yes,47,H01,No_Label,1
P026,28,White,Male,Yes,48,H12,Established_Outlet,1
P026,28,White,Male,Yes,49,H06,Fact_Check_Flag,0
P026,28,White,Male,Yes,50,H04,No_Label,0
P026,28,White,Male,Yes,51,H32,Established_Outlet,0
P026,28,White,Male,Yes,52,H05,Established_Outlet,0
P026,28,White,Male,Yes,53,H16,Fact_Check_Flag,0
P026,28,White,Male,Yes,54,H11,Established_Outlet,1
P026,28,White,Male,Yes,55,H30,Fact_Check_Flag,0
P026,28,White,Male,Yes,56,H10,Fact_Check_Flag,0
P026,28,White,Male,Yes,57,H25,No_Label,1
P026,28,White,Male,Yes,58,H16,No_Label,0
P026,28,White,Male,Yes,59,H24,Established_Outlet,0
P026,28,White,Male,Yes,60,H07,No_Label,0
P026,28,White,Male,Yes,61,H13,Established_Outlet,1
P026,28,White,Male,Yes,62,H11,No_Label,0
P026,28,White,Male,Yes,63,H09,Established_Outlet,1
P026,28,White,Male,Yes,64,H22,No_Label,0
P026,28,White,Male,Yes,65,H01,Fact_Check_Flag,1
P026,28,White,Male,Yes,66,H08,Established_Outlet,0
P026,28,White,Male,Yes,67,H18,No_Label,0
P026,28,White,Male,Yes,68,H25,Fact_Check_Flag,1
P026,28,White,Male,Yes,69,H26,Fact_Check_Flag,0
P026,28,White,Male,Yes,70,H17,Fact_Check_Flag,0
P026,28,White,Male,Yes,71,H20,Fact_Check_Flag,0
P026,28,White,Male,Yes,72,H29,Established_Outlet,0
P026,28,White,Male,Yes,73,H19,Established_Outlet,1
P026,28,White,Male,Yes,74,H25,Established_Outlet,1
P026,28,White,Male,Yes,75,H01,Established_Outlet,1
P026,28,White,Male,Yes,76,H28,Fact_Check_Flag,0
P026,28,White,Male,Yes,77,H27,Established_Outlet,1
P026,28,White,Male,Yes,78,H07,Established_Outlet,0
P026,28,White,Male,Yes,79,H02,No_Label,0
P026,28,White,Male,Yes,80,H09,No_Label,1
P026,28,White,Male,Yes,81,H32,No_Label,0
P026,28,White,Male,Yes,82,H17,No_Label,1
P026,28,White,Male,Yes,83,H31,Established_Outlet,1
P026,28,White,Male,Yes,84,H19,No_Label,0
P026,28,White,Male,Yes,85,H04,Established_Outlet,0
P026,28,White,Male,Yes,86,H19,Fact_Check_Flag,0
P026,28,White,Male,Yes,87,H14,No_Label,0
P026,28,White,Male,Yes,88,H22,Fact_Check_Flag,0
P026,28,White,Male,Yes,89,H14,Established_Outlet,0
P026,28,White,Male,Yes,90,H17,Established_Outlet,1
P026,28,White,Male,Yes,91,H28,No_Label,0
P026,28,White,Male,Yes,92,H18,Fact_Check_Flag,0
P026,28,White,Male,Yes,93,H30,No_Label,0
P026,28,White,Male,Yes,94,H27,Fact_Check_Flag,1
P026,28,White,Male,Yes,95,H27,No_Label,1
P026,28,White,Male,Yes,96,H15,Established_Outlet,1
P027,64,Multiracial or Other,Male,Yes,1,H04,No_Label,0
P027,64,Multiracial or Other,Male,Yes,2,H20,No_Label,0
P027,64,Multiracial or Other,Male,Yes,3,H26,Fact_Check_Flag,0
P027,64,Multiracial or Other,Male,Yes,4,H31,Established_Outlet,1
P027,64,Multiracial or Other,Male,Yes,5,H31,No_Label,1
P027,64,Multiracial or Other,Male,Yes,6,H25,Established_Outlet,1
P027,64,Multiracial or Other,Male,Yes,7,H16,Fact_Check_Flag,0
P027,64,Multiracial or Other,Male,Yes,8,H27,Fact_Check_Flag,1
P027,64,Multiracial or Other,Male,Yes,9,H12,Fact_Check_Flag,0
P027,64,Multiracial or Other,Male,Yes,10,H08,No_Label,1
P027,64,Multiracial or Other,Male,Yes,11,H23,Fact_Check_Flag,1
P027,64,Multiracial or Other,Male,Yes,12,H20,Established_Outlet,0
P027,64,Multiracial or Other,Male,Yes,13,H01,No_Label,1
P027,64,Multiracial or Other,Male,Yes,14,H09,Established_Outlet,1
P027,64,Multiracial or Other,Male,Yes,15,H17,Established_Outlet,1
P027,64,Multiracial or Other,Male,Yes,16,H14,No_Label,0
P027,64,Multiracial or Other,Male,Yes,17,H31,Fact_Check_Flag,1
P027,64,Multiracial or Other,Male,Yes,18,H16,No_Label,0
P027,64,Multiracial or Other,Male,Yes,19,H22,Established_Outlet,1
P027,64,Multiracial or Other,Male,Yes,20,H06,No_Label,0
P027,64,Multiracial or Other,Male,Yes,21,H23,Established_Outlet,1
P027,64,Multiracial or Other,Male,Yes,22,H21,No_Label,1
P027,64,Multiracial or Other,Male,Yes,23,H22,Fact_Check_Flag,0
P027,64,Multiracial or Other,Male,Yes,24,H08,Fact_Check_Flag,1
P027,64,Multiracial or Other,Male,Yes,25,H02,No_Label,1
P027,64,Multiracial or Other,Male,Yes,26,H30,Established_Outlet,1
P027,64,Multiracial or Other,Male,Yes,27,H29,Established_Outlet,1
P027,64,Multiracial or Other,Male,Yes,28,H28,Fact_Check_Flag,0
P027,64,Multiracial or Other,Male,Yes,29,H03,Fact_Check_Flag,0
P027,64,Multiracial or Other,Male,Yes,30,H13,No_Label,1
P027,64,Multiracial or Other,Male,Yes,31,H29,Fact_Check_Flag,0
P027,64,Multiracial or Other,Male,Yes,32,H13,Established_Outlet,1
P027,64,Multiracial or Other,Male,Yes,33,H27,Established_Outlet,1
P027,64,Multiracial or Other,Male,Yes,34,H10,No_Label,0
P027,64,Multiracial or Other,Male,Yes,35,H30,No_Label,1
P027,64,Multiracial or Other,Male,Yes,36,H09,No_Label,1
P027,64,Multiracial or Other,Male,Yes,37,H09,Fact_Check_Flag,1
P027,64,Multiracial or Other,Male,Yes,38,H17,No_Label,1
P027,64,Multiracial or Other,Male,Yes,39,H02,Fact_Check_Flag,1
P027,64,Multiracial or Other,Male,Yes,40,H24,Established_Outlet,1
P027,64,Multiracial or Other,Male,Yes,41,H32,Established_Outlet,1
P027,64,Multiracial or Other,Male,Yes,42,H03,No_Label,0
P027,64,Multiracial or Other,Male,Yes,43,H06,Established_Outlet,1
P027,64,Multiracial or Other,Male,Yes,44,H20,Fact_Check_Flag,0
P027,64,Multiracial or Other,Male,Yes,45,H23,No_Label,1
P027,64,Multiracial or Other,Male,Yes,46,H32,Fact_Check_Flag,1
P027,64,Multiracial or Other,Male,Yes,47,H19,No_Label,1
P027,64,Multiracial or Other,Male,Yes,48,H15,No_Label,0
P027,64,Multiracial or Other,Male,Yes,49,H10,Fact_Check_Flag,1
P027,64,Multiracial or Other,Male,Yes,50,H17,Fact_Check_Flag,0
P027,64,Multiracial or Other,Male,Yes,51,H16,Established_Outlet,0
P027,64,Multiracial or Other,Male,Yes,52,H05,No_Label,1
P027,64,Multiracial or Other,Male,Yes,53,H12,Established_Outlet,1
P027,64,Multiracial or Other,Male,Yes,54,H03,Established_Outlet,1
P027,64,Multiracial or Other,Male,Yes,55,H01,Fact_Check_Flag,0
P027,64,Multiracial or Other,Male,Yes,56,H12,No_Label,1
P027,64,Multiracial or Other,Male,Yes,57,H02,Established_Outlet,1
P027,64,Multiracial or Other,Male,Yes,58,H28,No_Label,1
P027,64,Multiracial or Other,Male,Yes,59,H18,Established_Outlet,1
P027,64,Multiracial or Other,Male,Yes,60,H11,No_Label,0
P027,64,Multiracial or Other,Male,Yes,61,H11,Established_Outlet,1
P027,64,Multiracial or Other,Male,Yes,62,H15,Fact_Check_Flag,1
P027,64,Multiracial or Other,Male,Yes,63,H11,Fact_Check_Flag,0
P027,64,Multiracial or Other,Male,Yes,64,H14,Established_Outlet,0
P027,64,Multiracial or Other,Male,Yes,65,H07,No_Label,0
P027,64,Multiracial or Other,Male,Yes,66,H28,Established_Outlet,0
P027,64,Multiracial or Other,Male,Yes,67,H27,No_Label,1
P027,64,Multiracial or Other,Male,Yes,68,H25,No_Label,1
P027,64,Multiracial or Other,Male,Yes,69,H15,Established_Outlet,1
P027,64,Multiracial or Other,Male,Yes,70,H22,No_Label,1
P027,64,Multiracial or Other,Male,Yes,71,H24,Fact_Check_Flag,0
P027,64,Multiracial or Other,Male,Yes,72,H07,Established_Outlet,0
P027,64,Multiracial or Other,Male,Yes,73,H21,Fact_Check_Flag,1
P027,64,Multiracial or Other,Male,Yes,74,H21,Established_Outlet,1
P027,64,Multiracial or Other,Male,Yes,75,H30,Fact_Check_Flag,1
P027,64,Multiracial or Other,Male,Yes,76,H25,Fact_Check_Flag,0
P027,64,Multiracial or Other,Male,Yes,77,H19,Established_Outlet,1
P027,64,Multiracial or Other,Male,Yes,78,H14,Fact_Check_Flag,1
P027,64,Multiracial or Other,Male,Yes,79,H13,Fact_Check_Flag,1
P027,64,Multiracial or Other,Male,Yes,80,H08,Established_Outlet,1
P027,64,Multiracial or Other,Male,Yes,81,H07,Fact_Check_Flag,0
P027,64,Multiracial or Other,Male,Yes,82,H32,No_Label,0
P027,64,Multiracial or Other,Male,Yes,83,H05,Fact_Check_Flag,1
P027,64,Multiracial or Other,Male,Yes,84,H24,No_Label,0
P027,64,Multiracial or Other,Male,Yes,85,H18,No_Label,1
P027,64,Multiracial or Other,Male,Yes,86,H29,No_Label,0
P027,64,Multiracial or Other,Male,Yes,87,H26,Established_Outlet,1
P027,64,Multiracial or Other,Male,Yes,88,H18,Fact_Check_Flag,0
P027,64,Multiracial or Other,Male,Yes,89,H06,Fact_Check_Flag,0
P027,64,Multiracial or Other,Male,Yes,90,H01,Established_Outlet,1
P027,64,Multiracial or Other,Male,Yes,91,H04,Established_Outlet,0
P027,64,Multiracial or Other,Male,Yes,92,H26,No_Label,1
P027,64,Multiracial or Other,Male,Yes,93,H10,Established_Outlet,0
P027,64,Multiracial or Other,Male,Yes,94,H04,Fact_Check_Flag,0
P027,64,Multiracial or Other,Male,Yes,95,H05,Established_Outlet,1
P027,64,Multiracial or Other,Male,Yes,96,H19,Fact_Check_Flag,1
P028,40,Black or African American,Female,No,1,H05,Fact_Check_Flag,0
P028,40,Black or African American,Female,No,2,H15,Established_Outlet,1
P028,40,Black or African American,Female,No,3,H11,Fact_Check_Flag,0
P028,40,Black or African American,Female,No,4,H02,Established_Outlet,0
P028,40,Black or African American,Female,No,5,H04,Fact_Check_Flag,0
P028,40,Black or African American,Female,No,6,H08,Fact_Check_Flag,0
P028,40,Black or African American,Female,No,7,H26,Fact_Check_Flag,0
P028,40,Black or African American,Female,No,8,H16,Established_Outlet,0
P028,40,Black or African American,Female,No,9,H24,Fact_Check_Flag,0
P028,40,Black or African American,Female,No,10,H09,No_Label,1
P028,40,Black or African American,Female,No,11,H26,Established_Outlet,0
P028,40,Black or African American,Female,No,12,H16,Fact_Check_Flag,0
P028,40,Black or African American,Female,No,13,H14,No_Label,0
P028,40,Black or African American,Female,No,14,H14,Established_Outlet,1
P028,40,Black or African American,Female,No,15,H01,Established_Outlet,1
P028,40,Black or African American,Female,No,16,H03,Established_Outlet,1
P028,40,Black or African American,Female,No,17,H29,No_Label,0
P028,40,Black or African American,Female,No,18,H11,No_Label,1
P028,40,Black or African American,Female,No,19,H19,Fact_Check_Flag,1
P028,40,Black or African American,Female,No,20,H32,No_Label,0
P028,40,Black or African American,Female,No,21,H18,Fact_Check_Flag,0
P028,40,Black or African American,Female,No,22,H15,Fact_Check_Flag,0
P028,40,Black or African American,Female,No,23,H14,Fact_Check_Flag,0
P028,40,Black or African American,Female,No,24,H13,No_Label,0
P028,40,Black or African American,Female,No,25,H17,Fact_Check_Flag,0
P028,40,Black or African American,Female,No,26,H30,Established_Outlet,1
P028,40,Black or African American,Female,No,27,H17,No_Label,0
P028,40,Black or African American,Female,No,28,H21,Fact_Check_Flag,1
P028,40,Black or African American,Female,No,29,H25,Established_Outlet,1
P028,40,Black or African American,Female,No,30,H03,Fact_Check_Flag,1
P028,40,Black or African American,Female,No,31,H25,Fact_Check_Flag,0
P028,40,Black or African American,Female,No,32,H18,No_Label,0
P028,40,Black or African American,Female,No,33,H07,No_Label,1
P028,40,Black or African American,Female,No,34,H27,No_Label,0
P028,40,Black or African American,Female,No,35,H02,Fact_Check_Flag,1
P028,40,Black or African American,Female,No,36,H11,Established_Outlet,0
P028,40,Black or African American,Female,No,37,H27,Established_Outlet,1
P028,40,Black or African American,Female,No,38,H19,Established_Outlet,1
P028,40,Black or African American,Female,No,39,H32,Established_Outlet,0
P028,40,Black or African American,Female,No,40,H31,Fact_Check_Flag,0
P028,40,Black or African American,Female,No,41,H30,No_Label,1
P028,40,Black or African American,Female,No,42,H12,Established_Outlet,1
P028,40,Black or African American,Female,No,43,H31,Established_Outlet,1
P028,40,Black or African American,Female,No,44,H10,Established_Outlet,1
P028,40,Black or African American,Female,No,45,H29,Fact_Check_Flag,0
P028,40,Black or African American,Female,No,46,H18,Established_Outlet,0
P028,40,Black or African American,Female,No,47,H23,Established_Outlet,1
P028,40,Black or African American,Female,No,48,H25,No_Label,0
P028,40,Black or African American,Female,No,49,H22,Fact_Check_Flag,0
P028,40,Black or African American,Female,No,50,H19,No_Label,1
P028,40,Black or African American,Female,No,51,H22,Established_Outlet,0
P028,40,Black or African American,Female,No,52,H26,No_Label,1
P028,40,Black or African American,Female,No,53,H07,Established_Outlet,1
P028,40,Black or African American,Female,No,54,H29,Established_Outlet,1
P028,40,Black or African American,Female,No,55,H20,Fact_Check_Flag,0
P028,40,Black or African American,Female,No,56,H07,Fact_Check_Flag,0
P028,40,Black or African American,Female,No,57,H04,Established_Outlet,1
P028,40,Black or African American,Female,No,58,H10,No_Label,0
P028,40,Black or African American,Female,No,59,H12,No_Label,1
P028,40,Black or African American,Female,No,60,H24,No_Label,0
P028,40,Black or African American,Female,No,61,H09,Established_Outlet,1
P028,40,Black or African American,Female,No,62,H28,No_Label,0
P028,40,Black or African American,Female,No,63,H05,Established_Outlet,1
P028,40,Black or African American,Female,No,64,H30,Fact_Check_Flag,1
P028,40,Black or African American,Female,No,65,H16,No_Label,0
P028,40,Black or African American,Female,No,66,H05,No_Label,0
P028,40,Black or African American,Female,No,67,H21,No_Label,1
P028,40,Black or African American,Female,No,68,H08,Established_Outlet,0
P028,40,Black or African American,Female,No,69,H09,Fact_Check_Flag,0
P028,40,Black or African American,Female,No,70,H15,No_Label,0
P028,40,Black or African American,Female,No,71,H28,Established_Outlet,0
P028,40,Black or African American,Female,No,72,H20,No_Label,1
P028,40,Black or African American,Female,No,73,H01,No_Label,0
P028,40,Black or African American,Female,No,74,H04,No_Label,0
P028,40,Black or African American,Female,No,75,H27,Fact_Check_Flag,0
P028,40,Black or African American,Female,No,76,H23,Fact_Check_Flag,0
P028,40,Black or African American,Female,No,77,H02,No_Label,0
P028,40,Black or African American,Female,No,78,H06,Fact_Check_Flag,0
P028,40,Black or African American,Female,No,79,H23,No_Label,0
P028,40,Black or African American,Female,No,80,H06,Established_Outlet,1
P028,40,Black or African American,Female,No,81,H06,No_Label,0
P028,40,Black or African American,Female,No,82,H13,Fact_Check_Flag,0
P028,40,Black or African American,Female,No,83,H28,Fact_Check_Flag,0
P028,40,Black or African American,Female,No,84,H24,Established_Outlet,0
P028,40,Black or African American,Female,No,85,H31,No_Label,1
P028,40,Black or African American,Female,No,86,H21,Established_Outlet,1
P028,40,Black or African American,Female,No,87,H20,Established_Outlet,1
P028,40,Black or African American,Female,No,88,H22,No_Label,1
P028,40,Black or African American,Female,No,89,H01,Fact_Check_Flag,0
P028,40,Black or African American,Female,No,90,H17,Established_Outlet,0
P028,40,Black or African American,Female,No,91,H08,No_Label,0
P028,40,Black or African American,Female,No,92,H13,Established_Outlet,1
P028,40,Black or African American,Female,No,93,H32,Fact_Check_Flag,0
P028,40,Black or African American,Female,No,94,H12,Fact_Check_Flag,0
P028,40,Black or African American,Female,No,95,H03,No_Label,1
P028,40,Black or African American,Female,No,96,H10,Fact_Check_Flag,0
P029,26,White,Female,Yes,1,H32,Fact_Check_Flag,0
P029,26,White,Female,Yes,2,H19,No_Label,0
P029,26,White,Female,Yes,3,H28,Established_Outlet,0
P029,26,White,Female,Yes,4,H32,Established_Outlet,1
P029,26,White,Female,Yes,5,H09,No_Label,0
P029,26,White,Female,Yes,6,H26,Established_Outlet,1
P029,26,White,Female,Yes,7,H29,Fact_Check_Flag,0
P029,26,White,Female,Yes,8,H24,No_Label,0
P029,26,White,Female,Yes,9,H30,Established_Outlet,0
P029,26,White,Female,Yes,10,H12,Fact_Check_Flag,0
P029,26,White,Female,Yes,11,H06,Fact_Check_Flag,0
P029,26,White,Female,Yes,12,H30,Fact_Check_Flag,1
P029,26,White,Female,Yes,13,H23,Fact_Check_Flag,0
P029,26,White,Female,Yes,14,H01,No_Label,0
P029,26,White,Female,Yes,15,H24,Fact_Check_Flag,0
P029,26,White,Female,Yes,16,H08,No_Label,0
P029,26,White,Female,Yes,17,H04,Fact_Check_Flag,0
P029,26,White,Female,Yes,18,H03,Fact_Check_Flag,0
P029,26,White,Female,Yes,19,H21,Fact_Check_Flag,0
P029,26,White,Female,Yes,20,H03,Established_Outlet,1
P029,26,White,Female,Yes,21,H05,No_Label,1
P029,26,White,Female,Yes,22,H18,No_Label,1
P029,26,White,Female,Yes,23,H02,No_Label,0
P029,26,White,Female,Yes,24,H11,Fact_Check_Flag,0
P029,26,White,Female,Yes,25,H31,No_Label,0
P029,26,White,Female,Yes,26,H14,No_Label,0
P029,26,White,Female,Yes,27,H01,Established_Outlet,1
P029,26,White,Female,Yes,28,H13,No_Label,0
P029,26,White,Female,Yes,29,H06,No_Label,0
P029,26,White,Female,Yes,30,H01,Fact_Check_Flag,0
P029,26,White,Female,Yes,31,H22,Established_Outlet,0
P029,26,White,Female,Yes,32,H19,Established_Outlet,1
P029,26,White,Female,Yes,33,H16,Fact_Check_Flag,0
P029,26,White,Female,Yes,34,H02,Established_Outlet,1
P029,26,White,Female,Yes,35,H14,Fact_Check_Flag,0
P029,26,White,Female,Yes,36,H11,No_Label,0
P029,26,White,Female,Yes,37,H10,Fact_Check_Flag,0
P029,26,White,Female,Yes,38,H08,Established_Outlet,0
P029,26,White,Female,Yes,39,H22,Fact_Check_Flag,0
P029,26,White,Female,Yes,40,H24,Established_Outlet,0
P029,26,White,Female,Yes,41,H17,Fact_Check_Flag,1
P029,26,White,Female,Yes,42,H04,Established_Outlet,0
P029,26,White,Female,Yes,43,H26,Fact_Check_Flag,0
P029,26,White,Female,Yes,44,H28,Fact_Check_Flag,0
P029,26,White,Female,Yes,45,H19,Fact_Check_Flag,0
P029,26,White,Female,Yes,46,H27,Established_Outlet,1
P029,26,White,Female,Yes,47,H25,Established_Outlet,0
P029,26,White,Female,Yes,48,H29,Established_Outlet,0
P029,26,White,Female,Yes,49,H16,Established_Outlet,0
P029,26,White,Female,Yes,50,H11,Established_Outlet,1
P029,26,White,Female,Yes,51,H20,Established_Outlet,0
P029,26,White,Female,Yes,52,H31,Established_Outlet,1
P029,26,White,Female,Yes,53,H23,Established_Outlet,1
P029,26,White,Female,Yes,54,H07,No_Label,1
P029,26,White,Female,Yes,55,H15,Fact_Check_Flag,0
P029,26,White,Female,Yes,56,H18,Fact_Check_Flag,0
P029,26,White,Female,Yes,57,H25,Fact_Check_Flag,0
P029,26,White,Female,Yes,58,H26,No_Label,0
P029,26,White,Female,Yes,59,H27,No_Label,1
P029,26,White,Female,Yes,60,H27,Fact_Check_Flag,0
P029,26,White,Female,Yes,61,H23,No_Label,0
P029,26,White,Female,Yes,62,H04,No_Label,0
P029,26,White,Female,Yes,63,H10,Established_Outlet,0
P029,26,White,Female,Yes,64,H03,No_Label,1
P029,26,White,Female,Yes,65,H10,No_Label,0
P029,26,White,Female,Yes,66,H20,No_Label,0
P029,26,White,Female,Yes,67,H22,No_Label,0
P029,26,White,Female,Yes,68,H07,Fact_Check_Flag,0
P029,26,White,Female,Yes,69,H32,No_Label,0
P029,26,White,Female,Yes,70,H17,Established_Outlet,1
P029,26,White,Female,Yes,71,H14,Established_Outlet,0
P029,26,White,Female,Yes,72,H15,No_Label,0
P029,26,White,Female,Yes,73,H05,Fact_Check_Flag,1
P029,26,White,Female,Yes,74,H05,Established_Outlet,1
P029,26,White,Female,Yes,75,H28,No_Label,0
P029,26,White,Female,Yes,76,H17,No_Label,0
P029,26,White,Female,Yes,77,H29,No_Label,0
P029,26,White,Female,Yes,78,H16,No_Label,0
P029,26,White,Female,Yes,79,H07,Established_Outlet,0
P029,26,White,Female,Yes,80,H18,Established_Outlet,0
P029,26,White,Female,Yes,81,H31,Fact_Check_Flag,0
P029,26,White,Female,Yes,82,H12,No_Label,1
P029,26,White,Female,Yes,83,H09,Fact_Check_Flag,0
P029,26,White,Female,Yes,84,H21,Established_Outlet,1
P029,26,White,Female,Yes,85,H25,No_Label,0
P029,26,White,Female,Yes,86,H02,Fact_Check_Flag,0
P029,26,White,Female,Yes,87,H08,Fact_Check_Flag,0
P029,26,White,Female,Yes,88,H30,No_Label,1
P029,26,White,Female,Yes,89,H21,No_Label,1
P029,26,White,Female,Yes,90,H20,Fact_Check_Flag,0
P029,26,White,Female,Yes,91,H15,Established_Outlet,1
P029,26,White,Female,Yes,92,H09,Established_Outlet,1
P029,26,White,Female,Yes,93,H13,Fact_Check_Flag,0
P029,26,White,Female,Yes,94,H13,Established_Outlet,0
P029,26,White,Female,Yes,95,H06,Established_Outlet,0
P029,26,White,Female,Yes,96,H12,Established_Outlet,0
P030,26,Asian,Female,Yes,1,H13,No_Label,0
P030,26,Asian,Female,Yes,2,H13,Established_Outlet,1
P030,26,Asian,Female,Yes,3,H29,Established_Outlet,0
P030,26,Asian,Female,Yes,4,H29,No_Label,0
P030,26,Asian,Female,Yes,5,H22,No_Label,0
P030,26,Asian,Female,Yes,6,H24,Established_Outlet,1
P030,26,Asian,Female,Yes,7,H04,Fact_Check_Flag,0
P030,26,Asian,Female,Yes,8,H15,Established_Outlet,1
P030,26,Asian,Female,Yes,9,H14,Established_Outlet,0
P030,26,Asian,Female,Yes,10,H18,Established_Outlet,1
P030,26,Asian,Female,Yes,11,H01,No_Label,1
P030,26,Asian,Female,Yes,12,H03,Established_Outlet,1
P030,26,Asian,Female,Yes,13,H26,Established_Outlet,1
P030,26,Asian,Female,Yes,14,H16,Fact_Check_Flag,0
P030,26,Asian,Female,Yes,15,H24,No_Label,1
P030,26,Asian,Female,Yes,16,H26,Fact_Check_Flag,0
P030,26,Asian,Female,Yes,17,H09,Established_Outlet,1
P030,26,Asian,Female,Yes,18,H06,Established_Outlet,1
P030,26,Asian,Female,Yes,19,H21,No_Label,1
P030,26,Asian,Female,Yes,20,H01,Established_Outlet,1
P030,26,Asian,Female,Yes,21,H27,No_Label,1
P030,26,Asian,Female,Yes,22,H07,No_Label,0
P030,26,Asian,Female,Yes,23,H21,Fact_Check_Flag,0
P030,26,Asian,Female,Yes,24,H28,Fact_Check_Flag,0
P030,26,Asian,Female,Yes,25,H06,Fact_Check_Flag,0
P030,26,Asian,Female,Yes,26,H28,Established_Outlet,1
P030,26,Asian,Female,Yes,27,H14,No_Label,0
P030,26,Asian,Female,Yes,28,H22,Established_Outlet,0
P030,26,Asian,Female,Yes,29,H08,No_Label,1
P030,26,Asian,Female,Yes,30,H16,No_Label,1
P030,26,Asian,Female,Yes,31,H30,No_Label,0
P030,26,Asian,Female,Yes,32,H09,No_Label,1
P030,26,Asian,Female,Yes,33,H10,Fact_Check_Flag,0
P030,26,Asian,Female,Yes,34,H02,No_Label,1
P030,26,Asian,Female,Yes,35,H06,No_Label,0
P030,26,Asian,Female,Yes,36,H21,Established_Outlet,1
P030,26,Asian,Female,Yes,37,H09,Fact_Check_Flag,1
P030,26,Asian,Female,Yes,38,H11,No_Label,0
P030,26,Asian,Female,Yes,39,H32,No_Label,0
P030,26,Asian,Female,Yes,40,H07,Fact_Check_Flag,0
P030,26,Asian,Female,Yes,41,H12,No_Label,1
P030,26,Asian,Female,Yes,42,H24,Fact_Check_Flag,0
P030,26,Asian,Female,Yes,43,H27,Fact_Check_Flag,0
P030,26,Asian,Female,Yes,44,H04,No_Label,1
P030,26,Asian,Female,Yes,45,H32,Established_Outlet,0
P030,26,Asian,Female,Yes,46,H19,Established_Outlet,1
P030,26,Asian,Female,Yes,47,H20,Established_Outlet,1
P030,26,Asian,Female,Yes,48,H02,Established_Outlet,1
P030,26,Asian,Female,Yes,49,H23,Established_Outlet,0
P030,26,Asian,Female,Yes,50,H20,No_Label,0
P030,26,Asian,Female,Yes,51,H07,Established_Outlet,1
P030,26,Asian,Female,Yes,52,H15,No_Label,1
P030,26,Asian,Female,Yes,53,H32,Fact_Check_Flag,0
P030,26,Asian,Female,Yes,54,H11,Established_Outlet,0
P030,26,Asian,Female,Yes,55,H14,Fact_Check_Flag,0
P030,26,Asian,Female,Yes,56,H16,Established_Outlet,1
P030,26,Asian,Female,Yes,57,H11,Fact_Check_Flag,0
P030,26,Asian,Female,Yes,58,H23,No_Label,1
P030,26,Asian,Female,Yes,59,H19,No_Label,1
P030,26,Asian,Female,Yes,60,H31,No_Label,1
P030,26,Asian,Female,Yes,61,H31,Established_Outlet,1
P030,26,Asian,Female,Yes,62,H31,Fact_Check_Flag,0
P030,26,Asian,Female,Yes,63,H22,Fact_Check_Flag,0
P030,26,Asian,Female,Yes,64,H03,Fact_Check_Flag,0
P030,26,Asian,Female,Yes,65,H18,Fact_Check_Flag,0
P030,26,Asian,Female,Yes,66,H28,No_Label,0
P030,26,Asian,Female,Yes,67,H23,Fact_Check_Flag,0
P030,26,Asian,Female,Yes,68,H05,Established_Outlet,1
P030,26,Asian,Female,Yes,69,H25,No_Label,0
P030,26,Asian,Female,Yes,70,H17,Established_Outlet,0
P030,26,Asian,Female,Yes,71,H26,No_Label,0
P030,26,Asian,Female,Yes,72,H08,Established_Outlet,0
P030,26,Asian,Female,Yes,73,H30,Established_Outlet,1
P030,26,Asian,Female,Yes,74,H13,Fact_Check_Flag,1
P030,26,Asian,Female,Yes,75,H30,Fact_Check_Flag,1
P030,26,Asian,Female,Yes,76,H12,Fact_Check_Flag,1
P030,26,Asian,Female,Yes,77,H03,No_Label,0
P030,26,Asian,Female,Yes,78,H27,Established_Outlet,1
P030,26,Asian,Female,Yes,79,H12,Established_Outlet,1
P030,26,Asian,Female,Yes,80,H18,No_Label,0
P030,26,Asian,Female,Yes,81,H17,No_Label,0
P030,26,Asian,Female,Yes,82,H02,Fact_Check_Flag,0
P030,26,Asian,Female,Yes,83,H08,Fact_Check_Flag,0
P030,26,Asian,Female,Yes,84,H05,No_Label,0
P030,26,Asian,Female,Yes,85,H05,Fact_Check_Flag,1
P030,26,Asian,Female,Yes,86,H01,Fact_Check_Flag,0
P030,26,Asian,Female,Yes,87,H04,Established_Outlet,0
P030,26,Asian,Female,Yes,88,H25,Fact_Check_Flag,0
P030,26,Asian,Female,Yes,89,H15,Fact_Check_Flag,0
P030,26,Asian,Female,Yes,90,H20,Fact_Check_Flag,0
P030,26,Asian,Female,Yes,91,H10,Established_Outlet,0
P030,26,Asian,Female,Yes,92,H10,No_Label,0
P030,26,Asian,Female,Yes,93,H25,Established_Outlet,1
P030,26,Asian,Female,Yes,94,H19,Fact_Check_Flag,1
P030,26,Asian,Female,Yes,95,H17,Fact_Check_Flag,0
P030,26,Asian,Female,Yes,96,H29,Fact_Check_Flag,0
P031,62,White,Female,No,1,H09,Established_Outlet,1
P031,62,White,Female,No,2,H01,No_Label,1
P031,62,White,Female,No,3,H29,No_Label,1
P031,62,White,Female,No,4,H04,Fact_Check_Flag,0
P031,62,White,Female,No,5,H28,Fact_Check_Flag,0
P031,62,White,Female,No,6,H23,Established_Outlet,1
P031,62,White,Female,No,7,H07,Fact_Check_Flag,0
P031,62,White,Female,No,8,H29,Established_Outlet,0
P031,62,White,Female,No,9,H19,Established_Outlet,1
P031,62,White,Female,No,10,H16,Established_Outlet,1
P031,62,White,Female,No,11,H30,Fact_Check_Flag,0
P031,62,White,Female,No,12,H17,Fact_Check_Flag,0
P031,62,White,Female,No,13,H03,Established_Outlet,1
P031,62,White,Female,No,14,H02,Fact_Check_Flag,0
P031,62,White,Female,No,15,H02,No_Label,1
P031,62,White,Female,No,16,H32,No_Label,1
P031,62,White,Female,No,17,H10,No_Label,1
P031,62,White,Female,No,18,H11,Fact_Check_Flag,0
P031,62,White,Female,No,19,H11,No_Label,1
P031,62,White,Female,No,20,H25,No_Label,0
P031,62,White,Female,No,21,H20,No_Label,1
P031,62,White,Female,No,22,H19,No_Label,1
P031,62,White,Female,No,23,H18,Established_Outlet,0
P031,62,White,Female,No,24,H16,No_Label,1
P031,62,White,Female,No,25,H32,Fact_Check_Flag,0
P031,62,White,Female,No,26,H07,Established_Outlet,1
P031,62,White,Female,No,27,H06,Established_Outlet,1
P031,62,White,Female,No,28,H21,Established_Outlet,1
P031,62,White,Female,No,29,H25,Fact_Check_Flag,0
P031,62,White,Female,No,30,H13,No_Label,1
P031,62,White,Female,No,31,H19,Fact_Check_Flag,1
P031,62,White,Female,No,32,H03,Fact_Check_Flag,0
P031,62,White,Female,No,33,H22,Established_Outlet,1
P031,62,White,Female,No,34,H08,Fact_Check_Flag,1
P031,62,White,Female,No,35,H14,No_Label,1
P031,62,White,Female,No,36,H24,No_Label,1
P031,62,White,Female,No,37,H30,No_Label,1
P031,62,White,Female,No,38,H01,Established_Outlet,1
P031,62,White,Female,No,39,H13,Established_Outlet,1
P031,62,White,Female,No,40,H12,Established_Outlet,1
P031,62,White,Female,No,41,H08,Established_Outlet,1
P031,62,White,Female,No,42,H22,No_Label,1
P031,62,White,Female,No,43,H23,Fact_Check_Flag,1
P031,62,White,Female,No,44,H20,Established_Outlet,1
P031,62,White,Female,No,45,H31,Fact_Check_Flag,0
P031,62,White,Female,No,46,H22,Fact_Check_Flag,0
P031,62,White,Female,No,47,H11,Established_Outlet,1
P031,62,White,Female,No,48,H21,Fact_Check_Flag,1
P031,62,White,Female,No,49,H16,Fact_Check_Flag,1
P031,62,White,Female,No,50,H30,Established_Outlet,1
P031,62,White,Female,No,51,H06,Fact_Check_Flag,0
P031,62,White,Female,No,52,H14,Established_Outlet,1
P031,62,White,Female,No,53,H08,No_Label,1
P031,62,White,Female,No,54,H28,No_Label,0
P031,62,White,Female,No,55,H09,No_Label,1
P031,62,White,Female,No,56,H10,Fact_Check_Flag,0
P031,62,White,Female,No,57,H15,Fact_Check_Flag,1
P031,62,White,Female,No,58,H24,Fact_Check_Flag,0
P031,62,White,Female,No,59,H18,Fact_Check_Flag,0
P031,62,White,Female,No,60,H01,Fact_Check_Flag,0
P031,62,White,Female,No,61,H25,Established_Outlet,0
P031,62,White,Female,No,62,H17,Established_Outlet,1
P031,62,White,Female,No,63,H05,Established_Outlet,1
P031,62,White,Female,No,64,H32,Established_Outlet,1
P031,62,White,Female,No,65,H15,Established_Outlet,1
P031,62,White,Female,No,66,H26,Fact_Check_Flag,0
P031,62,White,Female,No,67,H09,Fact_Check_Flag,1
P031,62,White,Female,No,68,H20,Fact_Check_Flag,1
P031,62,White,Female,No,69,H02,Established_Outlet,1
P031,62,White,Female,No,70,H27,Established_Outlet,1
P031,62,White,Female,No,71,H04,No_Label,0
P031,62,White,Female,No,72,H27,Fact_Check_Flag,1
P031,62,White,Female,No,73,H23,No_Label,1
P031,62,White,Female,No,74,H21,No_Label,1
P031,62,White,Female,No,75,H14,Fact_Check_Flag,1
P031,62,White,Female,No,76,H26,No_Label,1
P031,62,White,Female,No,77,H12,No_Label,1
P031,62,White,Female,No,78,H12,Fact_Check_Flag,0
P031,62,White,Female,No,79,H27,No_Label,1
P031,62,White,Female,No,80,H15,No_Label,1
P031,62,White,Female,No,81,H28,Established_Outlet,1
P031,62,White,Female,No,82,H07,No_Label,1
P031,62,White,Female,No,83,H10,Established_Outlet,1
P031,62,White,Female,No,84,H05,Fact_Check_Flag,1
P031,62,White,Female,No,85,H17,No_Label,1
P031,62,White,Female,No,86,H03,No_Label,0
P031,62,White,Female,No,87,H18,No_Label,1
P031,62,White,Female,No,88,H24,Established_Outlet,0
P031,62,White,Female,No,89,H31,Established_Outlet,1
P031,62,White,Female,No,90,H31,No_Label,1
P031,62,White,Female,No,91,H06,No_Label,1
P031,62,White,Female,No,92,H26,Established_Outlet,1
P031,62,White,Female,No,93,H05,No_Label,1
P031,62,White,Female,No,94,H04,Established_Outlet,0
P031,62,White,Female,No,95,H29,Fact_Check_Flag,1
P031,62,White,Female,No,96,H13,Fact_Check_Flag,1
P032,30,White,Male,No,1,H07,Fact_Check_Flag,0
P032,30,White,Male,No,2,H09,Fact_Check_Flag,1
P032,30,White,Male,No,3,H15,No_Label,0
P032,30,White,Male,No,4,H17,Fact_Check_Flag,0
P032,30,White,Male,No,5,H04,Fact_Check_Flag,0
P032,30,White,Male,No,6,H26,Fact_Check_Flag,0
P032,30,White,Male,No,7,H04,No_Label,1
P032,30,White,Male,No,8,H32,Fact_Check_Flag,0
P032,30,White,Male,No,9,H26,No_Label,0
P032,30,White,Male,No,10,H13,Established_Outlet,1
P032,30,White,Male,No,11,H13,No_Label,1
P032,30,White,Male,No,12,H24,No_Label,0
P032,30,White,Male,No,13,H08,Fact_Check_Flag,0
P032,30,White,Male,No,14,H12,Fact_Check_Flag,1
P032,30,White,Male,No,15,H28,Fact_Check_Flag,0
P032,30,White,Male,No,16,H14,Established_Outlet,0
P032,30,White,Male,No,17,H05,Established_Outlet,1
P032,30,White,Male,No,18,H11,Fact_Check_Flag,0
P032,30,White,Male,No,19,H31,Fact_Check_Flag,0
P032,30,White,Male,No,20,H03,No_Label,0
P032,30,White,Male,No,21,H29,Established_Outlet,0
P032,30,White,Male,No,22,H11,No_Label,1
P032,30,White,Male,No,23,H09,No_Label,1
P032,30,White,Male,No,24,H01,Established_Outlet,0
P032,30,White,Male,No,25,H21,No_Label,1
P032,30,White,Male,No,26,H06,Fact_Check_Flag,0
P032,30,White,Male,No,27,H04,Established_Outlet,0
P032,30,White,Male,No,28,H02,No_Label,0
P032,30,White,Male,No,29,H08,No_Label,0
P032,30,White,Male,No,30,H14,Fact_Check_Flag,0
P032,30,White,Male,No,31,H01,No_Label,1
P032,30,White,Male,No,32,H27,Established_Outlet,1
P032,30,White,Male,No,33,H09,Established_Outlet,1
P032,30,White,Male,No,34,H05,No_Label,1
P032,30,White,Male,No,35,H28,Established_Outlet,1
P032,30,White,Male,No,36,H22,Established_Outlet,0
P032,30,White,Male,No,37,H29,No_Label,0
P032,30,White,Male,No,38,H29,Fact_Check_Flag,0
P032,30,White,Male,No,39,H17,Established_Outlet,1
P032,30,White,Male,No,40,H27,No_Label,1
P032,30,White,Male,No,41,H16,No_Label,0
P032,30,White,Male,No,42,H05,Fact_Check_Flag,0
P032,30,White,Male,No,43,H07,Established_Outlet,1
P032,30,White,Male,No,44,H25,No_Label,0
P032,30,White,Male,No,45,H11,Established_Outlet,0
P032,30,White,Male,No,46,H15,Established_Outlet,1
P032,30,White,Male,No,47,H12,Established_Outlet,1
P032,30,White,Male,No,48,H18,Established_Outlet,0
P032,30,White,Male,No,49,H13,Fact_Check_Flag,0
P032,30,White,Male,No,50,H15,Fact_Check_Flag,0
P032,30,White,Male,No,51,H30,Established_Outlet,1
P032,30,White,Male,No,52,H32,No_Label,1
P032,30,White,Male,No,53,H25,Established_Outlet,0
P032,30,White,Male,No,54,H16,Established_Outlet,0
P032,30,White,Male,No,55,H31,Established_Outlet,1
P032,30,White,Male,No,56,H21,Fact_Check_Flag,1
P032,30,White,Male,No,57,H06,No_Label,1
P032,30,White,Male,No,58,H19,No_Label,1
P032,30,White,Male,No,59,H10,No_Label,0
P032,30,White,Male,No,60,H31,No_Label,0
P032,30,White,Male,No,61,H18,Fact_Check_Flag,0
P032,30,White,Male,No,62,H03,Established_Outlet,1
P032,30,White,Male,No,63,H30,Fact_Check_Flag,0
P032,30,White,Male,No,64,H14,No_Label,0
P032,30,White,Male,No,65,H20,Established_Outlet,0
P032,30,White,Male,No,66,H20,Fact_Check_Flag,0
P032,30,White,Male,No,67,H24,Fact_Check_Flag,0
P032,30,White,Male,No,68,H17,No_Label,0
P032,30,White,Male,No,69,H08,Established_Outlet,0
P032,30,White,Male,No,70,H16,Fact_Check_Flag,0
P032,30,White,Male,No,71,H02,Established_Outlet,0
P032,30,White,Male,No,72,H06,Established_Outlet,1
P032,30,White,Male,No,73,H27,Fact_Check_Flag,1
P032,30,White,Male,No,74,H18,No_Label,0
P032,30,White,Male,No,75,H30,No_Label,0
P032,30,White,Male,No,76,H07,No_Label,1
P032,30,White,Male,No,77,H23,Established_Outlet,1
P032,30,White,Male,No,78,H21,Established_Outlet,1
P032,30,White,Male,No,79,H02,Fact_Check_Flag,0
P032,30,White,Male,No,80,H03,Fact_Check_Flag,0
P032,30,White,Male,No,81,H24,Established_Outlet,0
P032,30,White,Male,No,82,H28,No_Label,0
P032,30,White,Male,No,83,H19,Fact_Check_Flag,0
P032,30,White,Male,No,84,H22,Fact_Check_Flag,1
P032,30,White,Male,No,85,H22,No_Label,0
P032,30,White,Male,No,86,H12,No_Label,1
P032,30,White,Male,No,87,H10,Fact_Check_Flag,0
P032,30,White,Male,No,88,H23,Fact_Check_Flag,0
P032,30,White,Male,No,89,H01,Fact_Check_Flag,0
P032,30,White,Male,No,90,H32,Established_Outlet,1
P032,30,White,Male,No,91,H19,Established_Outlet,1
P032,30,White,Male,No,92,H10,Established_Outlet,0
P032,30,White,Male,No,93,H20,No_Label,0
P032,30,White,Male,No,94,H23,No_Label,1
P032,30,White,Male,No,95,H25,Fact_Check_Flag,0
P032,30,White,Male,No,96,H26,Established_Outlet,1
P033,53,White,Female,Yes,1,H02,Fact_Check_Flag,1
P033,53,White,Female,Yes,2,H02,Established_Outlet,1
P033,53,White,Female,Yes,3,H03,Fact_Check_Flag,1
P033,53,White,Female,Yes,4,H17,Fact_Check_Flag,0
P033,53,White,Female,Yes,5,H25,No_Label,0
P033,53,White,Female,Yes,6,H09,Fact_Check_Flag,1
P033,53,White,Female,Yes,7,H08,Fact_Check_Flag,1
P033,53,White,Female,Yes,8,H28,Established_Outlet,1
P033,53,White,Female,Yes,9,H27,No_Label,1
P033,53,White,Female,Yes,10,H11,No_Label,1
P033,53,White,Female,Yes,11,H03,Established_Outlet,1
P033,53,White,Female,Yes,12,H16,Established_Outlet,1
P033,53,White,Female,Yes,13,H12,Established_Outlet,0
P033,53,White,Female,Yes,14,H14,Established_Outlet,1
P033,53,White,Female,Yes,15,H04,No_Label,1
P033,53,White,Female,Yes,16,H01,Established_Outlet,1
P033,53,White,Female,Yes,17,H05,Fact_Check_Flag,0
P033,53,White,Female,Yes,18,H06,Fact_Check_Flag,0
P033,53,White,Female,Yes,19,H04,Established_Outlet,0
P033,53,White,Female,Yes,20,H08,No_Label,1
P033,53,White,Female,Yes,21,H04,Fact_Check_Flag,1
P033,53,White,Female,Yes,22,H22,Fact_Check_Flag,1
P033,53,White,Female,Yes,23,H09,Established_Outlet,1
P033,53,White,Female,Yes,24,H30,No_Label,1
P033,53,White,Female,Yes,25,H07,Fact_Check_Flag,1
P033,53,White,Female,Yes,26,H02,No_Label,1
P033,53,White,Female,Yes,27,H11,Fact_Check_Flag,0
P033,53,White,Female,Yes,28,H05,Established_Outlet,1
P033,53,White,Female,Yes,29,H12,Fact_Check_Flag,1
P033,53,White,Female,Yes,30,H22,Established_Outlet,1
P033,53,White,Female,Yes,31,H30,Established_Outlet,1
P033,53,White,Female,Yes,32,H32,Established_Outlet,1
P033,53,White,Female,Yes,33,H01,Fact_Check_Flag,1
P033,53,White,Female,Yes,34,H03,No_Label,0
P033,53,White,Female,Yes,35,H21,Established_Outlet,1
P033,53,White,Female,Yes,36,H12,No_Label,1
P033,53,White,Female,Yes,37,H14,No_Label,1
P033,53,White,Female,Yes,38,H15,Established_Outlet,1
P033,53,White,Female,Yes,39,H19,No_Label,1
P033,53,White,Female,Yes,40,H13,Established_Outlet,1
P033,53,White,Female,Yes,41,H10,Established_Outlet,1
P033,53,White,Female,Yes,42,H13,No_Label,0
P033,53,White,Female,Yes,43,H15,Fact_Check_Flag,1
P033,53,White,Female,Yes,44,H27,Fact_Check_Flag,0
P033,53,White,Female,Yes,45,H29,Fact_Check_Flag,0
P033,53,White,Female,Yes,46,H29,Established_Outlet,1
P033,53,White,Female,Yes,47,H28,No_Label,0
P033,53,White,Female,Yes,48,H17,No_Label,0
P033,53,White,Female,Yes,49,H31,Fact_Check_Flag,0
P033,53,White,Female,Yes,50,H19,Established_Outlet,1
P033,53,White,Female,Yes,51,H23,Fact_Check_Flag,0
P033,53,White,Female,Yes,52,H24,Established_Outlet,1
P033,53,White,Female,Yes,53,H25,Established_Outlet,1
P033,53,White,Female,Yes,54,H24,No_Label,1
P033,53,White,Female,Yes,55,H15,No_Label,1
P033,53,White,Female,Yes,56,H30,Fact_Check_Flag,1
P033,53,White,Female,Yes,57,H22,No_Label,1
P033,53,White,Female,Yes,58,H29,No_Label,1
P033,53,White,Female,Yes,59,H31,No_Label,1
P033,53,White,Female,Yes,60,H32,No_Label,1
P033,53,White,Female,Yes,61,H07,Established_Outlet,1
P033,53,White,Female,Yes,62,H24,Fact_Check_Flag,0
P033,53,White,Female,Yes,63,H13,Fact_Check_Flag,1
P033,53,White,Female,Yes,64,H32,Fact_Check_Flag,0
P033,53,White,Female,Yes,65,H11,Established_Outlet,0
P033,53,White,Female,Yes,66,H20,Established_Outlet,1
P033,53,White,Female,Yes,67,H06,Established_Outlet,0
P033,53,White,Female,Yes,68,H08,Established_Outlet,1
P033,53,White,Female,Yes,69,H26,No_Label,1
P033,53,White,Female,Yes,70,H16,No_Label,1
P033,53,White,Female,Yes,71,H01,No_Label,1
P033,53,White,Female,Yes,72,H06,No_Label,1
P033,53,White,Female,Yes,73,H21,No_Label,1
P033,53,White,Female,Yes,74,H28,Fact_Check_Flag,0
P033,53,White,Female,Yes,75,H26,Fact_Check_Flag,1
P033,53,White,Female,Yes,76,H20,No_Label,1
P033,53,White,Female,Yes,77,H10,No_Label,1
P033,53,White,Female,Yes,78,H09,No_Label,1
P033,53,White,Female,Yes,79,H16,Fact_Check_Flag,1
P033,53,White,Female,Yes,80,H26,Established_Outlet,1
P033,53,White,Female,Yes,81,H20,Fact_Check_Flag,0
P033,53,White,Female,Yes,82,H18,Established_Outlet,0
P033,53,White,Female,Yes,83,H23,No_Label,1
P033,53,White,Female,Yes,84,H23,Established_Outlet,0
P033,53,White,Female,Yes,85,H25,Fact_Check_Flag,0
P033,53,White,Female,Yes,86,H14,Fact_Check_Flag,1
P033,53,White,Female,Yes,87,H31,Established_Outlet,1
P033,53,White,Female,Yes,88,H07,No_Label,0
P033,53,White,Female,Yes,89,H18,Fact_Check_Flag,0
P033,53,White,Female,Yes,90,H19,Fact_Check_Flag,1
P033,53,White,Female,Yes,91,H10,Fact_Check_Flag,0
P033,53,White,Female,Yes,92,H27,Established_Outlet,1
P033,53,White,Female,Yes,93,H21,Fact_Check_Flag,1
P033,53,White,Female,Yes,94,H18,No_Label,0
P033,53,White,Female,Yes,95,H17,Established_Outlet,0
P033,53,White,Female,Yes,96,H05,No_Label,1
P034,57,White,Male,Yes,1,H03,Established_Outlet,0
P034,57,White,Male,Yes,2,H24,No_Label,0
P034,57,White,Male,Yes,3,H16,Established_Outlet,0
P034,57,White,Male,Yes,4,H14,No_Label,1
P034,57,White,Male,Yes,5,H06,No_Label,1
P034,57,White,Male,Yes,6,H06,Established_Outlet,1
P034,57,White,Male,Yes,7,H14,Fact_Check_Flag,0
P034,57,White,Male,Yes,8,H12,Established_Outlet,1
P034,57,White,Male,Yes,9,H29,No_Label,0
P034,57,White,Male,Yes,10,H11,Fact_Check_Flag,1
P034,57,White,Male,Yes,11,H21,No_Label,1
P034,57,White,Male,Yes,12,H30,Fact_Check_Flag,1
P034,57,White,Male,Yes,13,H07,Established_Outlet,0
P034,57,White,Male,Yes,14,H20,No_Label,0
P034,57,White,Male,Yes,15,H28,Established_Outlet,1
P034,57,White,Male,Yes,16,H01,Fact_Check_Flag,1
P034,57,White,Male,Yes,17,H08,Fact_Check_Flag,1
P034,57,White,Male,Yes,18,H08,Established_Outlet,1
P034,57,White,Male,Yes,19,H10,Fact_Check_Flag,0
P034,57,White,Male,Yes,20,H13,Established_Outlet,1
P034,57,White,Male,Yes,21,H02,No_Label,0
P034,57,White,Male,Yes,22,H11,Established_Outlet,0
P034,57,White,Male,Yes,23,H06,Fact_Check_Flag,0
P034,57,White,Male,Yes,24,H01,No_Label,1
P034,57,White,Male,Yes,25,H32,Fact_Check_Flag,1
P034,57,White,Male,Yes,26,H20,Established_Outlet,0
P034,57,White,Male,Yes,27,H15,No_Label,1
P034,57,White,Male,Yes,28,H19,Established_Outlet,1
P034,57,White,Male,Yes,29,H26,Fact_Check_Flag,0
P034,57,White,Male,Yes,30,H01,Established_Outlet,1
P034,57,White,Male,Yes,31,H25,Fact_Check_Flag,0
P034,57,White,Male,Yes,32,H18,No_Label,1
P034,57,White,Male,Yes,33,H30,No_Label,1
P034,57,White,Male,Yes,34,H32,No_Label,0
P034,57,White,Male,Yes,35,H20,Fact_Check_Flag,1
P034,57,White,Male,Yes,36,H26,No_Label,1
P034,57,White,Male,Yes,37,H18,Established_Outlet,1
P034,57,White,Male,Yes,38,H18,Fact_Check_Flag,0
P034,57,White,Male,Yes,39,H26,Established_Outlet,1
P034,57,White,Male,Yes,40,H13,Fact_Check_Flag,0
P034,57,White,Male,Yes,41,H23,Established_Outlet,1
P034,57,White,Male,Yes,42,H25,Established_Outlet,1
P034,57,White,Male,Yes,43,H13,No_Label,0
P034,57,White,Male,Yes,44,H05,Established_Outlet,1
P034,57,White,Male,Yes,45,H02,Fact_Check_Flag,0
P034,57,White,Male,Yes,46,H10,Established_Outlet,0
P034,57,White,Male,Yes,47,H12,No_Label,0
P034,57,White,Male,Yes,48,H07,No_Label,0
P034,57,White,Male,Yes,49,H31,Fact_Check_Flag,0
P034,57,White,Male,Yes,50,H22,Fact_Check_Flag,0
P034,57,White,Male,Yes,51,H09,Fact_Check_Flag,1
P034,57,White,Male,Yes,52,H27,No_Label,1
P034,57,White,Male,Yes,53,H19,Fact_Check_Flag,1
P034,57,White,Male,Yes,54,H15,Fact_Check_Flag,1
P034,57,White,Male,Yes,55,H22,No_Label,1
P034,57,White,Male,Yes,56,H15,Established_Outlet,1
P034,57,White,Male,Yes,57,H25,No_Label,1
P034,57,White,Male,Yes,58,H23,Fact_Check_Flag,1
P034,57,White,Male,Yes,59,H09,Established_Outlet,1
P034,57,White,Male,Yes,60,H10,No_Label,0
P034,57,White,Male,Yes,61,H04,No_Label,1
P034,57,White,Male,Yes,62,H05,No_Label,1
P034,57,White,Male,Yes,63,H02,Established_Outlet,0
P034,57,White,Male,Yes,64,H04,Fact_Check_Flag,0
P034,57,White,Male,Yes,65,H24,Fact_Check_Flag,0
P034,57,White,Male,Yes,66,H12,Fact_Check_Flag,1
P034,57,White,Male,Yes,67,H19,No_Label,1
P034,57,White,Male,Yes,68,H14,Established_Outlet,0
P034,57,White,Male,Yes,69,H17,Fact_Check_Flag,0
P034,57,White,Male,Yes,70,H32,Established_Outlet,1
P034,57,White,Male,Yes,71,H31,Established_Outlet,1
P034,57,White,Male,Yes,72,H28,No_Label,1
P034,57,White,Male,Yes,73,H27,Fact_Check_Flag,1
P034,57,White,Male,Yes,74,H08,No_Label,0
P034,57,White,Male,Yes,75,H29,Fact_Check_Flag,0
P034,57,White,Male,Yes,76,H17,No_Label,1
P034,57,White,Male,Yes,77,H28,Fact_Check_Flag,0
P034,57,White,Male,Yes,78,H27,Established_Outlet,1
P034,57,White,Male,Yes,79,H03,No_Label,0
P034,57,White,Male,Yes,80,H17,Established_Outlet,0
P034,57,White,Male,Yes,81,H21,Established_Outlet,1
P034,57,White,Male,Yes,82,H29,Established_Outlet,0
P034,57,White,Male,Yes,83,H21,Fact_Check_Flag,1
P034,57,White,Male,Yes,84,H22,Established_Outlet,1
P034,57,White,Male,Yes,85,H24,Established_Outlet,0
P034,57,White,Male,Yes,86,H03,Fact_Check_Flag,0
P034,57,White,Male,Yes,87,H11,No_Label,1
P034,57,White,Male,Yes,88,H07,Fact_Check_Flag,0
P034,57,White,Male,Yes,89,H04,Established_Outlet,1
P034,57,White,Male,Yes,90,H16,Fact_Check_Flag,0
P034,57,White,Male,Yes,91,H31,No_Label,1
P034,57,White,Male,Yes,92,H05,Fact_Check_Flag,1
P034,57,White,Male,Yes,93,H09,No_Label,1
P034,57,White,Male,Yes,94,H23,No_Label,1
P034,57,White,Male,Yes,95,H16,No_Label,0
P034,57,White,Male,Yes,96,H30,Established_Outlet,1
P035,18,Hispanic or Latino,Female,No,1,H18,Established_Outlet,0
P035,18,Hispanic or Latino,Female,No,2,H15,Established_Outlet,0
P035,18,Hispanic or Latino,Female,No,3,H24,Established_Outlet,0
P035,18,Hispanic or Latino,Female,No,4,H06,No_Label,0
P035,18,Hispanic or Latino,Female,No,5,H13,Fact_Check_Flag,0
P035,18,Hispanic or Latino,Female,No,6,H01,No_Label,0
P035,18,Hispanic or Latino,Female,No,7,H29,Fact_Check_Flag,0
P035,18,Hispanic or Latino,Female,No,8,H02,Fact_Check_Flag,0
P035,18,Hispanic or Latino,Female,No,9,H19,Fact_Check_Flag,0
P035,18,Hispanic or Latino,Female,No,10,H24,Fact_Check_Flag,0
P035,18,Hispanic or Latino,Female,No,11,H16,No_Label,0
P035,18,Hispanic or Latino,Female,No,12,H17,Established_Outlet,0
P035,18,Hispanic or Latino,Female,No,13,H16,Fact_Check_Flag,0
P035,18,Hispanic or Latino,Female,No,14,H08,Established_Outlet,0
P035,18,Hispanic or Latino,Female,No,15,H06,Fact_Check_Flag,0
P035,18,Hispanic or Latino,Female,No,16,H14,Established_Outlet,1
P035,18,Hispanic or Latino,Female,No,17,H32,Fact_Check_Flag,0
P035,18,Hispanic or Latino,Female,No,18,H23,Established_Outlet,0
P035,18,Hispanic or Latino,Female,No,19,H04,No_Label,0
P035,18,Hispanic or Latino,Female,No,20,H09,Fact_Check_Flag,1
P035,18,Hispanic or Latino,Female,No,21,H26,Fact_Check_Flag,0
P035,18,Hispanic or Latino,Female,No,22,H17,No_Label,0
P035,18,Hispanic or Latino,Female,No,23,H13,No_Label,0
P035,18,Hispanic or Latino,Female,No,24,H19,Established_Outlet,0
P035,18,Hispanic or Latino,Female,No,25,H30,Established_Outlet,1
P035,18,Hispanic or Latino,Female,No,26,H23,Fact_Check_Flag,0
P035,18,Hispanic or Latino,Female,No,27,H11,Established_Outlet,0
P035,18,Hispanic or Latino,Female,No,28,H21,Fact_Check_Flag,0
P035,18,Hispanic or Latino,Female,No,29,H05,Fact_Check_Flag,0
P035,18,Hispanic or Latino,Female,No,30,H08,No_Label,0
P035,18,Hispanic or Latino,Female,No,31,H02,Established_Outlet,0
P035,18,Hispanic or Latino,Female,No,32,H11,No_Label,0
P035,18,Hispanic or Latino,Female,No,33,H24,No_Label,0
P035,18,Hispanic or Latino,Female,No,34,H25,Fact_Check_Flag,0
P035,18,Hispanic or Latino,Female,No,35,H14,No_Label,1
P035,18,Hispanic or Latino,Female,No,36,H13,Established_Outlet,0
P035,18,Hispanic or Latino,Female,No,37,H12,Established_Outlet,0
P035,18,Hispanic or Latino,Female,No,38,H25,No_Label,0
P035,18,Hispanic or Latino,Female,No,39,H18,Fact_Check_Flag,0
P035,18,Hispanic or Latino,Female,No,40,H03,Fact_Check_Flag,0
P035,18,Hispanic or Latino,Female,No,41,H05,No_Label,0
P035,18,Hispanic or Latino,Female,No,42,H32,Established_Outlet,0
P035,18,Hispanic or Latino,Female,No,43,H01,Established_Outlet,0
P035,18,Hispanic or Latino,Female,No,44,H15,No_Label,0
P035,18,Hispanic or Latino,Female,No,45,H19,No_Label,0
P035,18,Hispanic or Latino,Female,No,46,H27,No_Label,1
P035,18,Hispanic or Latino,Female,No,47,H04,Established_Outlet,0
P035,18,Hispanic or Latino,Female,No,48,H10,No_Label,0
P035,18,Hispanic or Latino,Female,No,49,H07,Established_Outlet,0
P035,18,Hispanic or Latino,Female,No,50,H23,No_Label,1
P035,18,Hispanic or Latino,Female,No,51,H29,No_Label,0
P035,18,Hispanic or Latino,Female,No,52,H31,Fact_Check_Flag,0
P035,18,Hispanic or Latino,Female,No,53,H03,No_Label,1
P035,18,Hispanic or Latino,Female,No,54,H11,Fact_Check_Flag,0
P035,18,Hispanic or Latino,Female,No,55,H17,Fact_Check_Flag,0
P035,18,Hispanic or Latino,Female,No,56,H18,No_Label,0
P035,18,Hispanic or Latino,Female,No,57,H07,No_Label,0
P035,18,Hispanic or Latino,Female,No,58,H22,Fact_Check_Flag,0
P035,18,Hispanic or Latino,Female,No,59,H12,Fact_Check_Flag,0
P035,18,Hispanic or Latino,Female,No,60,H08,Fact_Check_Flag,0
P035,18,Hispanic or Latino,Female,No,61,H28,Fact_Check_Flag,0
P035,18,Hispanic or Latino,Female,No,62,H20,No_Label,0
P035,18,Hispanic or Latino,Female,No,63,H27,Established_Outlet,1
P035,18,Hispanic or Latino,Female,No,64,H16,Established_Outlet,0
P035,18,Hispanic or Latino,Female,No,65,H27,Fact_Check_Flag,0
P035,18,Hispanic or Latino,Female,No,66,H32,No_Label,0
P035,18,Hispanic or Latino,Female,No,67,H06,Established_Outlet,0
P035,18,Hispanic or Latino,Female,No,68,H03,Established_Outlet,1
P035,18,Hispanic or Latino,Female,No,69,H07,Fact_Check_Flag,0
P035,18,Hispanic or Latino,Female,No,70,H09,Established_Outlet,1
P035,18,Hispanic or Latino,Female,No,71,H05,Established_Outlet,0
P035,18,Hispanic or Latino,Female,No,72,H20,Established_Outlet,1
P035,18,Hispanic or Latino,Female,No,73,H26,Established_Outlet,1
P035,18,Hispanic or Latino,Female,No,74,H04,Fact_Check_Flag,0
P035,18,Hispanic or Latino,Female,No,75,H20,Fact_Check_Flag,0
P035,18,Hispanic or Latino,Female,No,76,H12,No_Label,0
P035,18,Hispanic or Latino,Female,No,77,H22,No_Label,0
P035,18,Hispanic or Latino,Female,No,78,H25,Established_Outlet,0
P035,18,Hispanic or Latino,Female,No,79,H28,No_Label,0
P035,18,Hispanic or Latino,Female,No,80,H21,Established_Outlet,1
P035,18,Hispanic or Latino,Female,No,81,H14,Fact_Check_Flag,0
P035,18,Hispanic or Latino,Female,No,82,H31,No_Label,1
P035,18,Hispanic or Latino,Female,No,83,H09,No_Label,1
P035,18,Hispanic or Latino,Female,No,84,H29,Established_Outlet,0
P035,18,Hispanic or Latino,Female,No,85,H26,No_Label,0
P035,18,Hispanic or Latino,Female,No,86,H15,Fact_Check_Flag,0
P035,18,Hispanic or Latino,Female,No,87,H10,Established_Outlet,0
P035,18,Hispanic or Latino,Female,No,88,H21,No_Label,1
P035,18,Hispanic or Latino,Female,No,89,H30,No_Label,0
P035,18,Hispanic or Latino,Female,No,90,H28,Established_Outlet,1
P035,18,Hispanic or Latino,Female,No,91,H10,Fact_Check_Flag,0
P035,18,Hispanic or Latino,Female,No,92,H02,No_Label,1
P035,18,Hispanic or Latino,Female,No,93,H31,Established_Outlet,1
P035,18,Hispanic or Latino,Female,No,94,H01,Fact_Check_Flag,0
P035,18,Hispanic or Latino,Female,No,95,H22,Established_Outlet,0
P035,18,Hispanic or Latino,Female,No,96,H30,Fact_Check_Flag,0
P036,56,White,Female,Yes,1,H16,No_Label,0
P036,56,White,Female,Yes,2,H07,Fact_Check_Flag,0
P036,56,White,Female,Yes,3,H28,Fact_Check_Flag,0
P036,56,White,Female,Yes,4,H13,Fact_Check_Flag,0
P036,56,White,Female,Yes,5,H09,Fact_Check_Flag,0
P036,56,White,Female,Yes,6,H19,No_Label,0
P036,56,White,Female,Yes,7,H23,Fact_Check_Flag,1
P036,56,White,Female,Yes,8,H30,Established_Outlet,0
P036,56,White,Female,Yes,9,H09,No_Label,1
P036,56,White,Female,Yes,10,H01,Fact_Check_Flag,0
P036,56,White,Female,Yes,11,H18,No_Label,0
P036,56,White,Female,Yes,12,H21,No_Label,1
P036,56,White,Female,Yes,13,H19,Established_Outlet,0
P036,56,White,Female,Yes,14,H15,No_Label,1
P036,56,White,Female,Yes,15,H02,No_Label,0
P036,56,White,Female,Yes,16,H05,Fact_Check_Flag,1
P036,56,White,Female,Yes,17,H12,Fact_Check_Flag,1
P036,56,White,Female,Yes,18,H32,Fact_Check_Flag,0
P036,56,White,Female,Yes,19,H31,No_Label,0
P036,56,White,Female,Yes,20,H30,No_Label,1
P036,56,White,Female,Yes,21,H27,No_Label,0
P036,56,White,Female,Yes,22,H18,Established_Outlet,1
P036,56,White,Female,Yes,23,H05,No_Label,1
P036,56,White,Female,Yes,24,H20,Fact_Check_Flag,0
P036,56,White,Female,Yes,25,H18,Fact_Check_Flag,0
P036,56,White,Female,Yes,26,H16,Established_Outlet,0
P036,56,White,Female,Yes,27,H25,Fact_Check_Flag,0
P036,56,White,Female,Yes,28,H05,Established_Outlet,1
P036,56,White,Female,Yes,29,H19,Fact_Check_Flag,1
P036,56,White,Female,Yes,30,H25,No_Label,0
P036,56,White,Female,Yes,31,H26,Fact_Check_Flag,0
P036,56,White,Female,Yes,32,H16,Fact_Check_Flag,0
P036,56,White,Female,Yes,33,H28,No_Label,0
P036,56,White,Female,Yes,34,H29,No_Label,0
P036,56,White,Female,Yes,35,H10,Established_Outlet,1
P036,56,White,Female,Yes,36,H08,Fact_Check_Flag,0
P036,56,White,Female,Yes,37,H15,Fact_Check_Flag,1
P036,56,White,Female,Yes,38,H14,Fact_Check_Flag,0
P036,56,White,Female,Yes,39,H17,No_Label,0
P036,56,White,Female,Yes,40,H01,Established_Outlet,1
P036,56,White,Female,Yes,41,H31,Fact_Check_Flag,1
P036,56,White,Female,Yes,42,H20,No_Label,0
P036,56,White,Female,Yes,43,H25,Established_Outlet,1
P036,56,White,Female,Yes,44,H12,Established_Outlet,1
P036,56,White,Female,Yes,45,H03,Fact_Check_Flag,0
P036,56,White,Female,Yes,46,H12,No_Label,1
P036,56,White,Female,Yes,47,H17,Fact_Check_Flag,0
P036,56,White,Female,Yes,48,H30,Fact_Check_Flag,0
P036,56,White,Female,Yes,49,H10,Fact_Check_Flag,0
P036,56,White,Female,Yes,50,H26,No_Label,0
P036,56,White,Female,Yes,51,H04,No_Label,0
P036,56,White,Female,Yes,52,H28,Established_Outlet,0
P036,56,White,Female,Yes,53,H04,Fact_Check_Flag,0
P036,56,White,Female,Yes,54,H01,No_Label,0
P036,56,White,Female,Yes,55,H11,Established_Outlet,0
P036,56,White,Female,Yes,56,H07,No_Label,0
P036,56,White,Female,Yes,57,H23,Established_Outlet,1
P036,56,White,Female,Yes,58,H21,Established_Outlet,1
P036,56,White,Female,Yes,59,H24,Established_Outlet,1
P036,56,White,Female,Yes,60,H06,Fact_Check_Flag,1
P036,56,White,Female,Yes,61,H11,No_Label,1
P036,56,White,Female,Yes,62,H27,Fact_Check_Flag,0
P036,56,White,Female,Yes,63,H08,No_Label,0
P036,56,White,Female,Yes,64,H29,Established_Outlet,0
P036,56,White,Female,Yes,65,H24,No_Label,1
P036,56,White,Female,Yes,66,H02,Established_Outlet,0
P036,56,White,Female,Yes,67,H03,Established_Outlet,0
P036,56,White,Female,Yes,68,H14,Established_Outlet,1
P036,56,White,Female,Yes,69,H21,Fact_Check_Flag,1
P036,56,White,Female,Yes,70,H15,Established_Outlet,1
P036,56,White,Female,Yes,71,H24,Fact_Check_Flag,0
P036,56,White,Female,Yes,72,H32,No_Label,0
P036,56,White,Female,Yes,73,H11,Fact_Check_Flag,0
P036,56,White,Female,Yes,74,H10,No_Label,1
P036,56,White,Female,Yes,75,H06,No_Label,0
P036,56,White,Female,Yes,76,H17,Established_Outlet,1
P036,56,White,Female,Yes,77,H04,Established_Outlet,1
P036,56,White,Female,Yes,78,H32,Established_Outlet,1
P036,56,White,Female,Yes,79,H06,Established_Outlet,1
P036,56,White,Female,Yes,80,H29,Fact_Check_Flag,0
P036,56,White,Female,Yes,81,H22,Fact_Check_Flag,0
P036,56,White,Female,Yes,82,H13,Established_Outlet,1
P036,56,White,Female,Yes,83,H08,Established_Outlet,1
P036,56,White,Female,Yes,84,H27,Established_Outlet,1
P036,56,White,Female,Yes,85,H22,No_Label,0
P036,56,White,Female,Yes,86,H02,Fact_Check_Flag,0
P036,56,White,Female,Yes,87,H22,Established_Outlet,1
P036,56,White,Female,Yes,88,H20,Established_Outlet,0
P036,56,White,Female,Yes,89,H09,Established_Outlet,1
P036,56,White,Female,Yes,90,H07,Established_Outlet,0
P036,56,White,Female,Yes,91,H13,No_Label,0
P036,56,White,Female,Yes,92,H26,Established_Outlet,0
P036,56,White,Female,Yes,93,H23,No_Label,0
P036,56,White,Female,Yes,94,H31,Established_Outlet,1
P036,56,White,Female,Yes,95,H03,No_Label,0
P036,56,White,Female,Yes,96,H14,No_Label,0
P037,35,Hispanic or Latino,Male,Yes,1,H01,Established_Outlet,1
P037,35,Hispanic or Latino,Male,Yes,2,H22,Fact_Check_Flag,0
P037,35,Hispanic or Latino,Male,Yes,3,H11,Fact_Check_Flag,0
P037,35,Hispanic or Latino,Male,Yes,4,H09,Fact_Check_Flag,1
P037,35,Hispanic or Latino,Male,Yes,5,H06,Fact_Check_Flag,0
P037,35,Hispanic or Latino,Male,Yes,6,H05,No_Label,1
P037,35,Hispanic or Latino,Male,Yes,7,H01,No_Label,1
P037,35,Hispanic or Latino,Male,Yes,8,H09,Established_Outlet,1
P037,35,Hispanic or Latino,Male,Yes,9,H02,No_Label,0
P037,35,Hispanic or Latino,Male,Yes,10,H04,Established_Outlet,1
P037,35,Hispanic or Latino,Male,Yes,11,H14,No_Label,0
P037,35,Hispanic or Latino,Male,Yes,12,H14,Fact_Check_Flag,0
P037,35,Hispanic or Latino,Male,Yes,13,H25,Fact_Check_Flag,0
P037,35,Hispanic or Latino,Male,Yes,14,H25,No_Label,0
P037,35,Hispanic or Latino,Male,Yes,15,H03,Fact_Check_Flag,0
P037,35,Hispanic or Latino,Male,Yes,16,H03,Established_Outlet,0
P037,35,Hispanic or Latino,Male,Yes,17,H30,No_Label,0
P037,35,Hispanic or Latino,Male,Yes,18,H32,Established_Outlet,0
P037,35,Hispanic or Latino,Male,Yes,19,H17,No_Label,0
P037,35,Hispanic or Latino,Male,Yes,20,H26,Established_Outlet,1
P037,35,Hispanic or Latino,Male,Yes,21,H29,Established_Outlet,0
P037,35,Hispanic or Latino,Male,Yes,22,H12,No_Label,0
P037,35,Hispanic or Latino,Male,Yes,23,H21,No_Label,1
P037,35,Hispanic or Latino,Male,Yes,24,H29,No_Label,0
P037,35,Hispanic or Latino,Male,Yes,25,H23,Established_Outlet,1
P037,35,Hispanic or Latino,Male,Yes,26,H07,Fact_Check_Flag,0
P037,35,Hispanic or Latino,Male,Yes,27,H23,No_Label,0
P037,35,Hispanic or Latino,Male,Yes,28,H10,Fact_Check_Flag,0
P037,35,Hispanic or Latino,Male,Yes,29,H12,Fact_Check_Flag,0
P037,35,Hispanic or Latino,Male,Yes,30,H07,Established_Outlet,1
P037,35,Hispanic or Latino,Male,Yes,31,H27,Fact_Check_Flag,0
P037,35,Hispanic or Latino,Male,Yes,32,H10,No_Label,0
P037,35,Hispanic or Latino,Male,Yes,33,H29,Fact_Check_Flag,0
P037,35,Hispanic or Latino,Male,Yes,34,H13,Fact_Check_Flag,0
P037,35,Hispanic or Latino,Male,Yes,35,H26,No_Label,0
P037,35,Hispanic or Latino,Male,Yes,36,H20,Fact_Check_Flag,0
P037,35,Hispanic or Latino,Male,Yes,37,H22,Established_Outlet,0
P037,35,Hispanic or Latino,Male,Yes,38,H14,Established_Outlet,0
P037,35,Hispanic or Latino,Male,Yes,39,H15,Established_Outlet,1
P037,35,Hispanic or Latino,Male,Yes,40,H17,Established_Outlet,0
P037,35,Hispanic or Latino,Male,Yes,41,H15,Fact_Check_Flag,0
P037,35,Hispanic or Latino,Male,Yes,42,H10,Established_Outlet,0
P037,35,Hispanic or Latino,Male,Yes,43,H19,Established_Outlet,1
P037,35,Hispanic or Latino,Male,Yes,44,H23,Fact_Check_Flag,1
P037,35,Hispanic or Latino,Male,Yes,45,H31,No_Label,0
P037,35,Hispanic or Latino,Male,Yes,46,H06,Established_Outlet,0
P037,35,Hispanic or Latino,Male,Yes,47,H26,Fact_Check_Flag,0
P037,35,Hispanic or Latino,Male,Yes,48,H11,Established_Outlet,0
P037,35,Hispanic or Latino,Male,Yes,49,H12,Established_Outlet,0
P037,35,Hispanic or Latino,Male,Yes,50,H13,No_Label,1
P037,35,Hispanic or Latino,Male,Yes,51,H05,Established_Outlet,1
P037,35,Hispanic or Latino,Male,Yes,52,H04,No_Label,0
P037,35,Hispanic or Latino,Male,Yes,53,H05,Fact_Check_Flag,1
P037,35,Hispanic or Latino,Male,Yes,54,H03,No_Label,0
P037,35,Hispanic or Latino,Male,Yes,55,H25,Established_Outlet,0
P037,35,Hispanic or Latino,Male,Yes,56,H13,Established_Outlet,1
P037,35,Hispanic or Latino,Male,Yes,57,H08,No_Label,1
P037,35,Hispanic or Latino,Male,Yes,58,H20,Established_Outlet,1
P037,35,Hispanic or Latino,Male,Yes,59,H04,Fact_Check_Flag,0
P037,35,Hispanic or Latino,Male,Yes,60,H28,No_Label,0
P037,35,Hispanic or Latino,Male,Yes,61,H20,No_Label,1
P037,35,Hispanic or Latino,Male,Yes,62,H31,Fact_Check_Flag,0
P037,35,Hispanic or Latino,Male,Yes,63,H11,No_Label,0
P037,35,Hispanic or Latino,Male,Yes,64,H27,No_Label,0
P037,35,Hispanic or Latino,Male,Yes,65,H16,No_Label,0
P037,35,Hispanic or Latino,Male,Yes,66,H08,Fact_Check_Flag,0
P037,35,Hispanic or Latino,Male,Yes,67,H09,No_Label,1
P037,35,Hispanic or Latino,Male,Yes,68,H32,Fact_Check_Flag,0
P037,35,Hispanic or Latino,Male,Yes,69,H02,Established_Outlet,1
P037,35,Hispanic or Latino,Male,Yes,70,H21,Fact_Check_Flag,1
P037,35,Hispanic or Latino,Male,Yes,71,H01,Fact_Check_Flag,0
P037,35,Hispanic or Latino,Male,Yes,72,H22,No_Label,0
P037,35,Hispanic or Latino,Male,Yes,73,H24,Fact_Check_Flag,0
P037,35,Hispanic or Latino,Male,Yes,74,H21,Established_Outlet,1
P037,35,Hispanic or Latino,Male,Yes,75,H08,Established_Outlet,1
P037,35,Hispanic or Latino,Male,Yes,76,H27,Established_Outlet,0
P037,35,Hispanic or Latino,Male,Yes,77,H24,No_Label,1
P037,35,Hispanic or Latino,Male,Yes,78,H17,Fact_Check_Flag,0
P037,35,Hispanic or Latino,Male,Yes,79,H18,Established_Outlet,0
P037,35,Hispanic or Latino,Male,Yes,80,H30,Established_Outlet,1
P037,35,Hispanic or Latino,Male,Yes,81,H06,No_Label,0
P037,35,Hispanic or Latino,Male,Yes,82,H28,Established_Outlet,0
P037,35,Hispanic or Latino,Male,Yes,83,H15,No_Label,1
P037,35,Hispanic or Latino,Male,Yes,84,H19,No_Label,1
P037,35,Hispanic or Latino,Male,Yes,85,H16,Fact_Check_Flag,0
P037,35,Hispanic or Latino,Male,Yes,86,H30,Fact_Check_Flag,0
P037,35,Hispanic or Latino,Male,Yes,87,H18,Fact_Check_Flag,0
P037,35,Hispanic or Latino,Male,Yes,88,H24,Established_Outlet,0
P037,35,Hispanic or Latino,Male,Yes,89,H28,Fact_Check_Flag,1
P037,35,Hispanic or Latino,Male,Yes,90,H31,Established_Outlet,1
P037,35,Hispanic or Latino,Male,Yes,91,H19,Fact_Check_Flag,0
P037,35,Hispanic or Latino,Male,Yes,92,H18,No_Label,0
P037,35,Hispanic or Latino,Male,Yes,93,H32,No_Label,0
P037,35,Hispanic or Latino,Male,Yes,94,H02,Fact_Check_Flag,0
P037,35,Hispanic or Latino,Male,Yes,95,H07,No_Label,1
P037,35,Hispanic or Latino,Male,Yes,96,H16,Established_Outlet,0
P038,24,Black or African American,Male,No,1,H10,Established_Outlet,0
P038,24,Black or African American,Male,No,2,H22,Established_Outlet,1
P038,24,Black or African American,Male,No,3,H15,Established_Outlet,1
P038,24,Black or African American,Male,No,4,H02,No_Label,0
P038,24,Black or African American,Male,No,5,H06,Established_Outlet,0
P038,24,Black or African American,Male,No,6,H07,Established_Outlet,0
P038,24,Black or African American,Male,No,7,H16,Established_Outlet,0
P038,24,Black or African American,Male,No,8,H27,No_Label,0
P038,24,Black or African American,Male,No,9,H18,Established_Outlet,1
P038,24,Black or African American,Male,No,10,H01,Fact_Check_Flag,0
P038,24,Black or African American,Male,No,11,H11,No_Label,0
P038,24,Black or African American,Male,No,12,H26,Fact_Check_Flag,0
P038,24,Black or African American,Male,No,13,H02,Fact_Check_Flag,0
P038,24,Black or African American,Male,No,14,H10,Fact_Check_Flag,0
P038,24,Black or African American,Male,No,15,H10,No_Label,0
P038,24,Black or African American,Male,No,16,H03,Fact_Check_Flag,0
P038,24,Black or African American,Male,No,17,H29,Fact_Check_Flag,0
P038,24,Black or African American,Male,No,18,H17,Established_Outlet,1
P038,24,Black or African American,Male,No,19,H19,No_Label,0
P038,24,Black or African American,Male,No,20,H05,Established_Outlet,0
P038,24,Black or African American,Male,No,21,H24,Fact_Check_Flag,0
P038,24,Black or African American,Male,No,22,H25,Fact_Check_Flag,0
P038,24,Black or African American,Male,No,23,H12,Established_Outlet,0
P038,24,Black or African American,Male,No,24,H19,Fact_Check_Flag,0
P038,24,Black or African American,Male,No,25,H30,Fact_Check_Flag,1
P038,24,Black or African American,Male,No,26,H09,Fact_Check_Flag,0
P038,24,Black or African American,Male,No,27,H28,Established_Outlet,1
P038,24,Black or African American,Male,No,28,H12,Fact_Check_Flag,0
P038,24,Black or African American,Male,No,29,H20,Established_Outlet,0
P038,24,Black or African American,Male,No,30,H20,Fact_Check_Flag,0
P038,24,Black or African American,Male,No,31,H12,No_Label,1
P038,24,Black or African American,Male,No,32,H07,Fact_Check_Flag,0
P038,24,Black or African American,Male,No,33,H14,Established_Outlet,1
P038,24,Black or African American,Male,No,34,H08,No_Label,0
P038,24,Black or African American,Male,No,35,H04,Fact_Check_Flag,0
P038,24,Black or African American,Male,No,36,H23,No_Label,0
P038,24,Black or African American,Male,No,37,H30,No_Label,1
P038,24,Black or African American,Male,No,38,H24,No_Label,0
P038,24,Black or African American,Male,No,39,H26,Established_Outlet,0
P038,24,Black or African American,Male,No,40,H05,No_Label,0
P038,24,Black or African American,Male,No,41,H26,No_Label,0
P038,24,Black or African American,Male,No,42,H09,Established_Outlet,1
P038,24,Black or African American,Male,No,43,H14,No_Label,0
P038,24,Black or African American,Male,No,44,H32,Fact_Check_Flag,0
P038,24,Black or African American,Male,No,45,H27,Fact_Check_Flag,0
P038,24,Black or African American,Male,No,46,H06,Fact_Check_Flag,0
P038,24,Black or African American,Male,No,47,H24,Established_Outlet,0
P038,24,Black or African American,Male,No,48,H25,No_Label,0
P038,24,Black or African American,Male,No,49,H03,No_Label,0
P038,24,Black or African American,Male,No,50,H23,Established_Outlet,0
P038,24,Black or African American,Male,No,51,H21,Established_Outlet,0
P038,24,Black or African American,Male,No,52,H17,No_Label,0
P038,24,Black or African American,Male,No,53,H13,Established_Outlet,1
P038,24,Black or African American,Male,No,54,H03,Established_Outlet,0
P038,24,Black or African American,Male,No,55,H32,No_Label,1
P038,24,Black or African American,Male,No,56,H04,No_Label,0
P038,24,Black or African American,Male,No,57,H01,No_Label,0
P038,24,Black or African American,Male,No,58,H08,Established_Outlet,0
P038,24,Black or African American,Male,No,59,H05,Fact_Check_Flag,0
P038,24,Black or African American,Male,No,60,H17,Fact_Check_Flag,0
P038,24,Black or African American,Male,No,61,H13,Fact_Check_Flag,0
P038,24,Black or African American,Male,No,62,H21,Fact_Check_Flag,0
P038,24,Black or African American,Male,No,63,H18,No_Label,0
P038,24,Black or African American,Male,No,64,H14,Fact_Check_Flag,0
P038,24,Black or African American,Male,No,65,H23,Fact_Check_Flag,0
P038,24,Black or African American,Male,No,66,H13,No_Label,0
P038,24,Black or African American,Male,No,67,H31,Established_Outlet,0
P038,24,Black or African American,Male,No,68,H19,Established_Outlet,1
P038,24,Black or African American,Male,No,69,H21,No_Label,1
P038,24,Black or African American,Male,No,70,H15,No_Label,1
P038,24,Black or African American,Male,No,71,H30,Established_Outlet,1
P038,24,Black or African American,Male,No,72,H18,Fact_Check_Flag,0
P038,24,Black or African American,Male,No,73,H11,Fact_Check_Flag,0
P038,24,Black or African American,Male,No,74,H15,Fact_Check_Flag,0
P038,24,Black or African American,Male,No,75,H22,No_Label,1
P038,24,Black or African American,Male,No,76,H01,Established_Outlet,1
P038,24,Black or African American,Male,No,77,H29,Established_Outlet,0
P038,24,Black or African American,Male,No,78,H20,No_Label,0
P038,24,Black or African American,Male,No,79,H31,No_Label,0
P038,24,Black or African American,Male,No,80,H32,Established_Outlet,0
P038,24,Black or African American,Male,No,81,H04,Established_Outlet,0
P038,24,Black or African American,Male,No,82,H31,Fact_Check_Flag,0
P038,24,Black or African American,Male,No,83,H27,Established_Outlet,0
P038,24,Black or African American,Male,No,84,H06,No_Label,0
P038,24,Black or African American,Male,No,85,H16,No_Label,0
P038,24,Black or African American,Male,No,86,H02,Established_Outlet,1
P038,24,Black or African American,Male,No,87,H09,No_Label,1
P038,24,Black or African American,Male,No,88,H08,Fact_Check_Flag,0
P038,24,Black or African American,Male,No,89,H25,Established_Outlet,0
P038,24,Black or African American,Male,No,90,H29,No_Label,0
P038,24,Black or African American,Male,No,91,H07,No_Label,0
P038,24,Black or African American,Male,No,92,H22,Fact_Check_Flag,1
P038,24,Black or African American,Male,No,93,H28,Fact_Check_Flag,0
P038,24,Black or African American,Male,No,94,H28,No_Label,0
P038,24,Black or African American,Male,No,95,H16,Fact_Check_Flag,0
P038,24,Black or African American,Male,No,96,H11,Established_Outlet,0
P039,31,White,Female,Yes,1,H06,No_Label,0
P039,31,White,Female,Yes,2,H03,Established_Outlet,1
P039,31,White,Female,Yes,3,H29,Fact_Check_Flag,0
P039,31,White,Female,Yes,4,H12,Established_Outlet,1
P039,31,White,Female,Yes,5,H10,Established_Outlet,1
P039,31,White,Female,Yes,6,H19,Fact_Check_Flag,0
P039,31,White,Female,Yes,7,H24,No_Label,0
P039,31,White,Female,Yes,8,H22,Fact_Check_Flag,0
P039,31,White,Female,Yes,9,H25,No_Label,0
P039,31,White,Female,Yes,10,H15,No_Label,0
P039,31,White,Female,Yes,11,H06,Established_Outlet,1
P039,31,White,Female,Yes,12,H05,Fact_Check_Flag,0
P039,31,White,Female,Yes,13,H07,No_Label,0
P039,31,White,Female,Yes,14,H27,Established_Outlet,1
P039,31,White,Female,Yes,15,H18,Established_Outlet,0
P039,31,White,Female,Yes,16,H15,Fact_Check_Flag,0
P039,31,White,Female,Yes,17,H23,Fact_Check_Flag,1
P039,31,White,Female,Yes,18,H08,Established_Outlet,1
P039,31,White,Female,Yes,19,H11,Established_Outlet,1
P039,31,White,Female,Yes,20,H15,Established_Outlet,0
P039,31,White,Female,Yes,21,H03,Fact_Check_Flag,1
P039,31,White,Female,Yes,22,H08,No_Label,0
P039,31,White,Female,Yes,23,H21,Established_Outlet,1
P039,31,White,Female,Yes,24,H20,Established_Outlet,0
P039,31,White,Female,Yes,25,H26,Established_Outlet,0
P039,31,White,Female,Yes,26,H30,No_Label,1
P039,31,White,Female,Yes,27,H12,No_Label,1
P039,31,White,Female,Yes,28,H09,Fact_Check_Flag,1
P039,31,White,Female,Yes,29,H07,Fact_Check_Flag,0
P039,31,White,Female,Yes,30,H31,No_Label,1
P039,31,White,Female,Yes,31,H06,Fact_Check_Flag,0
P039,31,White,Female,Yes,32,H20,Fact_Check_Flag,0
P039,31,White,Female,Yes,33,H16,Established_Outlet,1
P039,31,White,Female,Yes,34,H30,Fact_Check_Flag,0
P039,31,White,Female,Yes,35,H17,Fact_Check_Flag,1
P039,31,White,Female,Yes,36,H10,No_Label,0
P039,31,White,Female,Yes,37,H23,No_Label,1
P039,31,White,Female,Yes,38,H10,Fact_Check_Flag,0
P039,31,White,Female,Yes,39,H09,No_Label,1
P039,31,White,Female,Yes,40,H27,No_Label,1
P039,31,White,Female,Yes,41,H22,No_Label,1
P039,31,White,Female,Yes,42,H05,Established_Outlet,1
P039,31,White,Female,Yes,43,H08,Fact_Check_Flag,0
P039,31,White,Female,Yes,44,H31,Established_Outlet,1
P039,31,White,Female,Yes,45,H30,Established_Outlet,1
P039,31,White,Female,Yes,46,H28,No_Label,0
P039,31,White,Female,Yes,47,H21,No_Label,1
P039,31,White,Female,Yes,48,H29,No_Label,0
P039,31,White,Female,Yes,49,H11,Fact_Check_Flag,0
P039,31,White,Female,Yes,50,H19,Established_Outlet,1
P039,31,White,Female,Yes,51,H17,Established_Outlet,0
P039,31,White,Female,Yes,52,H28,Fact_Check_Flag,0
P039,31,White,Female,Yes,53,H18,No_Label,0
P039,31,White,Female,Yes,54,H14,Fact_Check_Flag,0
P039,31,White,Female,Yes,55,H07,Established_Outlet,1
P039,31,White,Female,Yes,56,H04,Established_Outlet,1
P039,31,White,Female,Yes,57,H17,No_Label,1
P039,31,White,Female,Yes,58,H03,No_Label,0
P039,31,White,Female,Yes,59,H20,No_Label,1
P039,31,White,Female,Yes,60,H05,No_Label,1
P039,31,White,Female,Yes,61,H01,No_Label,1
P039,31,White,Female,Yes,62,H04,No_Label,1
P039,31,White,Female,Yes,63,H21,Fact_Check_Flag,1
P039,31,White,Female,Yes,64,H31,Fact_Check_Flag,1
P039,31,White,Female,Yes,65,H28,Established_Outlet,0
P039,31,White,Female,Yes,66,H16,No_Label,0
P039,31,White,Female,Yes,67,H22,Established_Outlet,1
P039,31,White,Female,Yes,68,H32,No_Label,1
P039,31,White,Female,Yes,69,H09,Established_Outlet,1
P039,31,White,Female,Yes,70,H11,No_Label,0
P039,31,White,Female,Yes,71,H29,Established_Outlet,1
P039,31,White,Female,Yes,72,H04,Fact_Check_Flag,1
P039,31,White,Female,Yes,73,H26,Fact_Check_Flag,0
P039,31,White,Female,Yes,74,H18,Fact_Check_Flag,0
P039,31,White,Female,Yes,75,H13,Established_Outlet,1
P039,31,White,Female,Yes,76,H27,Fact_Check_Flag,0
P039,31,White,Female,Yes,77,H01,Fact_Check_Flag,1
P039,31,White,Female,Yes,78,H19,No_Label,1
P039,31,White,Female,Yes,79,H25,Fact_Check_Flag,0
P039,31,White,Female,Yes,80,H02,Fact_Check_Flag,0
P039,31,White,Female,Yes,81,H16,Fact_Check_Flag,0
P039,31,White,Female,Yes,82,H14,No_Label,0
P039,31,White,Female,Yes,83,H24,Fact_Check_Flag,0
P039,31,White,Female,Yes,84,H14,Established_Outlet,0
P039,31,White,Female,Yes,85,H02,Established_Outlet,0
P039,31,White,Female,Yes,86,H26,No_Label,0
P039,31,White,Female,Yes,87,H23,Established_Outlet,1
P039,31,White,Female,Yes,88,H13,No_Label,1
P039,31,White,Female,Yes,89,H13,Fact_Check_Flag,1
P039,31,White,Female,Yes,90,H24,Established_Outlet,1
P039,31,White,Female,Yes,91,H02,No_Label,0
P039,31,White,Female,Yes,92,H01,Established_Outlet,1
P039,31,White,Female,Yes,93,H25,Established_Outlet,1
P039,31,White,Female,Yes,94,H32,Fact_Check_Flag,0
P039,31,White,Female,Yes,95,H12,Fact_Check_Flag,1
P039,31,White,Female,Yes,96,H32,Established_Outlet,0
P040,45,Hispanic or Latino,Female,Yes,1,H18,Fact_Check_Flag,0
P040,45,Hispanic or Latino,Female,Yes,2,H28,Fact_Check_Flag,0
P040,45,Hispanic or Latino,Female,Yes,3,H08,Established_Outlet,1
P040,45,Hispanic or Latino,Female,Yes,4,H20,Fact_Check_Flag,0
P040,45,Hispanic or Latino,Female,Yes,5,H21,No_Label,1
P040,45,Hispanic or Latino,Female,Yes,6,H02,Established_Outlet,1
P040,45,Hispanic or Latino,Female,Yes,7,H22,Established_Outlet,0
P040,45,Hispanic or Latino,Female,Yes,8,H02,Fact_Check_Flag,0
P040,45,Hispanic or Latino,Female,Yes,9,H05,Established_Outlet,1
P040,45,Hispanic or Latino,Female,Yes,10,H01,Fact_Check_Flag,1
P040,45,Hispanic or Latino,Female,Yes,11,H11,Established_Outlet,0
P040,45,Hispanic or Latino,Female,Yes,12,H12,No_Label,1
P040,45,Hispanic or Latino,Female,Yes,13,H04,Established_Outlet,1
P040,45,Hispanic or Latino,Female,Yes,14,H14,Fact_Check_Flag,0
P040,45,Hispanic or Latino,Female,Yes,15,H20,Established_Outlet,1
P040,45,Hispanic or Latino,Female,Yes,16,H15,No_Label,1
P040,45,Hispanic or Latino,Female,Yes,17,H14,Established_Outlet,0
P040,45,Hispanic or Latino,Female,Yes,18,H16,Fact_Check_Flag,0
P040,45,Hispanic or Latino,Female,Yes,19,H18,Established_Outlet,1
P040,45,Hispanic or Latino,Female,Yes,20,H10,Established_Outlet,1
P040,45,Hispanic or Latino,Female,Yes,21,H30,Fact_Check_Flag,0
P040,45,Hispanic or Latino,Female,Yes,22,H04,No_Label,0
P040,45,Hispanic or Latino,Female,Yes,23,H17,Established_Outlet,1
P040,45,Hispanic or Latino,Female,Yes,24,H19,Established_Outlet,1
P040,45,Hispanic or Latino,Female,Yes,25,H19,No_Label,1
P040,45,Hispanic or Latino,Female,Yes,26,H17,No_Label,0
P040,45,Hispanic or Latino,Female,Yes,27,H15,Established_Outlet,1
P040,45,Hispanic or Latino,Female,Yes,28,H20,No_Label,0
P040,45,Hispanic or Latino,Female,Yes,29,H24,Fact_Check_Flag,0
P040,45,Hispanic or Latino,Female,Yes,30,H32,No_Label,0
P040,45,Hispanic or Latino,Female,Yes,31,H02,No_Label,1
P040,45,Hispanic or Latino,Female,Yes,32,H23,Fact_Check_Flag,0
P040,45,Hispanic or Latino,Female,Yes,33,H19,Fact_Check_Flag,0
P040,45,Hispanic or Latino,Female,Yes,34,H13,Established_Outlet,1
P040,45,Hispanic or Latino,Female,Yes,35,H27,Established_Outlet,1
P040,45,Hispanic or Latino,Female,Yes,36,H24,Established_Outlet,1
P040,45,Hispanic or Latino,Female,Yes,37,H11,No_Label,0
P040,45,Hispanic or Latino,Female,Yes,38,H21,Established_Outlet,1
P040,45,Hispanic or Latino,Female,Yes,39,H27,No_Label,1
P040,45,Hispanic or Latino,Female,Yes,40,H31,Fact_Check_Flag,0
P040,45,Hispanic or Latino,Female,Yes,41,H03,No_Label,1
P040,45,Hispanic or Latino,Female,Yes,42,H04,Fact_Check_Flag,0
P040,45,Hispanic or Latino,Female,Yes,43,H15,Fact_Check_Flag,0
P040,45,Hispanic or Latino,Female,Yes,44,H14,No_Label,1
P040,45,Hispanic or Latino,Female,Yes,45,H07,Fact_Check_Flag,0
P040,45,Hispanic or Latino,Female,Yes,46,H28,No_Label,0
P040,45,Hispanic or Latino,Female,Yes,47,H05,No_Label,1
P040,45,Hispanic or Latino,Female,Yes,48,H03,Established_Outlet,1
P040,45,Hispanic or Latino,Female,Yes,49,H08,No_Label,0
P040,45,Hispanic or Latino,Female,Yes,50,H08,Fact_Check_Flag,0
P040,45,Hispanic or Latino,Female,Yes,51,H31,Established_Outlet,1
P040,45,Hispanic or Latino,Female,Yes,52,H09,Established_Outlet,1
P040,45,Hispanic or Latino,Female,Yes,53,H22,Fact_Check_Flag,0
P040,45,Hispanic or Latino,Female,Yes,54,H07,Established_Outlet,0
P040,45,Hispanic or Latino,Female,Yes,55,H03,Fact_Check_Flag,1
P040,45,Hispanic or Latino,Female,Yes,56,H32,Established_Outlet,0
P040,45,Hispanic or Latino,Female,Yes,57,H12,Established_Outlet,1
P040,45,Hispanic or Latino,Female,Yes,58,H18,No_Label,1
P040,45,Hispanic or Latino,Female,Yes,59,H25,Established_Outlet,0
P040,45,Hispanic or Latino,Female,Yes,60,H25,Fact_Check_Flag,1
P040,45,Hispanic or Latino,Female,Yes,61,H07,No_Label,0
P040,45,Hispanic or Latino,Female,Yes,62,H26,Established_Outlet,1
P040,45,Hispanic or Latino,Female,Yes,63,H29,Established_Outlet,0
P040,45,Hispanic or Latino,Female,Yes,64,H28,Established_Outlet,0
P040,45,Hispanic or Latino,Female,Yes,65,H11,Fact_Check_Flag,0
P040,45,Hispanic or Latino,Female,Yes,66,H10,No_Label,1
P040,45,Hispanic or Latino,Female,Yes,67,H30,Established_Outlet,1
P040,45,Hispanic or Latino,Female,Yes,68,H22,No_Label,0
P040,45,Hispanic or Latino,Female,Yes,69,H23,No_Label,0
P040,45,Hispanic or Latino,Female,Yes,70,H12,Fact_Check_Flag,0
P040,45,Hispanic or Latino,Female,Yes,71,H23,Established_Outlet,1
P040,45,Hispanic or Latino,Female,Yes,72,H06,Established_Outlet,1
P040,45,Hispanic or Latino,Female,Yes,73,H09,No_Label,1
P040,45,Hispanic or Latino,Female,Yes,74,H01,No_Label,1
P040,45,Hispanic or Latino,Female,Yes,75,H09,Fact_Check_Flag,1
P040,45,Hispanic or Latino,Female,Yes,76,H10,Fact_Check_Flag,0
P040,45,Hispanic or Latino,Female,Yes,77,H30,No_Label,1
P040,45,Hispanic or Latino,Female,Yes,78,H26,Fact_Check_Flag,0
P040,45,Hispanic or Latino,Female,Yes,79,H27,Fact_Check_Flag,1
P040,45,Hispanic or Latino,Female,Yes,80,H16,Established_Outlet,1
P040,45,Hispanic or Latino,Female,Yes,81,H13,No_Label,1
P040,45,Hispanic or Latino,Female,Yes,82,H16,No_Label,1
P040,45,Hispanic or Latino,Female,Yes,83,H29,Fact_Check_Flag,0
P040,45,Hispanic or Latino,Female,Yes,84,H06,No_Label,1
P040,45,Hispanic or Latino,Female,Yes,85,H01,Established_Outlet,1
P040,45,Hispanic or Latino,Female,Yes,86,H25,No_Label,0
P040,45,Hispanic or Latino,Female,Yes,87,H06,Fact_Check_Flag,0
P040,45,Hispanic or Latino,Female,Yes,88,H26,No_Label,0
P040,45,Hispanic or Latino,Female,Yes,89,H13,Fact_Check_Flag,0
P040,45,Hispanic or Latino,Female,Yes,90,H17,Fact_Check_Flag,0
P040,45,Hispanic or Latino,Female,Yes,91,H24,No_Label,0
P040,45,Hispanic or Latino,Female,Yes,92,H31,No_Label,1
P040,45,Hispanic or Latino,Female,Yes,93,H05,Fact_Check_Flag,1
P040,45,Hispanic or Latino,Female,Yes,94,H29,No_Label,0
P040,45,Hispanic or Latino,Female,Yes,95,H21,Fact_Check_Flag,0
P040,45,Hispanic or Latino,Female,Yes,96,H32,Fact_Check_Flag,0
P041,43,White,Male,Yes,1,H17,Established_Outlet,1
P041,43,White,Male,Yes,2,H16,No_Label,1
P041,43,White,Male,Yes,3,H18,No_Label,0
P041,43,White,Male,Yes,4,H23,Established_Outlet,1
P041,43,White,Male,Yes,5,H02,No_Label,1
P041,43,White,Male,Yes,6,H24,No_Label,0
P041,43,White,Male,Yes,7,H06,Fact_Check_Flag,0
P041,43,White,Male,Yes,8,H31,Established_Outlet,1
P041,43,White,Male,Yes,9,H05,Established_Outlet,1
P041,43,White,Male,Yes,10,H03,Fact_Check_Flag,0
P041,43,White,Male,Yes,11,H28,No_Label,1
P041,43,White,Male,Yes,12,H07,Established_Outlet,1
P041,43,White,Male,Yes,13,H01,No_Label,0
P041,43,White,Male,Yes,14,H27,No_Label,0
P041,43,White,Male,Yes,15,H23,No_Label,1
P041,43,White,Male,Yes,16,H20,Established_Outlet,0
P041,43,White,Male,Yes,17,H30,No_Label,1
P041,43,White,Male,Yes,18,H03,Established_Outlet,0
P041,43,White,Male,Yes,19,H16,Established_Outlet,0
P041,43,White,Male,Yes,20,H12,No_Label,1
P041,43,White,Male,Yes,21,H28,Fact_Check_Flag,0
P041,43,White,Male,Yes,22,H24,Established_Outlet,1
P041,43,White,Male,Yes,23,H29,Established_Outlet,1
P041,43,White,Male,Yes,24,H06,Established_Outlet,0
P041,43,White,Male,Yes,25,H15,No_Label,1
P041,43,White,Male,Yes,26,H22,Established_Outlet,1
P041,43,White,Male,Yes,27,H01,Fact_Check_Flag,0
P041,43,White,Male,Yes,28,H21,Established_Outlet,1
P041,43,White,Male,Yes,29,H26,Established_Outlet,1
P041,43,White,Male,Yes,30,H13,Established_Outlet,1
P041,43,White,Male,Yes,31,H19,Fact_Check_Flag,0
P041,43,White,Male,Yes,32,H14,Fact_Check_Flag,0
P041,43,White,Male,Yes,33,H20,Fact_Check_Flag,1
P041,43,White,Male,Yes,34,H13,Fact_Check_Flag,0
P041,43,White,Male,Yes,35,H09,Fact_Check_Flag,0
P041,43,White,Male,Yes,36,H15,Fact_Check_Flag,0
P041,43,White,Male,Yes,37,H27,Fact_Check_Flag,0
P041,43,White,Male,Yes,38,H08,Established_Outlet,1
P041,43,White,Male,Yes,39,H07,No_Label,1
P041,43,White,Male,Yes,40,H31,Fact_Check_Flag,0
P041,43,White,Male,Yes,41,H22,No_Label,1
P041,43,White,Male,Yes,42,H09,No_Label,1
P041,43,White,Male,Yes,43,H27,Established_Outlet,1
P041,43,White,Male,Yes,44,H30,Established_Outlet,1
P041,43,White,Male,Yes,45,H28,Established_Outlet,1
P041,43,White,Male,Yes,46,H03,No_Label,0
P041,43,White,Male,Yes,47,H20,No_Label,1
P041,43,White,Male,Yes,48,H14,No_Label,0
P041,43,White,Male,Yes,49,H26,Fact_Check_Flag,1
P041,43,White,Male,Yes,50,H16,Fact_Check_Flag,0
P041,43,White,Male,Yes,51,H21,Fact_Check_Flag,1
P041,43,White,Male,Yes,52,H29,Fact_Check_Flag,0
P041,43,White,Male,Yes,53,H05,Fact_Check_Flag,0
P041,43,White,Male,Yes,54,H23,Fact_Check_Flag,1
P041,43,White,Male,Yes,55,H11,Fact_Check_Flag,0
P041,43,White,Male,Yes,56,H32,No_Label,1
P041,43,White,Male,Yes,57,H11,Established_Outlet,1
P041,43,White,Male,Yes,58,H25,Fact_Check_Flag,1
P041,43,White,Male,Yes,59,H04,No_Label,0
P041,43,White,Male,Yes,60,H09,Established_Outlet,1
P041,43,White,Male,Yes,61,H18,Fact_Check_Flag,0
P041,43,White,Male,Yes,62,H01,Established_Outlet,1
P041,43,White,Male,Yes,63,H25,No_Label,0
P041,43,White,Male,Yes,64,H19,No_Label,1
P041,43,White,Male,Yes,65,H15,Established_Outlet,1
P041,43,White,Male,Yes,66,H08,No_Label,0
P041,43,White,Male,Yes,67,H21,No_Label,1
P041,43,White,Male,Yes,68,H10,No_Label,0
P041,43,White,Male,Yes,69,H04,Established_Outlet,1
P041,43,White,Male,Yes,70,H06,No_Label,0
P041,43,White,Male,Yes,71,H11,No_Label,0
P041,43,White,Male,Yes,72,H12,Fact_Check_Flag,1
P041,43,White,Male,Yes,73,H31,No_Label,1
P041,43,White,Male,Yes,74,H10,Established_Outlet,0
P041,43,White,Male,Yes,75,H07,Fact_Check_Flag,0
P041,43,White,Male,Yes,76,H04,Fact_Check_Flag,1
P041,43,White,Male,Yes,77,H10,Fact_Check_Flag,0
P041,43,White,Male,Yes,78,H30,Fact_Check_Flag,1
P041,43,White,Male,Yes,79,H17,No_Label,1
P041,43,White,Male,Yes,80,H17,Fact_Check_Flag,1
P041,43,White,Male,Yes,81,H32,Established_Outlet,1
P041,43,White,Male,Yes,82,H22,Fact_Check_Flag,1
P041,43,White,Male,Yes,83,H26,No_Label,1
P041,43,White,Male,Yes,84,H29,No_Label,0
P041,43,White,Male,Yes,85,H18,Established_Outlet,1
P041,43,White,Male,Yes,86,H14,Established_Outlet,0
P041,43,White,Male,Yes,87,H02,Fact_Check_Flag,0
P041,43,White,Male,Yes,88,H05,No_Label,1
P041,43,White,Male,Yes,89,H13,No_Label,1
P041,43,White,Male,Yes,90,H12,Established_Outlet,1
P041,43,White,Male,Yes,91,H08,Fact_Check_Flag,0
P041,43,White,Male,Yes,92,H19,Established_Outlet,0
P041,43,White,Male,Yes,93,H32,Fact_Check_Flag,1
P041,43,White,Male,Yes,94,H25,Established_Outlet,0
P041,43,White,Male,Yes,95,H02,Established_Outlet,0
P041,43,White,Male,Yes,96,H24,Fact_Check_Flag,1
P042,44,White,Male,Yes,1,H08,Established_Outlet,0
P042,44,White,Male,Yes,2,H23,Established_Outlet,0
P042,44,White,Male,Yes,3,H23,No_Label,0
P042,44,White,Male,Yes,4,H15,No_Label,1
P042,44,White,Male,Yes,5,H16,No_Label,0
P042,44,White,Male,Yes,6,H15,Fact_Check_Flag,0
P042,44,White,Male,Yes,7,H27,Established_Outlet,1
P042,44,White,Male,Yes,8,H05,Fact_Check_Flag,0
P042,44,White,Male,Yes,9,H28,Established_Outlet,0
P042,44,White,Male,Yes,10,H11,No_Label,0
P042,44,White,Male,Yes,11,H08,Fact_Check_Flag,1
P042,44,White,Male,Yes,12,H30,Fact_Check_Flag,0
P042,44,White,Male,Yes,13,H10,Established_Outlet,0
P042,44,White,Male,Yes,14,H23,Fact_Check_Flag,0
P042,44,White,Male,Yes,15,H17,Fact_Check_Flag,0
P042,44,White,Male,Yes,16,H03,No_Label,1
P042,44,White,Male,Yes,17,H25,No_Label,0
P042,44,White,Male,Yes,18,H20,Fact_Check_Flag,1
P042,44,White,Male,Yes,19,H07,Fact_Check_Flag,0
P042,44,White,Male,Yes,20,H01,Established_Outlet,0
P042,44,White,Male,Yes,21,H26,No_Label,0
P042,44,White,Male,Yes,22,H28,No_Label,0
P042,44,White,Male,Yes,23,H21,Fact_Check_Flag,1
P042,44,White,Male,Yes,24,H14,No_Label,1
P042,44,White,Male,Yes,25,H24,No_Label,0
P042,44,White,Male,Yes,26,H24,Fact_Check_Flag,0
P042,44,White,Male,Yes,27,H32,No_Label,0
P042,44,White,Male,Yes,28,H02,No_Label,0
P042,44,White,Male,Yes,29,H22,Fact_Check_Flag,0
P042,44,White,Male,Yes,30,H18,Established_Outlet,0
P042,44,White,Male,Yes,31,H30,No_Label,1
P042,44,White,Male,Yes,32,H19,Fact_Check_Flag,1
P042,44,White,Male,Yes,33,H02,Established_Outlet,1
P042,44,White,Male,Yes,34,H01,No_Label,0
P042,44,White,Male,Yes,35,H19,No_Label,1
P042,44,White,Male,Yes,36,H06,Fact_Check_Flag,0
P042,44,White,Male,Yes,37,H10,No_Label,0
P042,44,White,Male,Yes,38,H10,Fact_Check_Flag,0
P042,44,White,Male,Yes,39,H20,No_Label,0
P042,44,White,Male,Yes,40,H18,Fact_Check_Flag,0
P042,44,White,Male,Yes,41,H06,Established_Outlet,0
P042,44,White,Male,Yes,42,H04,Fact_Check_Flag,0
P042,44,White,Male,Yes,43,H04,Established_Outlet,0
P042,44,White,Male,Yes,44,H25,Established_Outlet,1
P042,44,White,Male,Yes,45,H21,No_Label,1
P042,44,White,Male,Yes,46,H12,No_Label,0
P042,44,White,Male,Yes,47,H16,Fact_Check_Flag,0
P042,44,White,Male,Yes,48,H31,No_Label,0
P042,44,White,Male,Yes,49,H11,Established_Outlet,0
P042,44,White,Male,Yes,50,H14,Established_Outlet,0
P042,44,White,Male,Yes,51,H03,Fact_Check_Flag,0
P042,44,White,Male,Yes,52,H19,Established_Outlet,0
P042,44,White,Male,Yes,53,H06,No_Label,0
P042,44,White,Male,Yes,54,H09,No_Label,1
P042,44,White,Male,Yes,55,H31,Fact_Check_Flag,1
P042,44,White,Male,Yes,56,H30,Established_Outlet,1
P042,44,White,Male,Yes,57,H17,No_Label,0
P042,44,White,Male,Yes,58,H21,Established_Outlet,1
P042,44,White,Male,Yes,59,H28,Fact_Check_Flag,0
P042,44,White,Male,Yes,60,H26,Fact_Check_Flag,0
P042,44,White,Male,Yes,61,H25,Fact_Check_Flag,0
P042,44,White,Male,Yes,62,H13,Fact_Check_Flag,0
P042,44,White,Male,Yes,63,H29,Established_Outlet,0
P042,44,White,Male,Yes,64,H27,Fact_Check_Flag,1
P042,44,White,Male,Yes,65,H20,Established_Outlet,1
P042,44,White,Male,Yes,66,H14,Fact_Check_Flag,0
P042,44,White,Male,Yes,67,H16,Established_Outlet,0
P042,44,White,Male,Yes,68,H12,Established_Outlet,1
P042,44,White,Male,Yes,69,H13,Established_Outlet,0
P042,44,White,Male,Yes,70,H02,Fact_Check_Flag,0
P042,44,White,Male,Yes,71,H29,Fact_Check_Flag,0
P042,44,White,Male,Yes,72,H22,Established_Outlet,1
P042,44,White,Male,Yes,73,H04,No_Label,0
P042,44,White,Male,Yes,74,H07,No_Label,0
P042,44,White,Male,Yes,75,H27,No_Label,1
P042,44,White,Male,Yes,76,H08,No_Label,1
P042,44,White,Male,Yes,77,H32,Established_Outlet,0
P042,44,White,Male,Yes,78,H12,Fact_Check_Flag,1
P042,44,White,Male,Yes,79,H01,Fact_Check_Flag,0
P042,44,White,Male,Yes,80,H05,No_Label,0
P042,44,White,Male,Yes,81,H22,No_Label,0
P042,44,White,Male,Yes,82,H09,Established_Outlet,1
P042,44,White,Male,Yes,83,H29,No_Label,0
P042,44,White,Male,Yes,84,H18,No_Label,0
P042,44,White,Male,Yes,85,H07,Established_Outlet,0
P042,44,White,Male,Yes,86,H15,Established_Outlet,1
P042,44,White,Male,Yes,87,H17,Established_Outlet,1
P042,44,White,Male,Yes,88,H03,Established_Outlet,1
P042,44,White,Male,Yes,89,H13,No_Label,0
P042,44,White,Male,Yes,90,H09,Fact_Check_Flag,0
P042,44,White,Male,Yes,91,H26,Established_Outlet,1
P042,44,White,Male,Yes,92,H24,Established_Outlet,0
P042,44,White,Male,Yes,93,H31,Established_Outlet,1
P042,44,White,Male,Yes,94,H11,Fact_Check_Flag,0
P042,44,White,Male,Yes,95,H32,Fact_Check_Flag,0
P042,44,White,Male,Yes,96,H05,Established_Outlet,0
P043,29,White,Female,Yes,1,H03,Fact_Check_Flag,0
P043,29,White,Female,Yes,2,H06,Fact_Check_Flag,0
P043,29,White,Female,Yes,3,H29,No_Label,0
P043,29,White,Female,Yes,4,H23,Fact_Check_Flag,1
P043,29,White,Female,Yes,5,H14,Fact_Check_Flag,0
P043,29,White,Female,Yes,6,H01,Fact_Check_Flag,1
P043,29,White,Female,Yes,7,H17,No_Label,0
P043,29,White,Female,Yes,8,H21,Established_Outlet,1
P043,29,White,Female,Yes,9,H12,Fact_Check_Flag,1
P043,29,White,Female,Yes,10,H25,No_Label,0
P043,29,White,Female,Yes,11,H02,Fact_Check_Flag,0
P043,29,White,Female,Yes,12,H15,Established_Outlet,1
P043,29,White,Female,Yes,13,H04,Established_Outlet,0
P043,29,White,Female,Yes,14,H19,No_Label,0
P043,29,White,Female,Yes,15,H03,No_Label,0
P043,29,White,Female,Yes,16,H23,Established_Outlet,0
P043,29,White,Female,Yes,17,H18,Established_Outlet,0
P043,29,White,Female,Yes,18,H23,No_Label,1
P043,29,White,Female,Yes,19,H29,Fact_Check_Flag,0
P043,29,White,Female,Yes,20,H32,Established_Outlet,0
P043,29,White,Female,Yes,21,H05,No_Label,1
P043,29,White,Female,Yes,22,H06,No_Label,1
P043,29,White,Female,Yes,23,H06,Established_Outlet,1
P043,29,White,Female,Yes,24,H05,Fact_Check_Flag,0
P043,29,White,Female,Yes,25,H19,Fact_Check_Flag,0
P043,29,White,Female,Yes,26,H13,Fact_Check_Flag,0
P043,29,White,Female,Yes,27,H27,Fact_Check_Flag,1
P043,29,White,Female,Yes,28,H28,Fact_Check_Flag,0
P043,29,White,Female,Yes,29,H04,No_Label,0
P043,29,White,Female,Yes,30,H24,Fact_Check_Flag,0
P043,29,White,Female,Yes,31,H09,No_Label,1
P043,29,White,Female,Yes,32,H20,No_Label,1
P043,29,White,Female,Yes,33,H16,No_Label,0
P043,29,White,Female,Yes,34,H21,No_Label,1
P043,29,White,Female,Yes,35,H26,Established_Outlet,1
P043,29,White,Female,Yes,36,H27,Established_Outlet,1
P043,29,White,Female,Yes,37,H18,No_Label,0
P043,29,White,Female,Yes,38,H12,Established_Outlet,1
P043,29,White,Female,Yes,39,H31,No_Label,1
P043,29,White,Female,Yes,40,H32,No_Label,0
P043,29,White,Female,Yes,41,H25,Fact_Check_Flag,0
P043,29,White,Female,Yes,42,H30,Fact_Check_Flag,1
P043,29,White,Female,Yes,43,H13,Established_Outlet,1
P043,29,White,Female,Yes,44,H20,Fact_Check_Flag,0
P043,29,White,Female,Yes,45,H02,No_Label,0
P043,29,White,Female,Yes,46,H11,Fact_Check_Flag,0
P043,29,White,Female,Yes,47,H22,Established_Outlet,1
P043,29,White,Female,Yes,48,H10,Established_Outlet,0
P043,29,White,Female,Yes,49,H03,Established_Outlet,1
P043,29,White,Female,Yes,50,H30,Established_Outlet,1
P043,29,White,Female,Yes,51,H28,No_Label,0
P043,29,White,Female,Yes,52,H14,No_Label,0
P043,29,White,Female,Yes,53,H25,Established_Outlet,0
P043,29,White,Female,Yes,54,H02,Established_Outlet,1
P043,29,White,Female,Yes,55,H01,Established_Outlet,1
P043,29,White,Female,Yes,56,H08,No_Label,0
P043,29,White,Female,Yes,57,H24,Established_Outlet,0
P043,29,White,Female,Yes,58,H16,Established_Outlet,1
P043,29,White,Female,Yes,59,H10,No_Label,0
P043,29,White,Female,Yes,60,H16,Fact_Check_Flag,0
P043,29,White,Female,Yes,61,H22,No_Label,1
P043,29,White,Female,Yes,62,H07,Fact_Check_Flag,0
P043,29,White,Female,Yes,63,H13,No_Label,1
P043,29,White,Female,Yes,64,H15,Fact_Check_Flag,1
P043,29,White,Female,Yes,65,H28,Established_Outlet,0
P043,29,White,Female,Yes,66,H31,Fact_Check_Flag,1
P043,29,White,Female,Yes,67,H19,Established_Outlet,1
P043,29,White,Female,Yes,68,H05,Established_Outlet,1
P043,29,White,Female,Yes,69,H26,No_Label,1
P043,29,White,Female,Yes,70,H08,Established_Outlet,0
P043,29,White,Female,Yes,71,H01,No_Label,1
P043,29,White,Female,Yes,72,H20,Established_Outlet,1
P043,29,White,Female,Yes,73,H27,No_Label,1
P043,29,White,Female,Yes,74,H09,Fact_Check_Flag,1
P043,29,White,Female,Yes,75,H10,Fact_Check_Flag,0
P043,29,White,Female,Yes,76,H11,Established_Outlet,1
P043,29,White,Female,Yes,77,H09,Established_Outlet,1
P043,29,White,Female,Yes,78,H07,Established_Outlet,0
P043,29,White,Female,Yes,79,H17,Established_Outlet,1
P043,29,White,Female,Yes,80,H12,No_Label,1
P043,29,White,Female,Yes,81,H14,Established_Outlet,1
P043,29,White,Female,Yes,82,H17,Fact_Check_Flag,0
P043,29,White,Female,Yes,83,H04,Fact_Check_Flag,0
P043,29,White,Female,Yes,84,H26,Fact_Check_Flag,0
P043,29,White,Female,Yes,85,H15,No_Label,0
P043,29,White,Female,Yes,86,H31,Established_Outlet,1
P043,29,White,Female,Yes,87,H22,Fact_Check_Flag,0
P043,29,White,Female,Yes,88,H18,Fact_Check_Flag,0
P043,29,White,Female,Yes,89,H24,No_Label,1
P043,29,White,Female,Yes,90,H29,Established_Outlet,0
P043,29,White,Female,Yes,91,H30,No_Label,0
P043,29,White,Female,Yes,92,H21,Fact_Check_Flag,1
P043,29,White,Female,Yes,93,H11,No_Label,0
P043,29,White,Female,Yes,94,H32,Fact_Check_Flag,0
P043,29,White,Female,Yes,95,H07,No_Label,0
P043,29,White,Female,Yes,96,H08,Fact_Check_Flag,0
P044,55,White,Male,Yes,1,H15,No_Label,1
P044,55,White,Male,Yes,2,H24,Established_Outlet,1
P044,55,White,Male,Yes,3,H17,Fact_Check_Flag,0
P044,55,White,Male,Yes,4,H01,Established_Outlet,1
P044,55,White,Male,Yes,5,H28,Established_Outlet,1
P044,55,White,Male,Yes,6,H23,Fact_Check_Flag,0
P044,55,White,Male,Yes,7,H15,Fact_Check_Flag,0
P044,55,White,Male,Yes,8,H08,Fact_Check_Flag,0
P044,55,White,Male,Yes,9,H20,Established_Outlet,1
P044,55,White,Male,Yes,10,H10,Established_Outlet,0
P044,55,White,Male,Yes,11,H06,Established_Outlet,0
P044,55,White,Male,Yes,12,H30,Fact_Check_Flag,1
P044,55,White,Male,Yes,13,H14,Established_Outlet,0
P044,55,White,Male,Yes,14,H26,Established_Outlet,0
P044,55,White,Male,Yes,15,H20,No_Label,0
P044,55,White,Male,Yes,16,H17,No_Label,1
P044,55,White,Male,Yes,17,H02,Fact_Check_Flag,0
P044,55,White,Male,Yes,18,H31,No_Label,0
P044,55,White,Male,Yes,19,H19,No_Label,0
P044,55,White,Male,Yes,20,H15,Established_Outlet,1
P044,55,White,Male,Yes,21,H18,No_Label,0
P044,55,White,Male,Yes,22,H12,Fact_Check_Flag,1
P044,55,White,Male,Yes,23,H03,No_Label,0
P044,55,White,Male,Yes,24,H12,No_Label,1
P044,55,White,Male,Yes,25,H03,Established_Outlet,0
P044,55,White,Male,Yes,26,H27,Fact_Check_Flag,1
P044,55,White,Male,Yes,27,H02,Established_Outlet,0
P044,55,White,Male,Yes,28,H23,Established_Outlet,0
P044,55,White,Male,Yes,29,H32,Fact_Check_Flag,0
P044,55,White,Male,Yes,30,H16,Established_Outlet,0
P044,55,White,Male,Yes,31,H29,No_Label,0
P044,55,White,Male,Yes,32,H26,No_Label,1
P044,55,White,Male,Yes,33,H17,Established_Outlet,0
P044,55,White,Male,Yes,34,H11,Established_Outlet,1
P044,55,White,Male,Yes,35,H27,No_Label,1
P044,55,White,Male,Yes,36,H07,Fact_Check_Flag,0
P044,55,White,Male,Yes,37,H21,Established_Outlet,1
P044,55,White,Male,Yes,38,H30,No_Label,0
P044,55,White,Male,Yes,39,H06,Fact_Check_Flag,0
P044,55,White,Male,Yes,40,H31,Established_Outlet,1
P044,55,White,Male,Yes,41,H09,No_Label,1
P044,55,White,Male,Yes,42,H28,Fact_Check_Flag,0
P044,55,White,Male,Yes,43,H31,Fact_Check_Flag,0
P044,55,White,Male,Yes,44,H01,No_Label,0
P044,55,White,Male,Yes,45,H01,Fact_Check_Flag,0
P044,55,White,Male,Yes,46,H32,No_Label,1
P044,55,White,Male,Yes,47,H04,No_Label,0
P044,55,White,Male,Yes,48,H04,Fact_Check_Flag,0
P044,55,White,Male,Yes,49,H05,Established_Outlet,1
P044,55,White,Male,Yes,50,H27,Established_Outlet,1
P044,55,White,Male,Yes,51,H19,Fact_Check_Flag,0
P044,55,White,Male,Yes,52,H24,No_Label,1
P044,55,White,Male,Yes,53,H04,Established_Outlet,0
P044,55,White,Male,Yes,54,H05,Fact_Check_Flag,0
P044,55,White,Male,Yes,55,H10,No_Label,0
P044,55,White,Male,Yes,56,H13,Established_Outlet,0
P044,55,White,Male,Yes,57,H14,No_Label,0
P044,55,White,Male,Yes,58,H09,Fact_Check_Flag,1
P044,55,White,Male,Yes,59,H11,Fact_Check_Flag,0
P044,55,White,Male,Yes,60,H05,No_Label,1
P044,55,White,Male,Yes,61,H23,No_Label,1
P044,55,White,Male,Yes,62,H25,No_Label,0
P044,55,White,Male,Yes,63,H30,Established_Outlet,0
P044,55,White,Male,Yes,64,H28,No_Label,0
P044,55,White,Male,Yes,65,H21,Fact_Check_Flag,1
P044,55,White,Male,Yes,66,H07,Established_Outlet,0
P044,55,White,Male,Yes,67,H10,Fact_Check_Flag,0
P044,55,White,Male,Yes,68,H16,Fact_Check_Flag,0
P044,55,White,Male,Yes,69,H25,Established_Outlet,1
P044,55,White,Male,Yes,70,H24,Fact_Check_Flag,0
P044,55,White,Male,Yes,71,H11,No_Label,0
P044,55,White,Male,Yes,72,H13,No_Label,0
P044,55,White,Male,Yes,73,H29,Fact_Check_Flag,0
P044,55,White,Male,Yes,74,H16,No_Label,0
P044,55,White,Male,Yes,75,H14,Fact_Check_Flag,0
P044,55,White,Male,Yes,76,H03,Fact_Check_Flag,0
P044,55,White,Male,Yes,77,H22,Fact_Check_Flag,0
P044,55,White,Male,Yes,78,H26,Fact_Check_Flag,1
P044,55,White,Male,Yes,79,H22,Established_Outlet,0
P044,55,White,Male,Yes,80,H13,Fact_Check_Flag,0
P044,55,White,Male,Yes,81,H25,Fact_Check_Flag,0
P044,55,White,Male,Yes,82,H19,Established_Outlet,0
P044,55,White,Male,Yes,83,H09,Established_Outlet,1
P044,55,White,Male,Yes,84,H32,Established_Outlet,1
P044,55,White,Male,Yes,85,H06,No_Label,1
P044,55,White,Male,Yes,86,H20,Fact_Check_Flag,0
P044,55,White,Male,Yes,87,H07,No_Label,0
P044,55,White,Male,Yes,88,H18,Established_Outlet,1
P044,55,White,Male,Yes,89,H12,Established_Outlet,1
P044,55,White,Male,Yes,90,H08,Established_Outlet,0
P044,55,White,Male,Yes,91,H21,No_Label,1
P044,55,White,Male,Yes,92,H02,No_Label,1
P044,55,White,Male,Yes,93,H22,No_Label,1
P044,55,White,Male,Yes,94,H29,Established_Outlet,0
P044,55,White,Male,Yes,95,H08,No_Label,0
P044,55,White,Male,Yes,96,H18,Fact_Check_Flag,0
P045,58,White,Female,Yes,1,H29,Established_Outlet,1
P045,58,White,Female,Yes,2,H20,Fact_Check_Flag,1
P045,58,White,Female,Yes,3,H17,Established_Outlet,1
P045,58,White,Female,Yes,4,H16,Established_Outlet,1
P045,58,White,Female,Yes,5,H23,No_Label,1
P045,58,White,Female,Yes,6,H12,No_Label,1
P045,58,White,Female,Yes,7,H26,Established_Outlet,1
P045,58,White,Female,Yes,8,H04,No_Label,1
P045,58,White,Female,Yes,9,H28,Fact_Check_Flag,1
P045,58,White,Female,Yes,10,H19,Fact_Check_Flag,0
P045,58,White,Female,Yes,11,H15,Established_Outlet,1
P045,58,White,Female,Yes,12,H21,Fact_Check_Flag,1
P045,58,White,Female,Yes,13,H10,No_Label,1
P045,58,White,Female,Yes,14,H10,Fact_Check_Flag,1
P045,58,White,Female,Yes,15,H24,Fact_Check_Flag,1
P045,58,White,Female,Yes,16,H05,Established_Outlet,1
P045,58,White,Female,Yes,17,H26,Fact_Check_Flag,0
P045,58,White,Female,Yes,18,H25,Fact_Check_Flag,0
P045,58,White,Female,Yes,19,H17,No_Label,0
P045,58,White,Female,Yes,20,H20,Established_Outlet,1
P045,58,White,Female,Yes,21,H28,Established_Outlet,1
P045,58,White,Female,Yes,22,H28,No_Label,1
P045,58,White,Female,Yes,23,H14,Fact_Check_Flag,1
P045,58,White,Female,Yes,24,H05,Fact_Check_Flag,0
P045,58,White,Female,Yes,25,H21,No_Label,1
P045,58,White,Female,Yes,26,H13,Established_Outlet,1
P045,58,White,Female,Yes,27,H18,Established_Outlet,1
P045,58,White,Female,Yes,28,H12,Established_Outlet,1
P045,58,White,Female,Yes,29,H26,No_Label,0
P045,58,White,Female,Yes,30,H08,Fact_Check_Flag,1
P045,58,White,Female,Yes,31,H20,No_Label,1
P045,58,White,Female,Yes,32,H24,No_Label,1
P045,58,White,Female,Yes,33,H22,No_Label,1
P045,58,White,Female,Yes,34,H32,Established_Outlet,1
P045,58,White,Female,Yes,35,H31,No_Label,1
P045,58,White,Female,Yes,36,H31,Fact_Check_Flag,1
P045,58,White,Female,Yes,37,H13,Fact_Check_Flag,1
P045,58,White,Female,Yes,38,H03,No_Label,1
P045,58,White,Female,Yes,39,H03,Fact_Check_Flag,0
P045,58,White,Female,Yes,40,H22,Established_Outlet,1
P045,58,White,Female,Yes,41,H27,No_Label,1
P045,58,White,Female,Yes,42,H08,No_Label,1
P045,58,White,Female,Yes,43,H19,Established_Outlet,1
P045,58,White,Female,Yes,44,H15,Fact_Check_Flag,1
P045,58,White,Female,Yes,45,H05,No_Label,1
P045,58,White,Female,Yes,46,H30,No_Label,1
P045,58,White,Female,Yes,47,H30,Established_Outlet,1
P045,58,White,Female,Yes,48,H25,No_Label,1
P045,58,White,Female,Yes,49,H25,Established_Outlet,1
P045,58,White,Female,Yes,50,H14,Established_Outlet,1
P045,58,White,Female,Yes,51,H27,Fact_Check_Flag,1
P045,58,White,Female,Yes,52,H03,Established_Outlet,1
P045,58,White,Female,Yes,53,H10,Established_Outlet,1
P045,58,White,Female,Yes,54,H30,Fact_Check_Flag,1
P045,58,White,Female,Yes,55,H15,No_Label,1
P045,58,White,Female,Yes,56,H29,Fact_Check_Flag,0
P045,58,White,Female,Yes,57,H16,Fact_Check_Flag,1
P045,58,White,Female,Yes,58,H18,No_Label,1
P045,58,White,Female,Yes,59,H01,Established_Outlet,1
P045,58,White,Female,Yes,60,H04,Fact_Check_Flag,1
P045,58,White,Female,Yes,61,H09,Fact_Check_Flag,0
P045,58,White,Female,Yes,62,H17,Fact_Check_Flag,0
P045,58,White,Female,Yes,63,H32,No_Label,0
P045,58,White,Female,Yes,64,H04,Established_Outlet,1
P045,58,White,Female,Yes,65,H02,Established_Outlet,0
P045,58,White,Female,Yes,66,H23,Fact_Check_Flag,1
P045,58,White,Female,Yes,67,H01,Fact_Check_Flag,1
P045,58,White,Female,Yes,68,H22,Fact_Check_Flag,1
P045,58,White,Female,Yes,69,H23,Established_Outlet,1
P045,58,White,Female,Yes,70,H11,Fact_Check_Flag,0
P045,58,White,Female,Yes,71,H07,Established_Outlet,1
P045,58,White,Female,Yes,72,H24,Established_Outlet,0
P045,58,White,Female,Yes,73,H32,Fact_Check_Flag,0
P045,58,White,Female,Yes,74,H14,No_Label,1
P045,58,White,Female,Yes,75,H19,No_Label,1
P045,58,White,Female,Yes,76,H11,No_Label,1
P045,58,White,Female,Yes,77,H21,Established_Outlet,1
P045,58,White,Female,Yes,78,H06,Fact_Check_Flag,0
P045,58,White,Female,Yes,79,H07,Fact_Check_Flag,1
P045,58,White,Female,Yes,80,H09,Established_Outlet,1
P045,58,White,Female,Yes,81,H12,Fact_Check_Flag,1
P045,58,White,Female,Yes,82,H07,No_Label,1
P045,58,White,Female,Yes,83,H06,Established_Outlet,1
P045,58,White,Female,Yes,84,H29,No_Label,0
P045,58,White,Female,Yes,85,H27,Established_Outlet,1
P045,58,White,Female,Yes,86,H01,No_Label,1
P045,58,White,Female,Yes,87,H06,No_Label,1
P045,58,White,Female,Yes,88,H02,No_Label,1
P045,58,White,Female,Yes,89,H08,Established_Outlet,1
P045,58,White,Female,Yes,90,H09,No_Label,1
P045,58,White,Female,Yes,91,H11,Established_Outlet,1
P045,58,White,Female,Yes,92,H02,Fact_Check_Flag,0
P045,58,White,Female,Yes,93,H13,No_Label,1
P045,58,White,Female,Yes,94,H31,Established_Outlet,1
P045,58,White,Female,Yes,95,H16,No_Label,1
P045,58,White,Female,Yes,96,H18,Fact_Check_Flag,1
P046,62,Multiracial or Other,Male,Yes,1,H09,Fact_Check_Flag,1
P046,62,Multiracial or Other,Male,Yes,2,H07,No_Label,0
P046,62,Multiracial or Other,Male,Yes,3,H04,Fact_Check_Flag,0
P046,62,Multiracial or Other,Male,Yes,4,H25,Established_Outlet,0
P046,62,Multiracial or Other,Male,Yes,5,H31,Fact_Check_Flag,0
P046,62,Multiracial or Other,Male,Yes,6,H26,No_Label,1
P046,62,Multiracial or Other,Male,Yes,7,H25,Fact_Check_Flag,0
P046,62,Multiracial or Other,Male,Yes,8,H16,Established_Outlet,0
P046,62,Multiracial or Other,Male,Yes,9,H08,No_Label,1
P046,62,Multiracial or Other,Male,Yes,10,H11,No_Label,1
P046,62,Multiracial or Other,Male,Yes,11,H02,Fact_Check_Flag,0
P046,62,Multiracial or Other,Male,Yes,12,H10,No_Label,0
P046,62,Multiracial or Other,Male,Yes,13,H28,No_Label,0
P046,62,Multiracial or Other,Male,Yes,14,H15,Established_Outlet,1
P046,62,Multiracial or Other,Male,Yes,15,H20,Fact_Check_Flag,1
P046,62,Multiracial or Other,Male,Yes,16,H02,Established_Outlet,1
P046,62,Multiracial or Other,Male,Yes,17,H29,Fact_Check_Flag,0
P046,62,Multiracial or Other,Male,Yes,18,H03,Established_Outlet,1
P046,62,Multiracial or Other,Male,Yes,19,H16,No_Label,0
P046,62,Multiracial or Other,Male,Yes,20,H28,Established_Outlet,0
P046,62,Multiracial or Other,Male,Yes,21,H12,No_Label,1
P046,62,Multiracial or Other,Male,Yes,22,H17,Established_Outlet,1
P046,62,Multiracial or Other,Male,Yes,23,H14,No_Label,1
P046,62,Multiracial or Other,Male,Yes,24,H24,No_Label,1
P046,62,Multiracial or Other,Male,Yes,25,H30,Fact_Check_Flag,1
P046,62,Multiracial or Other,Male,Yes,26,H19,Established_Outlet,1
P046,62,Multiracial or Other,Male,Yes,27,H10,Established_Outlet,1
P046,62,Multiracial or Other,Male,Yes,28,H01,No_Label,1
P046,62,Multiracial or Other,Male,Yes,29,H09,Established_Outlet,1
P046,62,Multiracial or Other,Male,Yes,30,H30,Established_Outlet,0
P046,62,Multiracial or Other,Male,Yes,31,H11,Established_Outlet,0
P046,62,Multiracial or Other,Male,Yes,32,H11,Fact_Check_Flag,0
P046,62,Multiracial or Other,Male,Yes,33,H27,No_Label,0
P046,62,Multiracial or Other,Male,Yes,34,H09,No_Label,1
P046,62,Multiracial or Other,Male,Yes,35,H21,Established_Outlet,1
P046,62,Multiracial or Other,Male,Yes,36,H15,No_Label,1
P046,62,Multiracial or Other,Male,Yes,37,H26,Fact_Check_Flag,0
P046,62,Multiracial or Other,Male,Yes,38,H07,Fact_Check_Flag,0
P046,62,Multiracial or Other,Male,Yes,39,H24,Established_Outlet,1
P046,62,Multiracial or Other,Male,Yes,40,H32,Established_Outlet,1
P046,62,Multiracial or Other,Male,Yes,41,H31,No_Label,1
P046,62,Multiracial or Other,Male,Yes,42,H01,Fact_Check_Flag,1
P046,62,Multiracial or Other,Male,Yes,43,H23,Fact_Check_Flag,1
P046,62,Multiracial or Other,Male,Yes,44,H03,No_Label,1
P046,62,Multiracial or Other,Male,Yes,45,H02,No_Label,1
P046,62,Multiracial or Other,Male,Yes,46,H05,No_Label,1
P046,62,Multiracial or Other,Male,Yes,47,H27,Established_Outlet,1
P046,62,Multiracial or Other,Male,Yes,48,H25,No_Label,0
P046,62,Multiracial or Other,Male,Yes,49,H13,Fact_Check_Flag,0
P046,62,Multiracial or Other,Male,Yes,50,H29,Established_Outlet,0
P046,62,Multiracial or Other,Male,Yes,51,H23,No_Label,0
P046,62,Multiracial or Other,Male,Yes,52,H04,No_Label,1
P046,62,Multiracial or Other,Male,Yes,53,H05,Fact_Check_Flag,0
P046,62,Multiracial or Other,Male,Yes,54,H18,Established_Outlet,1
P046,62,Multiracial or Other,Male,Yes,55,H07,Established_Outlet,1
P046,62,Multiracial or Other,Male,Yes,56,H10,Fact_Check_Flag,0
P046,62,Multiracial or Other,Male,Yes,57,H16,Fact_Check_Flag,0
P046,62,Multiracial or Other,Male,Yes,58,H29,No_Label,0
P046,62,Multiracial or Other,Male,Yes,59,H27,Fact_Check_Flag,1
P046,62,Multiracial or Other,Male,Yes,60,H17,Fact_Check_Flag,1
P046,62,Multiracial or Other,Male,Yes,61,H21,Fact_Check_Flag,1
P046,62,Multiracial or Other,Male,Yes,62,H19,No_Label,0
P046,62,Multiracial or Other,Male,Yes,63,H12,Established_Outlet,1
P046,62,Multiracial or Other,Male,Yes,64,H20,No_Label,0
P046,62,Multiracial or Other,Male,Yes,65,H08,Established_Outlet,1
P046,62,Multiracial or Other,Male,Yes,66,H13,No_Label,1
P046,62,Multiracial or Other,Male,Yes,67,H22,No_Label,0
P046,62,Multiracial or Other,Male,Yes,68,H26,Established_Outlet,1
P046,62,Multiracial or Other,Male,Yes,69,H32,Fact_Check_Flag,0
P046,62,Multiracial or Other,Male,Yes,70,H31,Established_Outlet,1
P046,62,Multiracial or Other,Male,Yes,71,H24,Fact_Check_Flag,1
P046,62,Multiracial or Other,Male,Yes,72,H19,Fact_Check_Flag,0
P046,62,Multiracial or Other,Male,Yes,73,H04,Established_Outlet,1
P046,62,Multiracial or Other,Male,Yes,74,H05,Established_Outlet,1
P046,62,Multiracial or Other,Male,Yes,75,H22,Established_Outlet,1
P046,62,Multiracial or Other,Male,Yes,76,H06,Fact_Check_Flag,1
P046,62,Multiracial or Other,Male,Yes,77,H28,Fact_Check_Flag,0
P046,62,Multiracial or Other,Male,Yes,78,H30,No_Label,1
P046,62,Multiracial or Other,Male,Yes,79,H14,Fact_Check_Flag,0
P046,62,Multiracial or Other,Male,Yes,80,H15,Fact_Check_Flag,0
P046,62,Multiracial or Other,Male,Yes,81,H06,No_Label,1
P046,62,Multiracial or Other,Male,Yes,82,H21,No_Label,1
P046,62,Multiracial or Other,Male,Yes,83,H23,Established_Outlet,1
P046,62,Multiracial or Other,Male,Yes,84,H18,No_Label,0
P046,62,Multiracial or Other,Male,Yes,85,H20,Established_Outlet,1
P046,62,Multiracial or Other,Male,Yes,86,H22,Fact_Check_Flag,0
P046,62,Multiracial or Other,Male,Yes,87,H18,Fact_Check_Flag,0
P046,62,Multiracial or Other,Male,Yes,88,H13,Established_Outlet,1
P046,62,Multiracial or Other,Male,Yes,89,H32,No_Label,1
P046,62,Multiracial or Other,Male,Yes,90,H03,Fact_Check_Flag,1
P046,62,Multiracial or Other,Male,Yes,91,H12,Fact_Check_Flag,1
P046,62,Multiracial or Other,Male,Yes,92,H14,Established_Outlet,0
P046,62,Multiracial or Other,Male,Yes,93,H06,Established_Outlet,1
P046,62,Multiracial or Other,Male,Yes,94,H17,No_Label,0
P046,62,Multiracial or Other,Male,Yes,95,H08,Fact_Check_Flag,0
P046,62,Multiracial or Other,Male,Yes,96,H01,Established_Outlet,1
P047,51,White,Male,Yes,1,H05,No_Label,1
P047,51,White,Male,Yes,2,H11,No_Label,0
P047,51,White,Male,Yes,3,H26,No_Label,0
P047,51,White,Male,Yes,4,H12,No_Label,1
P047,51,White,Male,Yes,5,H05,Established_Outlet,0
P047,51,White,Male,Yes,6,H10,Established_Outlet,1
P047,51,White,Male,Yes,7,H23,Fact_Check_Flag,0
P047,51,White,Male,Yes,8,H26,Established_Outlet,0
P047,51,White,Male,Yes,9,H09,Established_Outlet,1
P047,51,White,Male,Yes,10,H03,Established_Outlet,0
P047,51,White,Male,Yes,11,H09,No_Label,1
P047,51,White,Male,Yes,12,H14,No_Label,1
P047,51,White,Male,Yes,13,H25,Established_Outlet,0
P047,51,White,Male,Yes,14,H06,Established_Outlet,0
P047,51,White,Male,Yes,15,H03,Fact_Check_Flag,1
P047,51,White,Male,Yes,16,H07,No_Label,1
P047,51,White,Male,Yes,17,H22,No_Label,1
P047,51,White,Male,Yes,18,H19,No_Label,1
P047,51,White,Male,Yes,19,H10,Fact_Check_Flag,0
P047,51,White,Male,Yes,20,H13,Fact_Check_Flag,1
P047,51,White,Male,Yes,21,H15,Fact_Check_Flag,1
P047,51,White,Male,Yes,22,H29,Established_Outlet,0
P047,51,White,Male,Yes,23,H05,Fact_Check_Flag,0
P047,51,White,Male,Yes,24,H24,No_Label,1
P047,51,White,Male,Yes,25,H15,Established_Outlet,1
P047,51,White,Male,Yes,26,H18,No_Label,0
P047,51,White,Male,Yes,27,H22,Established_Outlet,1
P047,51,White,Male,Yes,28,H22,Fact_Check_Flag,0
P047,51,White,Male,Yes,29,H16,Fact_Check_Flag,0
P047,51,White,Male,Yes,30,H06,Fact_Check_Flag,1
P047,51,White,Male,Yes,31,H20,Established_Outlet,0
P047,51,White,Male,Yes,32,H27,No_Label,1
P047,51,White,Male,Yes,33,H14,Established_Outlet,1
P047,51,White,Male,Yes,34,H04,Fact_Check_Flag,1
P047,51,White,Male,Yes,35,H18,Fact_Check_Flag,0
P047,51,White,Male,Yes,36,H32,No_Label,0
P047,51,White,Male,Yes,37,H10,No_Label,0
P047,51,White,Male,Yes,38,H17,No_Label,0
P047,51,White,Male,Yes,39,H07,Fact_Check_Flag,0
P047,51,White,Male,Yes,40,H02,No_Label,0
P047,51,White,Male,Yes,41,H32,Established_Outlet,0
P047,51,White,Male,Yes,42,H20,No_Label,1
P047,51,White,Male,Yes,43,H27,Fact_Check_Flag,1
P047,51,White,Male,Yes,44,H19,Established_Outlet,0
P047,51,White,Male,Yes,45,H19,Fact_Check_Flag,0
P047,51,White,Male,Yes,46,H23,Established_Outlet,1
P047,51,White,Male,Yes,47,H01,No_Label,1
P047,51,White,Male,Yes,48,H29,Fact_Check_Flag,0
P047,51,White,Male,Yes,49,H23,No_Label,1
P047,51,White,Male,Yes,50,H30,Fact_Check_Flag,1
P047,51,White,Male,Yes,51,H31,No_Label,1
P047,51,White,Male,Yes,52,H27,Established_Outlet,1
P047,51,White,Male,Yes,53,H32,Fact_Check_Flag,0
P047,51,White,Male,Yes,54,H03,No_Label,1
P047,51,White,Male,Yes,55,H01,Fact_Check_Flag,1
P047,51,White,Male,Yes,56,H20,Fact_Check_Flag,0
P047,51,White,Male,Yes,57,H09,Fact_Check_Flag,1
P047,51,White,Male,Yes,58,H01,Established_Outlet,1
P047,51,White,Male,Yes,59,H16,No_Label,0
P047,51,White,Male,Yes,60,H06,No_Label,0
P047,51,White,Male,Yes,61,H28,Fact_Check_Flag,1
P047,51,White,Male,Yes,62,H02,Fact_Check_Flag,0
P047,51,White,Male,Yes,63,H25,Fact_Check_Flag,0
P047,51,White,Male,Yes,64,H14,Fact_Check_Flag,0
P047,51,White,Male,Yes,65,H31,Established_Outlet,1
P047,51,White,Male,Yes,66,H28,Established_Outlet,0
P047,51,White,Male,Yes,67,H04,No_Label,0
P047,51,White,Male,Yes,68,H30,Established_Outlet,1
P047,51,White,Male,Yes,69,H21,Established_Outlet,1
P047,51,White,Male,Yes,70,H24,Established_Outlet,1
P047,51,White,Male,Yes,71,H11,Fact_Check_Flag,0
P047,51,White,Male,Yes,72,H26,Fact_Check_Flag,0
P047,51,White,Male,Yes,73,H24,Fact_Check_Flag,0
P047,51,White,Male,Yes,74,H08,Fact_Check_Flag,0
P047,51,White,Male,Yes,75,H02,Established_Outlet,1
P047,51,White,Male,Yes,76,H18,Established_Outlet,0
P047,51,White,Male,Yes,77,H12,Fact_Check_Flag,1
P047,51,White,Male,Yes,78,H08,No_Label,1
P047,51,White,Male,Yes,79,H17,Fact_Check_Flag,0
P047,51,White,Male,Yes,80,H29,No_Label,0
P047,51,White,Male,Yes,81,H16,Established_Outlet,1
P047,51,White,Male,Yes,82,H17,Established_Outlet,0
P047,51,White,Male,Yes,83,H13,Established_Outlet,0
P047,51,White,Male,Yes,84,H15,No_Label,0
P047,51,White,Male,Yes,85,H31,Fact_Check_Flag,1
P047,51,White,Male,Yes,86,H11,Established_Outlet,0
P047,51,White,Male,Yes,87,H21,Fact_Check_Flag,1
P047,51,White,Male,Yes,88,H12,Established_Outlet,0
P047,51,White,Male,Yes,89,H07,Established_Outlet,0
P047,51,White,Male,Yes,90,H13,No_Label,0
P047,51,White,Male,Yes,91,H30,No_Label,1
P047,51,White,Male,Yes,92,H21,No_Label,1
P047,51,White,Male,Yes,93,H04,Established_Outlet,0
P047,51,White,Male,Yes,94,H08,Established_Outlet,1
P047,51,White,Male,Yes,95,H28,No_Label,0
P047,51,White,Male,Yes,96,H25,No_Label,0
P048,63,Black or African American,Male,Yes,1,H08,No_Label,1
P048,63,Black or African American,Male,Yes,2,H22,Fact_Check_Flag,0
P048,63,Black or African American,Male,Yes,3,H31,Established_Outlet,1
P048,63,Black or African American,Male,Yes,4,H04,No_Label,0
P048,63,Black or African American,Male,Yes,5,H04,Established_Outlet,1
P048,63,Black or African American,Male,Yes,6,H10,No_Label,0
P048,63,Black or African American,Male,Yes,7,H12,No_Label,0
P048,63,Black or African American,Male,Yes,8,H16,Fact_Check_Flag,0
P048,63,Black or African American,Male,Yes,9,H09,Fact_Check_Flag,1
P048,63,Black or African American,Male,Yes,10,H19,No_Label,0
P048,63,Black or African American,Male,Yes,11,H14,No_Label,1
P048,63,Black or African American,Male,Yes,12,H07,No_Label,0
P048,63,Black or African American,Male,Yes,13,H16,No_Label,0
P048,63,Black or African American,Male,Yes,14,H26,No_Label,0
P048,63,Black or African American,Male,Yes,15,H28,Fact_Check_Flag,0
P048,63,Black or African American,Male,Yes,16,H03,No_Label,0
P048,63,Black or African American,Male,Yes,17,H32,No_Label,1
P048,63,Black or African American,Male,Yes,18,H07,Fact_Check_Flag,0
P048,63,Black or African American,Male,Yes,19,H04,Fact_Check_Flag,0
P048,63,Black or African American,Male,Yes,20,H03,Established_Outlet,0
P048,63,Black or African American,Male,Yes,21,H25,No_Label,1
P048,63,Black or African American,Male,Yes,22,H23,Fact_Check_Flag,0
P048,63,Black or African American,Male,Yes,23,H03,Fact_Check_Flag,1
P048,63,Black or African American,Male,Yes,24,H18,Fact_Check_Flag,0
P048,63,Black or African American,Male,Yes,25,H20,No_Label,1
P048,63,Black or African American,Male,Yes,26,H32,Fact_Check_Flag,0
P048,63,Black or African American,Male,Yes,27,H22,Established_Outlet,1
P048,63,Black or African American,Male,Yes,28,H01,Established_Outlet,1
P048,63,Black or African American,Male,Yes,29,H13,Established_Outlet,1
P048,63,Black or African American,Male,Yes,30,H20,Established_Outlet,0
P048,63,Black or African American,Male,Yes,31,H06,No_Label,1
P048,63,Black or African American,Male,Yes,32,H17,Fact_Check_Flag,0
P048,63,Black or African American,Male,Yes,33,H27,Fact_Check_Flag,0
P048,63,Black or African American,Male,Yes,34,H08,Established_Outlet,1
P048,63,Black or African American,Male,Yes,35,H20,Fact_Check_Flag,0
P048,63,Black or African American,Male,Yes,36,H29,Established_Outlet,1
P048,63,Black or African American,Male,Yes,37,H25,Fact_Check_Flag,1
P048,63,Black or African American,Male,Yes,38,H01,No_Label,1
P048,63,Black or African American,Male,Yes,39,H06,Established_Outlet,1
P048,63,Black or African American,Male,Yes,40,H24,Established_Outlet,1
P048,63,Black or African American,Male,Yes,41,H21,No_Label,1
P048,63,Black or African American,Male,Yes,42,H06,Fact_Check_Flag,0
P048,63,Black or African American,Male,Yes,43,H10,Fact_Check_Flag,1
P048,63,Black or African American,Male,Yes,44,H15,No_Label,1
P048,63,Black or African American,Male,Yes,45,H13,Fact_Check_Flag,1
P048,63,Black or African American,Male,Yes,46,H18,No_Label,1
P048,63,Black or African American,Male,Yes,47,H11,Established_Outlet,0
P048,63,Black or African American,Male,Yes,48,H01,Fact_Check_Flag,0
P048,63,Black or African American,Male,Yes,49,H23,Established_Outlet,0
P048,63,Black or African American,Male,Yes,50,H15,Fact_Check_Flag,1
P048,63,Black or African American,Male,Yes,51,H11,Fact_Check_Flag,0
P048,63,Black or African American,Male,Yes,52,H05,No_Label,1
P048,63,Black or African American,Male,Yes,53,H31,Fact_Check_Flag,1
P048,63,Black or African American,Male,Yes,54,H14,Fact_Check_Flag,1
P048,63,Black or African American,Male,Yes,55,H05,Fact_Check_Flag,1
P048,63,Black or African American,Male,Yes,56,H24,No_Label,1
P048,63,Black or African American,Male,Yes,57,H29,Fact_Check_Flag,0
P048,63,Black or African American,Male,Yes,58,H24,Fact_Check_Flag,0
P048,63,Black or African American,Male,Yes,59,H26,Established_Outlet,1
P048,63,Black or African American,Male,Yes,60,H27,No_Label,1
P048,63,Black or African American,Male,Yes,61,H19,Fact_Check_Flag,0
P048,63,Black or African American,Male,Yes,62,H21,Fact_Check_Flag,1
P048,63,Black or African American,Male,Yes,63,H19,Established_Outlet,1
P048,63,Black or African American,Male,Yes,64,H27,Established_Outlet,1
P048,63,Black or African American,Male,Yes,65,H15,Established_Outlet,1
P048,63,Black or African American,Male,Yes,66,H32,Established_Outlet,0
P048,63,Black or African American,Male,Yes,67,H05,Established_Outlet,1
P048,63,Black or African American,Male,Yes,68,H23,No_Label,1
P048,63,Black or African American,Male,Yes,69,H17,Established_Outlet,1
P048,63,Black or African American,Male,Yes,70,H02,Established_Outlet,1
P048,63,Black or African American,Male,Yes,71,H30,Fact_Check_Flag,1
P048,63,Black or African American,Male,Yes,72,H12,Established_Outlet,0
P048,63,Black or African American,Male,Yes,73,H09,Established_Outlet,1
P048,63,Black or African American,Male,Yes,74,H18,Established_Outlet,1
P048,63,Black or African American,Male,Yes,75,H22,No_Label,1
P048,63,Black or African American,Male,Yes,76,H07,Established_Outlet,1
P048,63,Black or African American,Male,Yes,77,H11,No_Label,1
P048,63,Black or African American,Male,Yes,78,H10,Established_Outlet,0
P048,63,Black or African American,Male,Yes,79,H26,Fact_Check_Flag,0
P048,63,Black or African American,Male,Yes,80,H28,Established_Outlet,0
P048,63,Black or African American,Male,Yes,81,H30,Established_Outlet,1
P048,63,Black or African American,Male,Yes,82,H14,Established_Outlet,1
P048,63,Black or African American,Male,Yes,83,H08,Fact_Check_Flag,0
P048,63,Black or African American,Male,Yes,84,H29,No_Label,0
P048,63,Black or African American,Male,Yes,85,H02,Fact_Check_Flag,0
P048,63,Black or African American,Male,Yes,86,H02,No_Label,0
P048,63,Black or African American,Male,Yes,87,H17,No_Label,1
P048,63,Black or African American,Male,Yes,88,H13,No_Label,1
P048,63,Black or African American,Male,Yes,89,H16,Established_Outlet,0
P048,63,Black or African American,Male,Yes,90,H28,No_Label,0
P048,63,Black or African American,Male,Yes,91,H30,No_Label,1
P048,63,Black or African American,Male,Yes,92,H12,Fact_Check_Flag,1
P048,63,Black or African American,Male,Yes,93,H31,No_Label,0
P048,63,Black or African American,Male,Yes,94,H25,Established_Outlet,0
P048,63,Black or African American,Male,Yes,95,H09,No_Label,1
P048,63,Black or African American,Male,Yes,96,H21,Established_Outlet,1
P049,65,White,Male,Yes,1,H28,Established_Outlet,0
P049,65,White,Male,Yes,2,H12,Established_Outlet,1
P049,65,White,Male,Yes,3,H16,Established_Outlet,0
P049,65,White,Male,Yes,4,H14,No_Label,0
P049,65,White,Male,Yes,5,H19,Fact_Check_Flag,1
P049,65,White,Male,Yes,6,H23,Fact_Check_Flag,0
P049,65,White,Male,Yes,7,H21,Established_Outlet,1
P049,65,White,Male,Yes,8,H01,Fact_Check_Flag,1
P049,65,White,Male,Yes,9,H18,Fact_Check_Flag,0
P049,65,White,Male,Yes,10,H25,No_Label,0
P049,65,White,Male,Yes,11,H15,Fact_Check_Flag,1
P049,65,White,Male,Yes,12,H23,No_Label,1
P049,65,White,Male,Yes,13,H17,Fact_Check_Flag,0
P049,65,White,Male,Yes,14,H03,No_Label,1
P049,65,White,Male,Yes,15,H16,Fact_Check_Flag,0
P049,65,White,Male,Yes,16,H03,Established_Outlet,0
P049,65,White,Male,Yes,17,H23,Established_Outlet,1
P049,65,White,Male,Yes,18,H26,Established_Outlet,1
P049,65,White,Male,Yes,19,H32,No_Label,1
P049,65,White,Male,Yes,20,H08,Fact_Check_Flag,0
P049,65,White,Male,Yes,21,H13,No_Label,1
P049,65,White,Male,Yes,22,H22,Fact_Check_Flag,0
P049,65,White,Male,Yes,23,H19,No_Label,1
P049,65,White,Male,Yes,24,H31,Established_Outlet,0
P049,65,White,Male,Yes,25,H07,No_Label,1
P049,65,White,Male,Yes,26,H01,No_Label,0
P049,65,White,Male,Yes,27,H24,Established_Outlet,1
P049,65,White,Male,Yes,28,H31,Fact_Check_Flag,0
P049,65,White,Male,Yes,29,H30,Established_Outlet,1
P049,65,White,Male,Yes,30,H08,No_Label,0
P049,65,White,Male,Yes,31,H18,No_Label,0
P049,65,White,Male,Yes,32,H12,No_Label,0
P049,65,White,Male,Yes,33,H17,Established_Outlet,0
P049,65,White,Male,Yes,34,H02,Established_Outlet,1
P049,65,White,Male,Yes,35,H21,No_Label,1
P049,65,White,Male,Yes,36,H19,Established_Outlet,1
P049,65,White,Male,Yes,37,H29,Established_Outlet,0
P049,65,White,Male,Yes,38,H18,Established_Outlet,0
P049,65,White,Male,Yes,39,H15,No_Label,0
P049,65,White,Male,Yes,40,H11,No_Label,0
P049,65,White,Male,Yes,41,H01,Established_Outlet,0
P049,65,White,Male,Yes,42,H28,Fact_Check_Flag,0
P049,65,White,Male,Yes,43,H02,No_Label,0
P049,65,White,Male,Yes,44,H12,Fact_Check_Flag,0
P049,65,White,Male,Yes,45,H05,Fact_Check_Flag,1
P049,65,White,Male,Yes,46,H30,Fact_Check_Flag,0
P049,65,White,Male,Yes,47,H11,Fact_Check_Flag,0
P049,65,White,Male,Yes,48,H10,No_Label,1
P049,65,White,Male,Yes,49,H05,Established_Outlet,1
P049,65,White,Male,Yes,50,H14,Fact_Check_Flag,0
P049,65,White,Male,Yes,51,H20,Fact_Check_Flag,0
P049,65,White,Male,Yes,52,H14,Established_Outlet,1
P049,65,White,Male,Yes,53,H02,Fact_Check_Flag,0
P049,65,White,Male,Yes,54,H13,Fact_Check_Flag,0
P049,65,White,Male,Yes,55,H29,No_Label,0
P049,65,White,Male,Yes,56,H10,Established_Outlet,1
P049,65,White,Male,Yes,57,H09,Established_Outlet,1
P049,65,White,Male,Yes,58,H25,Fact_Check_Flag,1
P049,65,White,Male,Yes,59,H25,Established_Outlet,0
P049,65,White,Male,Yes,60,H26,No_Label,0
P049,65,White,Male,Yes,61,H08,Established_Outlet,1
P049,65,White,Male,Yes,62,H29,Fact_Check_Flag,0
P049,65,White,Male,Yes,63,H04,Fact_Check_Flag,0
P049,65,White,Male,Yes,64,H04,No_Label,1
P049,65,White,Male,Yes,65,H05,No_Label,1
P049,65,White,Male,Yes,66,H32,Fact_Check_Flag,0
P049,65,White,Male,Yes,67,H27,No_Label,1
P049,65,White,Male,Yes,68,H31,No_Label,0
P049,65,White,Male,Yes,69,H22,No_Label,1
P049,65,White,Male,Yes,70,H24,Fact_Check_Flag,0
P049,65,White,Male,Yes,71,H10,Fact_Check_Flag,0
P049,65,White,Male,Yes,72,H27,Established_Outlet,1
P049,65,White,Male,Yes,73,H06,Established_Outlet,0
P049,65,White,Male,Yes,74,H06,Fact_Check_Flag,0
P049,65,White,Male,Yes,75,H24,No_Label,0
P049,65,White,Male,Yes,76,H26,Fact_Check_Flag,0
P049,65,White,Male,Yes,77,H27,Fact_Check_Flag,1
P049,65,White,Male,Yes,78,H09,No_Label,1
P049,65,White,Male,Yes,79,H16,No_Label,0
P049,65,White,Male,Yes,80,H07,Fact_Check_Flag,0
P049,65,White,Male,Yes,81,H06,No_Label,1
P049,65,White,Male,Yes,82,H28,No_Label,0
P049,65,White,Male,Yes,83,H32,Established_Outlet,0
P049,65,White,Male,Yes,84,H11,Established_Outlet,0
P049,65,White,Male,Yes,85,H04,Established_Outlet,1
P049,65,White,Male,Yes,86,H20,No_Label,1
P049,65,White,Male,Yes,87,H13,Established_Outlet,0
P049,65,White,Male,Yes,88,H09,Fact_Check_Flag,0
P049,65,White,Male,Yes,89,H20,Established_Outlet,1
P049,65,White,Male,Yes,90,H15,Established_Outlet,0
P049,65,White,Male,Yes,91,H07,Established_Outlet,0
P049,65,White,Male,Yes,92,H22,Established_Outlet,1
P049,65,White,Male,Yes,93,H30,No_Label,0
P049,65,White,Male,Yes,94,H21,Fact_Check_Flag,1
P049,65,White,Male,Yes,95,H03,Fact_Check_Flag,0
P049,65,White,Male,Yes,96,H17,No_Label,0
P050,47,White,Male,Yes,1,H27,Fact_Check_Flag,1
P050,47,White,Male,Yes,2,H19,Established_Outlet,1
P050,47,White,Male,Yes,3,H30,Established_Outlet,1
P050,47,White,Male,Yes,4,H03,Fact_Check_Flag,0
P050,47,White,Male,Yes,5,H31,Established_Outlet,0
P050,47,White,Male,Yes,6,H26,No_Label,0
P050,47,White,Male,Yes,7,H01,Fact_Check_Flag,1
P050,47,White,Male,Yes,8,H27,No_Label,0
P050,47,White,Male,Yes,9,H23,Fact_Check_Flag,0
P050,47,White,Male,Yes,10,H05,Established_Outlet,1
P050,47,White,Male,Yes,11,H11,Established_Outlet,0
P050,47,White,Male,Yes,12,H01,Established_Outlet,1
P050,47,White,Male,Yes,13,H14,Established_Outlet,1
P050,47,White,Male,Yes,14,H20,No_Label,1
P050,47,White,Male,Yes,15,H13,Established_Outlet,1
P050,47,White,Male,Yes,16,H06,Established_Outlet,0
P050,47,White,Male,Yes,17,H07,Fact_Check_Flag,0
P050,47,White,Male,Yes,18,H18,Established_Outlet,0
P050,47,White,Male,Yes,19,H04,No_Label,0
P050,47,White,Male,Yes,20,H12,No_Label,1
P050,47,White,Male,Yes,21,H03,Established_Outlet,0
P050,47,White,Male,Yes,22,H30,Fact_Check_Flag,0
P050,47,White,Male,Yes,23,H02,Established_Outlet,1
P050,47,White,Male,Yes,24,H19,No_Label,1
P050,47,White,Male,Yes,25,H18,No_Label,0
P050,47,White,Male,Yes,26,H25,No_Label,0
P050,47,White,Male,Yes,27,H25,Fact_Check_Flag,0
P050,47,White,Male,Yes,28,H13,No_Label,0
P050,47,White,Male,Yes,29,H05,Fact_Check_Flag,0
P050,47,White,Male,Yes,30,H02,Fact_Check_Flag,1
P050,47,White,Male,Yes,31,H07,Established_Outlet,0
P050,47,White,Male,Yes,32,H01,No_Label,1
P050,47,White,Male,Yes,33,H20,Fact_Check_Flag,1
P050,47,White,Male,Yes,34,H08,Fact_Check_Flag,0
P050,47,White,Male,Yes,35,H22,No_Label,0
P050,47,White,Male,Yes,36,H14,Fact_Check_Flag,1
P050,47,White,Male,Yes,37,H10,No_Label,0
P050,47,White,Male,Yes,38,H31,Fact_Check_Flag,0
P050,47,White,Male,Yes,39,H26,Established_Outlet,0
P050,47,White,Male,Yes,40,H10,Established_Outlet,0
P050,47,White,Male,Yes,41,H15,Established_Outlet,1
P050,47,White,Male,Yes,42,H04,Fact_Check_Flag,0
P050,47,White,Male,Yes,43,H14,No_Label,0
P050,47,White,Male,Yes,44,H17,No_Label,1
P050,47,White,Male,Yes,45,H22,Fact_Check_Flag,1
P050,47,White,Male,Yes,46,H09,Fact_Check_Flag,1
P050,47,White,Male,Yes,47,H29,No_Label,0
P050,47,White,Male,Yes,48,H32,Established_Outlet,1
P050,47,White,Male,Yes,49,H11,No_Label,0
P050,47,White,Male,Yes,50,H28,No_Label,0
P050,47,White,Male,Yes,51,H22,Established_Outlet,1
P050,47,White,Male,Yes,52,H21,Fact_Check_Flag,1
P050,47,White,Male,Yes,53,H15,No_Label,1
P050,47,White,Male,Yes,54,H29,Established_Outlet,0
P050,47,White,Male,Yes,55,H28,Established_Outlet,0
P050,47,White,Male,Yes,56,H17,Fact_Check_Flag,0
P050,47,White,Male,Yes,57,H09,Established_Outlet,1
P050,47,White,Male,Yes,58,H12,Fact_Check_Flag,0
P050,47,White,Male,Yes,59,H11,Fact_Check_Flag,0
P050,47,White,Male,Yes,60,H21,No_Label,1
P050,47,White,Male,Yes,61,H03,No_Label,1
P050,47,White,Male,Yes,62,H32,No_Label,0
P050,47,White,Male,Yes,63,H16,Fact_Check_Flag,0
P050,47,White,Male,Yes,64,H27,Established_Outlet,0
P050,47,White,Male,Yes,65,H12,Established_Outlet,1
P050,47,White,Male,Yes,66,H30,No_Label,0
P050,47,White,Male,Yes,67,H08,Established_Outlet,0
P050,47,White,Male,Yes,68,H23,No_Label,1
P050,47,White,Male,Yes,69,H07,No_Label,0
P050,47,White,Male,Yes,70,H16,No_Label,1
P050,47,White,Male,Yes,71,H13,Fact_Check_Flag,1
P050,47,White,Male,Yes,72,H15,Fact_Check_Flag,0
P050,47,White,Male,Yes,73,H31,No_Label,0
P050,47,White,Male,Yes,74,H20,Established_Outlet,0
P050,47,White,Male,Yes,75,H09,No_Label,1
P050,47,White,Male,Yes,76,H24,No_Label,1
P050,47,White,Male,Yes,77,H32,Fact_Check_Flag,0
P050,47,White,Male,Yes,78,H19,Fact_Check_Flag,1
P050,47,White,Male,Yes,79,H26,Fact_Check_Flag,0
P050,47,White,Male,Yes,80,H21,Established_Outlet,1
P050,47,White,Male,Yes,81,H29,Fact_Check_Flag,0
P050,47,White,Male,Yes,82,H18,Fact_Check_Flag,0
P050,47,White,Male,Yes,83,H06,No_Label,0
P050,47,White,Male,Yes,84,H25,Established_Outlet,0
P050,47,White,Male,Yes,85,H24,Established_Outlet,0
P050,47,White,Male,Yes,86,H24,Fact_Check_Flag,1
P050,47,White,Male,Yes,87,H08,No_Label,0
P050,47,White,Male,Yes,88,H16,Established_Outlet,0
P050,47,White,Male,Yes,89,H05,No_Label,1
P050,47,White,Male,Yes,90,H17,Established_Outlet,0
P050,47,White,Male,Yes,91,H04,Established_Outlet,0
P050,47,White,Male,Yes,92,H10,Fact_Check_Flag,0
P050,47,White,Male,Yes,93,H28,Fact_Check_Flag,0
P050,47,White,Male,Yes,94,H06,Fact_Check_Flag,1
P050,47,White,Male,Yes,95,H02,No_Label,1
P050,47,White,Male,Yes,96,H23,Established_Outlet,0
P051,49,White,Female,Yes,1,H14,Established_Outlet,1
P051,49,White,Female,Yes,2,H17,No_Label,0
P051,49,White,Female,Yes,3,H15,Fact_Check_Flag,0
P051,49,White,Female,Yes,4,H06,Established_Outlet,1
P051,49,White,Female,Yes,5,H27,Fact_Check_Flag,0
P051,49,White,Female,Yes,6,H09,Fact_Check_Flag,0
P051,49,White,Female,Yes,7,H30,No_Label,0
P051,49,White,Female,Yes,8,H19,No_Label,1
P051,49,White,Female,Yes,9,H08,No_Label,0
P051,49,White,Female,Yes,10,H32,Fact_Check_Flag,0
P051,49,White,Female,Yes,11,H25,Fact_Check_Flag,0
P051,49,White,Female,Yes,12,H21,Established_Outlet,1
P051,49,White,Female,Yes,13,H30,Fact_Check_Flag,0
P051,49,White,Female,Yes,14,H17,Established_Outlet,0
P051,49,White,Female,Yes,15,H18,No_Label,0
P051,49,White,Female,Yes,16,H20,Fact_Check_Flag,0
P051,49,White,Female,Yes,17,H28,Established_Outlet,1
P051,49,White,Female,Yes,18,H06,Fact_Check_Flag,1
P051,49,White,Female,Yes,19,H10,Established_Outlet,1
P051,49,White,Female,Yes,20,H21,Fact_Check_Flag,0
P051,49,White,Female,Yes,21,H19,Fact_Check_Flag,0
P051,49,White,Female,Yes,22,H09,No_Label,1
P051,49,White,Female,Yes,23,H26,No_Label,0
P051,49,White,Female,Yes,24,H01,Established_Outlet,0
P051,49,White,Female,Yes,25,H23,No_Label,0
P051,49,White,Female,Yes,26,H21,No_Label,0
P051,49,White,Female,Yes,27,H32,Established_Outlet,0
P051,49,White,Female,Yes,28,H26,Established_Outlet,1
P051,49,White,Female,Yes,29,H31,Fact_Check_Flag,0
P051,49,White,Female,Yes,30,H09,Established_Outlet,1
P051,49,White,Female,Yes,31,H23,Established_Outlet,0
P051,49,White,Female,Yes,32,H11,No_Label,0
P051,49,White,Female,Yes,33,H01,No_Label,1
P051,49,White,Female,Yes,34,H31,No_Label,1
P051,49,White,Female,Yes,35,H13,Established_Outlet,1
P051,49,White,Female,Yes,36,H32,No_Label,0
P051,49,White,Female,Yes,37,H20,Established_Outlet,1
P051,49,White,Female,Yes,38,H15,No_Label,0
P051,49,White,Female,Yes,39,H07,Fact_Check_Flag,0
P051,49,White,Female,Yes,40,H20,No_Label,0
P051,49,White,Female,Yes,41,H24,Established_Outlet,0
P051,49,White,Female,Yes,42,H01,Fact_Check_Flag,0
P051,49,White,Female,Yes,43,H29,Fact_Check_Flag,0
P051,49,White,Female,Yes,44,H11,Fact_Check_Flag,0
P051,49,White,Female,Yes,45,H19,Established_Outlet,1
P051,49,White,Female,Yes,46,H03,No_Label,0
P051,49,White,Female,Yes,47,H05,No_Label,1
P051,49,White,Female,Yes,48,H27,No_Label,0
P051,49,White,Female,Yes,49,H25,Established_Outlet,0
P051,49,White,Female,Yes,50,H12,Fact_Check_Flag,0
P051,49,White,Female,Yes,51,H16,Established_Outlet,0
P051,49,White,Female,Yes,52,H12,No_Label,1
P051,49,White,Female,Yes,53,H04,No_Label,0
P051,49,White,Female,Yes,54,H24,Fact_Check_Flag,0
P051,49,White,Female,Yes,55,H07,Established_Outlet,1
P051,49,White,Female,Yes,56,H04,Established_Outlet,1
P051,49,White,Female,Yes,57,H23,Fact_Check_Flag,0
P051,49,White,Female,Yes,58,H13,Fact_Check_Flag,0
P051,49,White,Female,Yes,59,H29,No_Label,0
P051,49,White,Female,Yes,60,H05,Fact_Check_Flag,0
P051,49,White,Female,Yes,61,H25,No_Label,0
P051,49,White,Female,Yes,62,H28,No_Label,1
P051,49,White,Female,Yes,63,H10,No_Label,0
P051,49,White,Female,Yes,64,H04,Fact_Check_Flag,0
P051,49,White,Female,Yes,65,H22,No_Label,0
P051,49,White,Female,Yes,66,H18,Fact_Check_Flag,0
P051,49,White,Female,Yes,67,H12,Established_Outlet,1
P051,49,White,Female,Yes,68,H10,Fact_Check_Flag,0
P051,49,White,Female,Yes,69,H02,Fact_Check_Flag,0
P051,49,White,Female,Yes,70,H22,Established_Outlet,0
P051,49,White,Female,Yes,71,H07,No_Label,0
P051,49,White,Female,Yes,72,H17,Fact_Check_Flag,0
P051,49,White,Female,Yes,73,H11,Established_Outlet,0
P051,49,White,Female,Yes,74,H22,Fact_Check_Flag,0
P051,49,White,Female,Yes,75,H02,No_Label,0
P051,49,White,Female,Yes,76,H14,Fact_Check_Flag,0
P051,49,White,Female,Yes,77,H16,No_Label,0
P051,49,White,Female,Yes,78,H31,Established_Outlet,0
P051,49,White,Female,Yes,79,H18,Established_Outlet,0
P051,49,White,Female,Yes,80,H03,Fact_Check_Flag,0
P051,49,White,Female,Yes,81,H06,No_Label,1
P051,49,White,Female,Yes,82,H30,Established_Outlet,1
P051,49,White,Female,Yes,83,H13,No_Label,0
P051,49,White,Female,Yes,84,H26,Fact_Check_Flag,0
P051,49,White,Female,Yes,85,H28,Fact_Check_Flag,0
P051,49,White,Female,Yes,86,H14,No_Label,0
P051,49,White,Female,Yes,87,H29,Established_Outlet,0
P051,49,White,Female,Yes,88,H15,Established_Outlet,0
P051,49,White,Female,Yes,89,H24,No_Label,0
P051,49,White,Female,Yes,90,H16,Fact_Check_Flag,0
P051,49,White,Female,Yes,91,H27,Established_Outlet,0
P051,49,White,Female,Yes,92,H03,Established_Outlet,0
P051,49,White,Female,Yes,93,H08,Established_Outlet,0
P051,49,White,Female,Yes,94,H05,Established_Outlet,1
P051,49,White,Female,Yes,95,H02,Established_Outlet,0
P051,49,White,Female,Yes,96,H08,Fact_Check_Flag,0
P052,46,Hispanic or Latino,Female,Yes,1,H16,Established_Outlet,1
P052,46,Hispanic or Latino,Female,Yes,2,H09,Fact_Check_Flag,1
P052,46,Hispanic or Latino,Female,Yes,3,H10,Established_Outlet,1
P052,46,Hispanic or Latino,Female,Yes,4,H25,Fact_Check_Flag,0
P052,46,Hispanic or Latino,Female,Yes,5,H08,Fact_Check_Flag,0
P052,46,Hispanic or Latino,Female,Yes,6,H07,Established_Outlet,1
P052,46,Hispanic or Latino,Female,Yes,7,H14,Fact_Check_Flag,0
P052,46,Hispanic or Latino,Female,Yes,8,H20,No_Label,1
P052,46,Hispanic or Latino,Female,Yes,9,H12,Established_Outlet,1
P052,46,Hispanic or Latino,Female,Yes,10,H24,Fact_Check_Flag,0
P052,46,Hispanic or Latino,Female,Yes,11,H03,Established_Outlet,1
P052,46,Hispanic or Latino,Female,Yes,12,H15,Established_Outlet,1
P052,46,Hispanic or Latino,Female,Yes,13,H04,Established_Outlet,0
P052,46,Hispanic or Latino,Female,Yes,14,H11,No_Label,1
P052,46,Hispanic or Latino,Female,Yes,15,H20,Fact_Check_Flag,1
P052,46,Hispanic or Latino,Female,Yes,16,H23,Fact_Check_Flag,1
P052,46,Hispanic or Latino,Female,Yes,17,H17,Fact_Check_Flag,0
P052,46,Hispanic or Latino,Female,Yes,18,H24,No_Label,0
P052,46,Hispanic or Latino,Female,Yes,19,H31,Fact_Check_Flag,0
P052,46,Hispanic or Latino,Female,Yes,20,H10,Fact_Check_Flag,0
P052,46,Hispanic or Latino,Female,Yes,21,H21,Fact_Check_Flag,1
P052,46,Hispanic or Latino,Female,Yes,22,H02,Established_Outlet,1
P052,46,Hispanic or Latino,Female,Yes,23,H03,No_Label,1
P052,46,Hispanic or Latino,Female,Yes,24,H06,No_Label,1
P052,46,Hispanic or Latino,Female,Yes,25,H23,Established_Outlet,1
P052,46,Hispanic or Latino,Female,Yes,26,H05,Established_Outlet,1
P052,46,Hispanic or Latino,Female,Yes,27,H12,No_Label,0
P052,46,Hispanic or Latino,Female,Yes,28,H28,No_Label,0
P052,46,Hispanic or Latino,Female,Yes,29,H02,No_Label,1
P052,46,Hispanic or Latino,Female,Yes,30,H12,Fact_Check_Flag,1
P052,46,Hispanic or Latino,Female,Yes,31,H25,No_Label,0
P052,46,Hispanic or Latino,Female,Yes,32,H09,No_Label,1
P052,46,Hispanic or Latino,Female,Yes,33,H31,Established_Outlet,1
P052,46,Hispanic or Latino,Female,Yes,34,H17,Established_Outlet,1
P052,46,Hispanic or Latino,Female,Yes,35,H21,No_Label,1
P052,46,Hispanic or Latino,Female,Yes,36,H19,Established_Outlet,1
P052,46,Hispanic or Latino,Female,Yes,37,H27,No_Label,1
P052,46,Hispanic or Latino,Female,Yes,38,H13,Fact_Check_Flag,0
P052,46,Hispanic or Latino,Female,Yes,39,H28,Established_Outlet,1
P052,46,Hispanic or Latino,Female,Yes,40,H04,Fact_Check_Flag,0
P052,46,Hispanic or Latino,Female,Yes,41,H19,No_Label,1
P052,46,Hispanic or Latino,Female,Yes,42,H18,No_Label,1
P052,46,Hispanic or Latino,Female,Yes,43,H02,Fact_Check_Flag,0
P052,46,Hispanic or Latino,Female,Yes,44,H07,Fact_Check_Flag,0
P052,46,Hispanic or Latino,Female,Yes,45,H16,No_Label,1
P052,46,Hispanic or Latino,Female,Yes,46,H09,Established_Outlet,1
P052,46,Hispanic or Latino,Female,Yes,47,H22,Fact_Check_Flag,0
P052,46,Hispanic or Latino,Female,Yes,48,H27,Fact_Check_Flag,1
P052,46,Hispanic or Latino,Female,Yes,49,H01,No_Label,1
P052,46,Hispanic or Latino,Female,Yes,50,H32,Established_Outlet,0
P052,46,Hispanic or Latino,Female,Yes,51,H11,Fact_Check_Flag,0
P052,46,Hispanic or Latino,Female,Yes,52,H20,Established_Outlet,1
P052,46,Hispanic or Latino,Female,Yes,53,H16,Fact_Check_Flag,0
P052,46,Hispanic or Latino,Female,Yes,54,H08,Established_Outlet,1
P052,46,Hispanic or Latino,Female,Yes,55,H22,No_Label,1
P052,46,Hispanic or Latino,Female,Yes,56,H26,Fact_Check_Flag,1
P052,46,Hispanic or Latino,Female,Yes,57,H05,No_Label,1
P052,46,Hispanic or Latino,Female,Yes,58,H10,No_Label,0
P052,46,Hispanic or Latino,Female,Yes,59,H01,Established_Outlet,1
P052,46,Hispanic or Latino,Female,Yes,60,H07,No_Label,1
P052,46,Hispanic or Latino,Female,Yes,61,H23,No_Label,0
P052,46,Hispanic or Latino,Female,Yes,62,H01,Fact_Check_Flag,0
P052,46,Hispanic or Latino,Female,Yes,63,H13,No_Label,1
P052,46,Hispanic or Latino,Female,Yes,64,H19,Fact_Check_Flag,0
P052,46,Hispanic or Latino,Female,Yes,65,H05,Fact_Check_Flag,0
P052,46,Hispanic or Latino,Female,Yes,66,H27,Established_Outlet,1
P052,46,Hispanic or Latino,Female,Yes,67,H29,Established_Outlet,1
P052,46,Hispanic or Latino,Female,Yes,68,H32,No_Label,1
P052,46,Hispanic or Latino,Female,Yes,69,H15,Fact_Check_Flag,1
P052,46,Hispanic or Latino,Female,Yes,70,H18,Established_Outlet,1
P052,46,Hispanic or Latino,Female,Yes,71,H14,Established_Outlet,1
P052,46,Hispanic or Latino,Female,Yes,72,H30,Fact_Check_Flag,1
P052,46,Hispanic or Latino,Female,Yes,73,H18,Fact_Check_Flag,0
P052,46,Hispanic or Latino,Female,Yes,74,H28,Fact_Check_Flag,0
P052,46,Hispanic or Latino,Female,Yes,75,H22,Established_Outlet,1
P052,46,Hispanic or Latino,Female,Yes,76,H24,Established_Outlet,0
P052,46,Hispanic or Latino,Female,Yes,77,H13,Established_Outlet,1
P052,46,Hispanic or Latino,Female,Yes,78,H21,Established_Outlet,1
P052,46,Hispanic or Latino,Female,Yes,79,H03,Fact_Check_Flag,0
P052,46,Hispanic or Latino,Female,Yes,80,H06,Fact_Check_Flag,0
P052,46,Hispanic or Latino,Female,Yes,81,H31,No_Label,1
P052,46,Hispanic or Latino,Female,Yes,82,H11,Established_Outlet,0
P052,46,Hispanic or Latino,Female,Yes,83,H26,Established_Outlet,0
P052,46,Hispanic or Latino,Female,Yes,84,H06,Established_Outlet,1
P052,46,Hispanic or Latino,Female,Yes,85,H26,No_Label,0
P052,46,Hispanic or Latino,Female,Yes,86,H17,No_Label,0
P052,46,Hispanic or Latino,Female,Yes,87,H29,No_Label,0
P052,46,Hispanic or Latino,Female,Yes,88,H32,Fact_Check_Flag,0
P052,46,Hispanic or Latino,Female,Yes,89,H08,No_Label,1
P052,46,Hispanic or Latino,Female,Yes,90,H30,Established_Outlet,1
P052,46,Hispanic or Latino,Female,Yes,91,H29,Fact_Check_Flag,0
P052,46,Hispanic or Latino,Female,Yes,92,H15,No_Label,1
P052,46,Hispanic or Latino,Female,Yes,93,H30,No_Label,1
P052,46,Hispanic or Latino,Female,Yes,94,H25,Established_Outlet,0
P052,46,Hispanic or Latino,Female,Yes,95,H04,No_Label,0
P052,46,Hispanic or Latino,Female,Yes,96,H14,No_Label,0
P053,45,Hispanic or Latino,Female,No,1,H12,Fact_Check_Flag,0
P053,45,Hispanic or Latino,Female,No,2,H04,Established_Outlet,1
P053,45,Hispanic or Latino,Female,No,3,H22,Fact_Check_Flag,0
P053,45,Hispanic or Latino,Female,No,4,H05,Fact_Check_Flag,0
P053,45,Hispanic or Latino,Female,No,5,H31,Fact_Check_Flag,1
P053,45,Hispanic or Latino,Female,No,6,H10,No_Label,0
P053,45,Hispanic or Latino,Female,No,7,H06,Fact_Check_Flag,0
P053,45,Hispanic or Latino,Female,No,8,H15,No_Label,1
P053,45,Hispanic or Latino,Female,No,9,H17,Fact_Check_Flag,0
P053,45,Hispanic or Latino,Female,No,10,H16,Fact_Check_Flag,0
P053,45,Hispanic or Latino,Female,No,11,H04,Fact_Check_Flag,0
P053,45,Hispanic or Latino,Female,No,12,H11,Established_Outlet,0
P053,45,Hispanic or Latino,Female,No,13,H30,No_Label,0
P053,45,Hispanic or Latino,Female,No,14,H20,No_Label,0
P053,45,Hispanic or Latino,Female,No,15,H05,No_Label,0
P053,45,Hispanic or Latino,Female,No,16,H28,Established_Outlet,0
P053,45,Hispanic or Latino,Female,No,17,H24,Fact_Check_Flag,0
P053,45,Hispanic or Latino,Female,No,18,H27,Fact_Check_Flag,1
P053,45,Hispanic or Latino,Female,No,19,H03,Established_Outlet,1
P053,45,Hispanic or Latino,Female,No,20,H13,Fact_Check_Flag,0
P053,45,Hispanic or Latino,Female,No,21,H27,Established_Outlet,1
P053,45,Hispanic or Latino,Female,No,22,H19,Fact_Check_Flag,1
P053,45,Hispanic or Latino,Female,No,23,H09,Fact_Check_Flag,0
P053,45,Hispanic or Latino,Female,No,24,H14,Established_Outlet,1
P053,45,Hispanic or Latino,Female,No,25,H10,Fact_Check_Flag,0
P053,45,Hispanic or Latino,Female,No,26,H21,Fact_Check_Flag,1
P053,45,Hispanic or Latino,Female,No,27,H08,No_Label,0
P053,45,Hispanic or Latino,Female,No,28,H08,Established_Outlet,0
P053,45,Hispanic or Latino,Female,No,29,H26,Established_Outlet,1
P053,45,Hispanic or Latino,Female,No,30,H17,Established_Outlet,1
P053,45,Hispanic or Latino,Female,No,31,H04,No_Label,0
P053,45,Hispanic or Latino,Female,No,32,H20,Established_Outlet,0
P053,45,Hispanic or Latino,Female,No,33,H13,Established_Outlet,0
P053,45,Hispanic or Latino,Female,No,34,H28,No_Label,0
P053,45,Hispanic or Latino,Female,No,35,H22,No_Label,0
P053,45,Hispanic or Latino,Female,No,36,H23,Established_Outlet,0
P053,45,Hispanic or Latino,Female,No,37,H16,Established_Outlet,1
P053,45,Hispanic or Latino,Female,No,38,H06,No_Label,1
P053,45,Hispanic or Latino,Female,No,39,H25,Established_Outlet,0
P053,45,Hispanic or Latino,Female,No,40,H11,Fact_Check_Flag,0
P053,45,Hispanic or Latino,Female,No,41,H18,Fact_Check_Flag,0
P053,45,Hispanic or Latino,Female,No,42,H18,Established_Outlet,0
P053,45,Hispanic or Latino,Female,No,43,H19,Established_Outlet,1
P053,45,Hispanic or Latino,Female,No,44,H21,No_Label,1
P053,45,Hispanic or Latino,Female,No,45,H15,Fact_Check_Flag,0
P053,45,Hispanic or Latino,Female,No,46,H28,Fact_Check_Flag,0
P053,45,Hispanic or Latino,Female,No,47,H30,Established_Outlet,1
P053,45,Hispanic or Latino,Female,No,48,H17,No_Label,1
P053,45,Hispanic or Latino,Female,No,49,H26,Fact_Check_Flag,0
P053,45,Hispanic or Latino,Female,No,50,H05,Established_Outlet,0
P053,45,Hispanic or Latino,Female,No,51,H15,Established_Outlet,0
P053,45,Hispanic or Latino,Female,No,52,H12,Established_Outlet,1
P053,45,Hispanic or Latino,Female,No,53,H08,Fact_Check_Flag,0
P053,45,Hispanic or Latino,Female,No,54,H23,No_Label,0
P053,45,Hispanic or Latino,Female,No,55,H18,No_Label,0
P053,45,Hispanic or Latino,Female,No,56,H07,No_Label,0
P053,45,Hispanic or Latino,Female,No,57,H19,No_Label,1
P053,45,Hispanic or Latino,Female,No,58,H12,No_Label,1
P053,45,Hispanic or Latino,Female,No,59,H26,No_Label,1
P053,45,Hispanic or Latino,Female,No,60,H31,No_Label,0
P053,45,Hispanic or Latino,Female,No,61,H24,No_Label,0
P053,45,Hispanic or Latino,Female,No,62,H03,No_Label,1
P053,45,Hispanic or Latino,Female,No,63,H13,No_Label,1
P053,45,Hispanic or Latino,Female,No,64,H22,Established_Outlet,0
P053,45,Hispanic or Latino,Female,No,65,H29,Established_Outlet,0
P053,45,Hispanic or Latino,Female,No,66,H29,No_Label,0
P053,45,Hispanic or Latino,Female,No,67,H01,Established_Outlet,1
P053,45,Hispanic or Latino,Female,No,68,H06,Established_Outlet,1
P053,45,Hispanic or Latino,Female,No,69,H07,Established_Outlet,0
P053,45,Hispanic or Latino,Female,No,70,H14,No_Label,0
P053,45,Hispanic or Latino,Female,No,71,H11,No_Label,1
P053,45,Hispanic or Latino,Female,No,72,H32,Established_Outlet,0
P053,45,Hispanic or Latino,Female,No,73,H32,No_Label,0
P053,45,Hispanic or Latino,Female,No,74,H02,Established_Outlet,0
P053,45,Hispanic or Latino,Female,No,75,H20,Fact_Check_Flag,0
P053,45,Hispanic or Latino,Female,No,76,H14,Fact_Check_Flag,0
P053,45,Hispanic or Latino,Female,No,77,H25,No_Label,1
P053,45,Hispanic or Latino,Female,No,78,H30,Fact_Check_Flag,0
P053,45,Hispanic or Latino,Female,No,79,H10,Established_Outlet,1
P053,45,Hispanic or Latino,Female,No,80,H09,No_Label,1
P053,45,Hispanic or Latino,Female,No,81,H21,Established_Outlet,1
P053,45,Hispanic or Latino,Female,No,82,H01,No_Label,1
P053,45,Hispanic or Latino,Female,No,83,H32,Fact_Check_Flag,0
P053,45,Hispanic or Latino,Female,No,84,H29,Fact_Check_Flag,0
P053,45,Hispanic or Latino,Female,No,85,H03,Fact_Check_Flag,0
P053,45,Hispanic or Latino,Female,No,86,H27,No_Label,1
P053,45,Hispanic or Latino,Female,No,87,H01,Fact_Check_Flag,0
P053,45,Hispanic or Latino,Female,No,88,H23,Fact_Check_Flag,0
P053,45,Hispanic or Latino,Female,No,89,H24,Established_Outlet,1
P053,45,Hispanic or Latino,Female,No,90,H02,No_Label,0
P053,45,Hispanic or Latino,Female,No,91,H31,Established_Outlet,0
P053,45,Hispanic or Latino,Female,No,92,H16,No_Label,0
P053,45,Hispanic or Latino,Female,No,93,H07,Fact_Check_Flag,0
P053,45,Hispanic or Latino,Female,No,94,H02,Fact_Check_Flag,0
P053,45,Hispanic or Latino,Female,No,95,H25,Fact_Check_Flag,0
P053,45,Hispanic or Latino,Female,No,96,H09,Established_Outlet,1
P054,49,Multiracial or Other,Male,Yes,1,H18,No_Label,0
P054,49,Multiracial or Other,Male,Yes,2,H20,Established_Outlet,1
P054,49,Multiracial or Other,Male,Yes,3,H15,Fact_Check_Flag,0
P054,49,Multiracial or Other,Male,Yes,4,H29,No_Label,0
P054,49,Multiracial or Other,Male,Yes,5,H17,Fact_Check_Flag,0
P054,49,Multiracial or Other,Male,Yes,6,H29,Established_Outlet,1
P054,49,Multiracial or Other,Male,Yes,7,H25,Fact_Check_Flag,0
P054,49,Multiracial or Other,Male,Yes,8,H22,No_Label,1
P054,49,Multiracial or Other,Male,Yes,9,H08,No_Label,0
P054,49,Multiracial or Other,Male,Yes,10,H02,No_Label,1
P054,49,Multiracial or Other,Male,Yes,11,H09,No_Label,1
P054,49,Multiracial or Other,Male,Yes,12,H01,Established_Outlet,0
P054,49,Multiracial or Other,Male,Yes,13,H27,No_Label,1
P054,49,Multiracial or Other,Male,Yes,14,H28,No_Label,0
P054,49,Multiracial or Other,Male,Yes,15,H26,Fact_Check_Flag,0
P054,49,Multiracial or Other,Male,Yes,16,H18,Fact_Check_Flag,0
P054,49,Multiracial or Other,Male,Yes,17,H10,Fact_Check_Flag,0
P054,49,Multiracial or Other,Male,Yes,18,H07,No_Label,1
P054,49,Multiracial or Other,Male,Yes,19,H21,No_Label,1
P054,49,Multiracial or Other,Male,Yes,20,H13,Fact_Check_Flag,0
P054,49,Multiracial or Other,Male,Yes,21,H09,Established_Outlet,1
P054,49,Multiracial or Other,Male,Yes,22,H28,Established_Outlet,0
P054,49,Multiracial or Other,Male,Yes,23,H14,No_Label,0
P054,49,Multiracial or Other,Male,Yes,24,H08,Established_Outlet,0
P054,49,Multiracial or Other,Male,Yes,25,H11,No_Label,0
P054,49,Multiracial or Other,Male,Yes,26,H12,No_Label,1
P054,49,Multiracial or Other,Male,Yes,27,H04,Fact_Check_Flag,0
P054,49,Multiracial or Other,Male,Yes,28,H02,Established_Outlet,1
P054,49,Multiracial or Other,Male,Yes,29,H02,Fact_Check_Flag,1
P054,49,Multiracial or Other,Male,Yes,30,H32,Fact_Check_Flag,1
P054,49,Multiracial or Other,Male,Yes,31,H18,Established_Outlet,1
P054,49,Multiracial or Other,Male,Yes,32,H07,Established_Outlet,1
P054,49,Multiracial or Other,Male,Yes,33,H06,Fact_Check_Flag,0
P054,49,Multiracial or Other,Male,Yes,34,H14,Established_Outlet,1
P054,49,Multiracial or Other,Male,Yes,35,H12,Fact_Check_Flag,1
P054,49,Multiracial or Other,Male,Yes,36,H15,Established_Outlet,1
P054,49,Multiracial or Other,Male,Yes,37,H09,Fact_Check_Flag,1
P054,49,Multiracial or Other,Male,Yes,38,H01,No_Label,1
P054,49,Multiracial or Other,Male,Yes,39,H19,No_Label,1
P054,49,Multiracial or Other,Male,Yes,40,H26,No_Label,0
P054,49,Multiracial or Other,Male,Yes,41,H13,Established_Outlet,0
P054,49,Multiracial or Other,Male,Yes,42,H01,Fact_Check_Flag,0
P054,49,Multiracial or Other,Male,Yes,43,H21,Fact_Check_Flag,1
P054,49,Multiracial or Other,Male,Yes,44,H23,Established_Outlet,1
P054,49,Multiracial or Other,Male,Yes,45,H15,No_Label,1
P054,49,Multiracial or Other,Male,Yes,46,H05,Fact_Check_Flag,0
P054,49,Multiracial or Other,Male,Yes,47,H16,No_Label,0
P054,49,Multiracial or Other,Male,Yes,48,H22,Established_Outlet,0
P054,49,Multiracial or Other,Male,Yes,49,H05,No_Label,1
P054,49,Multiracial or Other,Male,Yes,50,H13,No_Label,0
P054,49,Multiracial or Other,Male,Yes,51,H25,Established_Outlet,1
P054,49,Multiracial or Other,Male,Yes,52,H10,No_Label,0
P054,49,Multiracial or Other,Male,Yes,53,H31,Fact_Check_Flag,1
P054,49,Multiracial or Other,Male,Yes,54,H06,No_Label,0
P054,49,Multiracial or Other,Male,Yes,55,H27,Fact_Check_Flag,1
P054,49,Multiracial or Other,Male,Yes,56,H11,Fact_Check_Flag,0
P054,49,Multiracial or Other,Male,Yes,57,H20,Fact_Check_Flag,0
P054,49,Multiracial or Other,Male,Yes,58,H20,No_Label,1
P054,49,Multiracial or Other,Male,Yes,59,H21,Established_Outlet,1
P054,49,Multiracial or Other,Male,Yes,60,H30,Established_Outlet,1
P054,49,Multiracial or Other,Male,Yes,61,H26,Established_Outlet,0
P054,49,Multiracial or Other,Male,Yes,62,H16,Fact_Check_Flag,0
P054,49,Multiracial or Other,Male,Yes,63,H19,Fact_Check_Flag,0
P054,49,Multiracial or Other,Male,Yes,64,H03,No_Label,1
P054,49,Multiracial or Other,Male,Yes,65,H04,Established_Outlet,0
P054,49,Multiracial or Other,Male,Yes,66,H30,Fact_Check_Flag,1
P054,49,Multiracial or Other,Male,Yes,67,H06,Established_Outlet,1
P054,49,Multiracial or Other,Male,Yes,68,H24,Fact_Check_Flag,0
P054,49,Multiracial or Other,Male,Yes,69,H23,Fact_Check_Flag,0
P054,49,Multiracial or Other,Male,Yes,70,H22,Fact_Check_Flag,0
P054,49,Multiracial or Other,Male,Yes,71,H14,Fact_Check_Flag,0
P054,49,Multiracial or Other,Male,Yes,72,H16,Established_Outlet,0
P054,49,Multiracial or Other,Male,Yes,73,H23,No_Label,0
P054,49,Multiracial or Other,Male,Yes,74,H11,Established_Outlet,0
P054,49,Multiracial or Other,Male,Yes,75,H03,Established_Outlet,1
P054,49,Multiracial or Other,Male,Yes,76,H08,Fact_Check_Flag,0
P054,49,Multiracial or Other,Male,Yes,77,H24,Established_Outlet,0
P054,49,Multiracial or Other,Male,Yes,78,H17,Established_Outlet,1
P054,49,Multiracial or Other,Male,Yes,79,H24,No_Label,1
P054,49,Multiracial or Other,Male,Yes,80,H25,No_Label,0
P054,49,Multiracial or Other,Male,Yes,81,H17,No_Label,0
P054,49,Multiracial or Other,Male,Yes,82,H19,Established_Outlet,1
P054,49,Multiracial or Other,Male,Yes,83,H03,Fact_Check_Flag,0
P054,49,Multiracial or Other,Male,Yes,84,H27,Established_Outlet,1
P054,49,Multiracial or Other,Male,Yes,85,H12,Established_Outlet,0
P054,49,Multiracial or Other,Male,Yes,86,H28,Fact_Check_Flag,0
P054,49,Multiracial or Other,Male,Yes,87,H10,Established_Outlet,0
P054,49,Multiracial or Other,Male,Yes,88,H05,Established_Outlet,0
P054,49,Multiracial or Other,Male,Yes,89,H29,Fact_Check_Flag,1
P054,49,Multiracial or Other,Male,Yes,90,H32,No_Label,1
P054,49,Multiracial or Other,Male,Yes,91,H04,No_Label,0
P054,49,Multiracial or Other,Male,Yes,92,H07,Fact_Check_Flag,0
P054,49,Multiracial or Other,Male,Yes,93,H32,Established_Outlet,1
P054,49,Multiracial or Other,Male,Yes,94,H31,No_Label,0
P054,49,Multiracial or Other,Male,Yes,95,H30,No_Label,1
P054,49,Multiracial or Other,Male,Yes,96,H31,Established_Outlet,1
P055,18,White,Female,Yes,1,H32,Established_Outlet,0
P055,18,White,Female,Yes,2,H07,No_Label,1
P055,18,White,Female,Yes,3,H12,Established_Outlet,1
P055,18,White,Female,Yes,4,H29,Fact_Check_Flag,0
P055,18,White,Female,Yes,5,H11,Established_Outlet,1
P055,18,White,Female,Yes,6,H11,Fact_Check_Flag,0
P055,18,White,Female,Yes,7,H20,Fact_Check_Flag,1
P055,18,White,Female,Yes,8,H22,Fact_Check_Flag,0
P055,18,White,Female,Yes,9,H21,Established_Outlet,1
P055,18,White,Female,Yes,10,H01,Fact_Check_Flag,0
P055,18,White,Female,Yes,11,H06,No_Label,0
P055,18,White,Female,Yes,12,H24,Established_Outlet,0
P055,18,White,Female,Yes,13,H02,Established_Outlet,1
P055,18,White,Female,Yes,14,H20,No_Label,1
P055,18,White,Female,Yes,15,H25,Fact_Check_Flag,0
P055,18,White,Female,Yes,16,H30,Fact_Check_Flag,0
P055,18,White,Female,Yes,17,H15,Established_Outlet,1
P055,18,White,Female,Yes,18,H03,Established_Outlet,1
P055,18,White,Female,Yes,19,H06,Fact_Check_Flag,0
P055,18,White,Female,Yes,20,H29,Established_Outlet,0
P055,18,White,Female,Yes,21,H29,No_Label,0
P055,18,White,Female,Yes,22,H14,Fact_Check_Flag,1
P055,18,White,Female,Yes,23,H27,Fact_Check_Flag,0
P055,18,White,Female,Yes,24,H05,Established_Outlet,0
P055,18,White,Female,Yes,25,H15,Fact_Check_Flag,1
P055,18,White,Female,Yes,26,H08,Fact_Check_Flag,0
P055,18,White,Female,Yes,27,H27,No_Label,1
P055,18,White,Female,Yes,28,H19,Established_Outlet,1
P055,18,White,Female,Yes,29,H31,Established_Outlet,1
P055,18,White,Female,Yes,30,H15,No_Label,1
P055,18,White,Female,Yes,31,H09,Fact_Check_Flag,0
P055,18,White,Female,Yes,32,H28,Fact_Check_Flag,0
P055,18,White,Female,Yes,33,H10,No_Label,0
P055,18,White,Female,Yes,34,H21,No_Label,1
P055,18,White,Female,Yes,35,H21,Fact_Check_Flag,1
P055,18,White,Female,Yes,36,H13,Established_Outlet,0
P055,18,White,Female,Yes,37,H30,No_Label,0
P055,18,White,Female,Yes,38,H27,Established_Outlet,1
P055,18,White,Female,Yes,39,H02,No_Label,1
P055,18,White,Female,Yes,40,H32,No_Label,0
P055,18,White,Female,Yes,41,H28,Established_Outlet,1
P055,18,White,Female,Yes,42,H05,Fact_Check_Flag,0
P055,18,White,Female,Yes,43,H14,Established_Outlet,1
P055,18,White,Female,Yes,44,H26,Established_Outlet,1
P055,18,White,Female,Yes,45,H18,Established_Outlet,0
P055,18,White,Female,Yes,46,H31,Fact_Check_Flag,0
P055,18,White,Female,Yes,47,H03,Fact_Check_Flag,0
P055,18,White,Female,Yes,48,H30,Established_Outlet,1
P055,18,White,Female,Yes,49,H09,Established_Outlet,1
P055,18,White,Female,Yes,50,H09,No_Label,1
P055,18,White,Female,Yes,51,H25,Established_Outlet,0
P055,18,White,Female,Yes,52,H16,No_Label,1
P055,18,White,Female,Yes,53,H17,No_Label,1
P055,18,White,Female,Yes,54,H32,Fact_Check_Flag,0
P055,18,White,Female,Yes,55,H13,No_Label,0
P055,18,White,Female,Yes,56,H10,Established_Outlet,0
P055,18,White,Female,Yes,57,H18,No_Label,0
P055,18,White,Female,Yes,58,H10,Fact_Check_Flag,0
P055,18,White,Female,Yes,59,H06,Established_Outlet,0
P055,18,White,Female,Yes,60,H26,Fact_Check_Flag,0
P055,18,White,Female,Yes,61,H12,Fact_Check_Flag,1
P055,18,White,Female,Yes,62,H16,Established_Outlet,1
P055,18,White,Female,Yes,63,H18,Fact_Check_Flag,0
P055,18,White,Female,Yes,64,H07,Established_Outlet,1
P055,18,White,Female,Yes,65,H01,No_Label,1
P055,18,White,Female,Yes,66,H08,Established_Outlet,0
P055,18,White,Female,Yes,67,H26,No_Label,1
P055,18,White,Female,Yes,68,H11,No_Label,0
P055,18,White,Female,Yes,69,H17,Established_Outlet,1
P055,18,White,Female,Yes,70,H19,No_Label,1
P055,18,White,Female,Yes,71,H02,Fact_Check_Flag,0
P055,18,White,Female,Yes,72,H04,Fact_Check_Flag,0
P055,18,White,Female,Yes,73,H04,No_Label,0
P055,18,White,Female,Yes,74,H20,Established_Outlet,1
P055,18,White,Female,Yes,75,H13,Fact_Check_Flag,0
P055,18,White,Female,Yes,76,H07,Fact_Check_Flag,0
P055,18,White,Female,Yes,77,H25,No_Label,0
P055,18,White,Female,Yes,78,H04,Established_Outlet,1
P055,18,White,Female,Yes,79,H05,No_Label,0
P055,18,White,Female,Yes,80,H14,No_Label,0
P055,18,White,Female,Yes,81,H08,No_Label,1
P055,18,White,Female,Yes,82,H28,No_Label,0
P055,18,White,Female,Yes,83,H01,Established_Outlet,0
P055,18,White,Female,Yes,84,H31,No_Label,1
P055,18,White,Female,Yes,85,H12,No_Label,1
P055,18,White,Female,Yes,86,H19,Fact_Check_Flag,0
P055,18,White,Female,Yes,87,H22,Established_Outlet,1
P055,18,White,Female,Yes,88,H23,Established_Outlet,1
P055,18,White,Female,Yes,89,H03,No_Label,0
P055,18,White,Female,Yes,90,H23,Fact_Check_Flag,0
P055,18,White,Female,Yes,91,H22,No_Label,1
P055,18,White,Female,Yes,92,H24,Fact_Check_Flag,0
P055,18,White,Female,Yes,93,H23,No_Label,0
P055,18,White,Female,Yes,94,H17,Fact_Check_Flag,0
P055,18,White,Female,Yes,95,H16,Fact_Check_Flag,0
P055,18,White,Female,Yes,96,H24,No_Label,0
P056,34,White,Female,Yes,1,H16,Established_Outlet,0
P056,34,White,Female,Yes,2,H18,Established_Outlet,1
P056,34,White,Female,Yes,3,H19,Established_Outlet,1
P056,34,White,Female,Yes,4,H09,No_Label,1
P056,34,White,Female,Yes,5,H11,Established_Outlet,0
P056,34,White,Female,Yes,6,H13,No_Label,0
P056,34,White,Female,Yes,7,H13,Established_Outlet,0
P056,34,White,Female,Yes,8,H01,No_Label,0
P056,34,White,Female,Yes,9,H32,No_Label,0
P056,34,White,Female,Yes,10,H04,No_Label,0
P056,34,White,Female,Yes,11,H21,Established_Outlet,1
P056,34,White,Female,Yes,12,H23,No_Label,1
P056,34,White,Female,Yes,13,H12,No_Label,0
P056,34,White,Female,Yes,14,H30,Established_Outlet,0
P056,34,White,Female,Yes,15,H12,Fact_Check_Flag,0
P056,34,White,Female,Yes,16,H28,Established_Outlet,0
P056,34,White,Female,Yes,17,H26,Established_Outlet,1
P056,34,White,Female,Yes,18,H27,Fact_Check_Flag,0
P056,34,White,Female,Yes,19,H05,Established_Outlet,0
P056,34,White,Female,Yes,20,H13,Fact_Check_Flag,0
P056,34,White,Female,Yes,21,H18,No_Label,0
P056,34,White,Female,Yes,22,H02,No_Label,0
P056,34,White,Female,Yes,23,H07,Fact_Check_Flag,0
P056,34,White,Female,Yes,24,H02,Fact_Check_Flag,0
P056,34,White,Female,Yes,25,H02,Established_Outlet,0
P056,34,White,Female,Yes,26,H09,Fact_Check_Flag,1
P056,34,White,Female,Yes,27,H23,Established_Outlet,0
P056,34,White,Female,Yes,28,H10,Established_Outlet,0
P056,34,White,Female,Yes,29,H06,Established_Outlet,1
P056,34,White,Female,Yes,30,H24,Established_Outlet,0
P056,34,White,Female,Yes,31,H30,Fact_Check_Flag,0
P056,34,White,Female,Yes,32,H16,No_Label,0
P056,34,White,Female,Yes,33,H29,Fact_Check_Flag,0
P056,34,White,Female,Yes,34,H20,Established_Outlet,0
P056,34,White,Female,Yes,35,H17,No_Label,0
P056,34,White,Female,Yes,36,H15,Established_Outlet,1
P056,34,White,Female,Yes,37,H14,Established_Outlet,1
P056,34,White,Female,Yes,38,H31,Established_Outlet,0
P056,34,White,Female,Yes,39,H25,Established_Outlet,1
P056,34,White,Female,Yes,40,H20,Fact_Check_Flag,0
P056,34,White,Female,Yes,41,H28,No_Label,0
P056,34,White,Female,Yes,42,H03,No_Label,0
P056,34,White,Female,Yes,43,H21,No_Label,1
P056,34,White,Female,Yes,44,H22,Fact_Check_Flag,0
P056,34,White,Female,Yes,45,H29,No_Label,0
P056,34,White,Female,Yes,46,H01,Fact_Check_Flag,0
P056,34,White,Female,Yes,47,H06,No_Label,0
P056,34,White,Female,Yes,48,H04,Fact_Check_Flag,0
P056,34,White,Female,Yes,49,H32,Established_Outlet,1
P056,34,White,Female,Yes,50,H17,Fact_Check_Flag,0
P056,34,White,Female,Yes,51,H04,Established_Outlet,0
P056,34,White,Female,Yes,52,H30,No_Label,0
P056,34,White,Female,Yes,53,H01,Established_Outlet,1
P056,34,White,Female,Yes,54,H27,No_Label,1
P056,34,White,Female,Yes,55,H12,Established_Outlet,1
P056,34,White,Female,Yes,56,H11,No_Label,0
P056,34,White,Female,Yes,57,H32,Fact_Check_Flag,0
P056,34,White,Female,Yes,58,H27,Established_Outlet,1
P056,34,White,Female,Yes,59,H26,No_Label,1
P056,34,White,Female,Yes,60,H18,Fact_Check_Flag,0
P056,34,White,Female,Yes,61,H28,Fact_Check_Flag,0
P056,34,White,Female,Yes,62,H08,Fact_Check_Flag,0
P056,34,White,Female,Yes,63,H23,Fact_Check_Flag,0
P056,34,White,Female,Yes,64,H22,No_Label,0
P056,34,White,Female,Yes,65,H16,Fact_Check_Flag,0
P056,34,White,Female,Yes,66,H03,Fact_Check_Flag,1
P056,34,White,Female,Yes,67,H05,No_Label,1
P056,34,White,Female,Yes,68,H25,Fact_Check_Flag,0
P056,34,White,Female,Yes,69,H06,Fact_Check_Flag,0
P056,34,White,Female,Yes,70,H08,Established_Outlet,1
P056,34,White,Female,Yes,71,H24,Fact_Check_Flag,0
P056,34,White,Female,Yes,72,H15,Fact_Check_Flag,1
P056,34,White,Female,Yes,73,H11,Fact_Check_Flag,0
P056,34,White,Female,Yes,74,H22,Established_Outlet,1
P056,34,White,Female,Yes,75,H14,Fact_Check_Flag,1
P056,34,White,Female,Yes,76,H09,Established_Outlet,1
P056,34,White,Female,Yes,77,H17,Established_Outlet,0
P056,34,White,Female,Yes,78,H19,No_Label,1
P056,34,White,Female,Yes,79,H29,Established_Outlet,1
P056,34,White,Female,Yes,80,H31,No_Label,0
P056,34,White,Female,Yes,81,H08,No_Label,0
P056,34,White,Female,Yes,82,H07,Established_Outlet,0
P056,34,White,Female,Yes,83,H10,No_Label,0
P056,34,White,Female,Yes,84,H07,No_Label,0
P056,34,White,Female,Yes,85,H21,Fact_Check_Flag,0
P056,34,White,Female,Yes,86,H14,No_Label,1
P056,34,White,Female,Yes,87,H10,Fact_Check_Flag,0
P056,34,White,Female,Yes,88,H15,No_Label,0
P056,34,White,Female,Yes,89,H31,Fact_Check_Flag,0
P056,34,White,Female,Yes,90,H20,No_Label,1
P056,34,White,Female,Yes,91,H25,No_Label,0
P056,34,White,Female,Yes,92,H19,Fact_Check_Flag,0
P056,34,White,Female,Yes,93,H05,Fact_Check_Flag,1
P056,34,White,Female,Yes,94,H26,Fact_Check_Flag,0
P056,34,White,Female,Yes,95,H03,Established_Outlet,1
P056,34,White,Female,Yes,96,H24,No_Label,0
P057,44,White,Male,Yes,1,H28,No_Label,0
P057,44,White,Male,Yes,2,H29,Established_Outlet,0
P057,44,White,Male,Yes,3,H05,Established_Outlet,0
P057,44,White,Male,Yes,4,H01,Fact_Check_Flag,0
P057,44,White,Male,Yes,5,H24,No_Label,0
P057,44,White,Male,Yes,6,H12,Fact_Check_Flag,0
P057,44,White,Male,Yes,7,H28,Fact_Check_Flag,0
P057,44,White,Male,Yes,8,H17,No_Label,0
P057,44,White,Male,Yes,9,H19,Established_Outlet,1
P057,44,White,Male,Yes,10,H13,Established_Outlet,1
P057,44,White,Male,Yes,11,H26,Fact_Check_Flag,0
P057,44,White,Male,Yes,12,H07,Established_Outlet,0
P057,44,White,Male,Yes,13,H06,Fact_Check_Flag,0
P057,44,White,Male,Yes,14,H10,Established_Outlet,0
P057,44,White,Male,Yes,15,H21,Fact_Check_Flag,0
P057,44,White,Male,Yes,16,H22,No_Label,1
P057,44,White,Male,Yes,17,H03,Fact_Check_Flag,1
P057,44,White,Male,Yes,18,H21,Established_Outlet,1
P057,44,White,Male,Yes,19,H02,Established_Outlet,0
P057,44,White,Male,Yes,20,H14,Established_Outlet,0
P057,44,White,Male,Yes,21,H10,Fact_Check_Flag,0
P057,44,White,Male,Yes,22,H11,Fact_Check_Flag,0
P057,44,White,Male,Yes,23,H06,No_Label,1
P057,44,White,Male,Yes,24,H17,Fact_Check_Flag,0
P057,44,White,Male,Yes,25,H13,No_Label,0
P057,44,White,Male,Yes,26,H32,Established_Outlet,0
P057,44,White,Male,Yes,27,H11,No_Label,0
P057,44,White,Male,Yes,28,H02,No_Label,0
P057,44,White,Male,Yes,29,H07,Fact_Check_Flag,0
P057,44,White,Male,Yes,30,H20,Fact_Check_Flag,0
P057,44,White,Male,Yes,31,H04,Fact_Check_Flag,0
P057,44,White,Male,Yes,32,H08,Established_Outlet,0
P057,44,White,Male,Yes,33,H14,No_Label,0
P057,44,White,Male,Yes,34,H27,Established_Outlet,1
P057,44,White,Male,Yes,35,H18,Established_Outlet,0
P057,44,White,Male,Yes,36,H16,No_Label,0
P057,44,White,Male,Yes,37,H32,No_Label,0
P057,44,White,Male,Yes,38,H23,Established_Outlet,0
P057,44,White,Male,Yes,39,H12,No_Label,1
P057,44,White,Male,Yes,40,H31,No_Label,1
P057,44,White,Male,Yes,41,H22,Fact_Check_Flag,0
P057,44,White,Male,Yes,42,H30,No_Label,1
P057,44,White,Male,Yes,43,H01,No_Label,0
P057,44,White,Male,Yes,44,H08,No_Label,0
P057,44,White,Male,Yes,45,H12,Established_Outlet,1
P057,44,White,Male,Yes,46,H09,No_Label,0
P057,44,White,Male,Yes,47,H24,Established_Outlet,0
P057,44,White,Male,Yes,48,H29,No_Label,0
P057,44,White,Male,Yes,49,H09,Established_Outlet,1
P057,44,White,Male,Yes,50,H31,Fact_Check_Flag,1
P057,44,White,Male,Yes,51,H19,No_Label,1
P057,44,White,Male,Yes,52,H10,No_Label,0
P057,44,White,Male,Yes,53,H16,Established_Outlet,0
P057,44,White,Male,Yes,54,H26,Established_Outlet,0
P057,44,White,Male,Yes,55,H29,Fact_Check_Flag,0
P057,44,White,Male,Yes,56,H03,Established_Outlet,1
P057,44,White,Male,Yes,57,H14,Fact_Check_Flag,0
P057,44,White,Male,Yes,58,H20,Established_Outlet,1
P057,44,White,Male,Yes,59,H05,No_Label,0
P057,44,White,Male,Yes,60,H25,Fact_Check_Flag,0
P057,44,White,Male,Yes,61,H25,No_Label,0
P057,44,White,Male,Yes,62,H27,Fact_Check_Flag,0
P057,44,White,Male,Yes,63,H18,No_Label,0
P057,44,White,Male,Yes,64,H18,Fact_Check_Flag,0
P057,44,White,Male,Yes,65,H15,Established_Outlet,1
P057,44,White,Male,Yes,66,H24,Fact_Check_Flag,0
P057,44,White,Male,Yes,67,H01,Established_Outlet,1
P057,44,White,Male,Yes,68,H20,No_Label,0
P057,44,White,Male,Yes,69,H22,Established_Outlet,0
P057,44,White,Male,Yes,70,H27,No_Label,1
P057,44,White,Male,Yes,71,H21,No_Label,1
P057,44,White,Male,Yes,72,H32,Fact_Check_Flag,0
P057,44,White,Male,Yes,73,H15,Fact_Check_Flag,0
P057,44,White,Male,Yes,74,H30,Fact_Check_Flag,0
P057,44,White,Male,Yes,75,H25,Established_Outlet,0
P057,44,White,Male,Yes,76,H19,Fact_Check_Flag,0
P057,44,White,Male,Yes,77,H23,No_Label,0
P057,44,White,Male,Yes,78,H13,Fact_Check_Flag,1
P057,44,White,Male,Yes,79,H05,Fact_Check_Flag,0
P057,44,White,Male,Yes,80,H30,Established_Outlet,0
P057,44,White,Male,Yes,81,H15,No_Label,1
P057,44,White,Male,Yes,82,H16,Fact_Check_Flag,0
P057,44,White,Male,Yes,83,H04,No_Label,0
P057,44,White,Male,Yes,84,H31,Established_Outlet,1
P057,44,White,Male,Yes,85,H28,Established_Outlet,0
P057,44,White,Male,Yes,86,H23,Fact_Check_Flag,0
P057,44,White,Male,Yes,87,H26,No_Label,0
P057,44,White,Male,Yes,88,H02,Fact_Check_Flag,0
P057,44,White,Male,Yes,89,H09,Fact_Check_Flag,1
P057,44,White,Male,Yes,90,H03,No_Label,0
P057,44,White,Male,Yes,91,H17,Established_Outlet,1
P057,44,White,Male,Yes,92,H06,Established_Outlet,0
P057,44,White,Male,Yes,93,H04,Established_Outlet,0
P057,44,White,Male,Yes,94,H07,No_Label,0
P057,44,White,Male,Yes,95,H08,Fact_Check_Flag,0
P057,44,White,Male,Yes,96,H11,Established_Outlet,0
P058,18,Black or African American,Female,Yes,1,H29,No_Label,0
P058,18,Black or African American,Female,Yes,2,H16,Fact_Check_Flag,0
P058,18,Black or African American,Female,Yes,3,H08,Established_Outlet,0
P058,18,Black or African American,Female,Yes,4,H08,No_Label,0
P058,18,Black or African American,Female,Yes,5,H29,Established_Outlet,0
P058,18,Black or African American,Female,Yes,6,H22,Fact_Check_Flag,0
P058,18,Black or African American,Female,Yes,7,H20,No_Label,1
P058,18,Black or African American,Female,Yes,8,H15,Established_Outlet,1
P058,18,Black or African American,Female,Yes,9,H19,No_Label,0
P058,18,Black or African American,Female,Yes,10,H24,Established_Outlet,1
P058,18,Black or African American,Female,Yes,11,H03,Established_Outlet,0
P058,18,Black or African American,Female,Yes,12,H23,Established_Outlet,0
P058,18,Black or African American,Female,Yes,13,H10,Fact_Check_Flag,0
P058,18,Black or African American,Female,Yes,14,H17,No_Label,0
P058,18,Black or African American,Female,Yes,15,H24,Fact_Check_Flag,0
P058,18,Black or African American,Female,Yes,16,H02,Established_Outlet,1
P058,18,Black or African American,Female,Yes,17,H07,Fact_Check_Flag,0
P058,18,Black or African American,Female,Yes,18,H07,Established_Outlet,0
P058,18,Black or African American,Female,Yes,19,H27,No_Label,1
P058,18,Black or African American,Female,Yes,20,H11,Established_Outlet,0
P058,18,Black or African American,Female,Yes,21,H15,No_Label,1
P058,18,Black or African American,Female,Yes,22,H17,Established_Outlet,0
P058,18,Black or African American,Female,Yes,23,H01,Fact_Check_Flag,0
P058,18,Black or African American,Female,Yes,24,H20,Established_Outlet,1
P058,18,Black or African American,Female,Yes,25,H31,Established_Outlet,1
P058,18,Black or African American,Female,Yes,26,H03,No_Label,1
P058,18,Black or African American,Female,Yes,27,H09,Established_Outlet,1
P058,18,Black or African American,Female,Yes,28,H32,No_Label,0
P058,18,Black or African American,Female,Yes,29,H13,No_Label,0
P058,18,Black or African American,Female,Yes,30,H23,Fact_Check_Flag,0
P058,18,Black or African American,Female,Yes,31,H10,No_Label,0
P058,18,Black or African American,Female,Yes,32,H31,Fact_Check_Flag,0
P058,18,Black or African American,Female,Yes,33,H09,Fact_Check_Flag,0
P058,18,Black or African American,Female,Yes,34,H11,No_Label,1
P058,18,Black or African American,Female,Yes,35,H21,No_Label,0
P058,18,Black or African American,Female,Yes,36,H26,Established_Outlet,0
P058,18,Black or African American,Female,Yes,37,H10,Established_Outlet,0
P058,18,Black or African American,Female,Yes,38,H14,Fact_Check_Flag,0
P058,18,Black or African American,Female,Yes,39,H26,No_Label,1
P058,18,Black or African American,Female,Yes,40,H32,Established_Outlet,0
P058,18,Black or African American,Female,Yes,41,H02,No_Label,1
P058,18,Black or African American,Female,Yes,42,H30,No_Label,0
P058,18,Black or African American,Female,Yes,43,H22,No_Label,1
P058,18,Black or African American,Female,Yes,44,H04,No_Label,0
P058,18,Black or African American,Female,Yes,45,H27,Established_Outlet,1
P058,18,Black or African American,Female,Yes,46,H16,No_Label,0
P058,18,Black or African American,Female,Yes,47,H05,No_Label,0
P058,18,Black or African American,Female,Yes,48,H06,No_Label,0
P058,18,Black or African American,Female,Yes,49,H26,Fact_Check_Flag,0
P058,18,Black or African American,Female,Yes,50,H32,Fact_Check_Flag,0
P058,18,Black or African American,Female,Yes,51,H06,Fact_Check_Flag,0
P058,18,Black or African American,Female,Yes,52,H24,No_Label,0
P058,18,Black or African American,Female,Yes,53,H13,Fact_Check_Flag,0
P058,18,Black or African American,Female,Yes,54,H14,Established_Outlet,1
P058,18,Black or African American,Female,Yes,55,H12,Established_Outlet,1
P058,18,Black or African American,Female,Yes,56,H27,Fact_Check_Flag,1
P058,18,Black or African American,Female,Yes,57,H03,Fact_Check_Flag,0
P058,18,Black or African American,Female,Yes,58,H21,Established_Outlet,1
P058,18,Black or African American,Female,Yes,59,H30,Fact_Check_Flag,0
P058,18,Black or African American,Female,Yes,60,H06,Established_Outlet,0
P058,18,Black or African American,Female,Yes,61,H20,Fact_Check_Flag,0
P058,18,Black or African American,Female,Yes,62,H07,No_Label,1
P058,18,Black or African American,Female,Yes,63,H11,Fact_Check_Flag,0
P058,18,Black or African American,Female,Yes,64,H28,Established_Outlet,0
P058,18,Black or African American,Female,Yes,65,H02,Fact_Check_Flag,0
P058,18,Black or African American,Female,Yes,66,H05,Fact_Check_Flag,0
P058,18,Black or African American,Female,Yes,67,H30,Established_Outlet,0
P058,18,Black or African American,Female,Yes,68,H28,No_Label,0
P058,18,Black or African American,Female,Yes,69,H14,No_Label,0
P058,18,Black or African American,Female,Yes,70,H19,Fact_Check_Flag,0
P058,18,Black or African American,Female,Yes,71,H05,Established_Outlet,0
P058,18,Black or African American,Female,Yes,72,H04,Fact_Check_Flag,0
P058,18,Black or African American,Female,Yes,73,H01,No_Label,1
P058,18,Black or African American,Female,Yes,74,H18,No_Label,0
P058,18,Black or African American,Female,Yes,75,H31,No_Label,0
P058,18,Black or African American,Female,Yes,76,H25,Fact_Check_Flag,0
P058,18,Black or African American,Female,Yes,77,H16,Established_Outlet,0
P058,18,Black or African American,Female,Yes,78,H29,Fact_Check_Flag,0
P058,18,Black or African American,Female,Yes,79,H12,Fact_Check_Flag,0
P058,18,Black or African American,Female,Yes,80,H17,Fact_Check_Flag,0
P058,18,Black or African American,Female,Yes,81,H08,Fact_Check_Flag,0
P058,18,Black or African American,Female,Yes,82,H18,Fact_Check_Flag,0
P058,18,Black or African American,Female,Yes,83,H12,No_Label,0
P058,18,Black or African American,Female,Yes,84,H25,No_Label,0
P058,18,Black or African American,Female,Yes,85,H22,Established_Outlet,1
P058,18,Black or African American,Female,Yes,86,H01,Established_Outlet,1
P058,18,Black or African American,Female,Yes,87,H13,Established_Outlet,0
P058,18,Black or African American,Female,Yes,88,H09,No_Label,1
P058,18,Black or African American,Female,Yes,89,H18,Established_Outlet,0
P058,18,Black or African American,Female,Yes,90,H25,Established_Outlet,0
P058,18,Black or African American,Female,Yes,91,H04,Established_Outlet,0
P058,18,Black or African American,Female,Yes,92,H19,Established_Outlet,0
P058,18,Black or African American,Female,Yes,93,H28,Fact_Check_Flag,0
P058,18,Black or African American,Female,Yes,94,H15,Fact_Check_Flag,0
P058,18,Black or African American,Female,Yes,95,H23,No_Label,0
P058,18,Black or African American,Female,Yes,96,H21,Fact_Check_Flag,0
P059,19,White,Female,Yes,1,H03,Fact_Check_Flag,0
P059,19,White,Female,Yes,2,H31,Fact_Check_Flag,0
P059,19,White,Female,Yes,3,H17,Established_Outlet,0
P059,19,White,Female,Yes,4,H20,No_Label,1
P059,19,White,Female,Yes,5,H30,Fact_Check_Flag,0
P059,19,White,Female,Yes,6,H32,Established_Outlet,0
P059,19,White,Female,Yes,7,H25,No_Label,0
P059,19,White,Female,Yes,8,H21,No_Label,0
P059,19,White,Female,Yes,9,H19,No_Label,1
P059,19,White,Female,Yes,10,H09,Established_Outlet,1
P059,19,White,Female,Yes,11,H04,No_Label,0
P059,19,White,Female,Yes,12,H30,No_Label,1
P059,19,White,Female,Yes,13,H10,No_Label,0
P059,19,White,Female,Yes,14,H27,Fact_Check_Flag,0
P059,19,White,Female,Yes,15,H28,No_Label,1
P059,19,White,Female,Yes,16,H17,No_Label,0
P059,19,White,Female,Yes,17,H08,No_Label,0
P059,19,White,Female,Yes,18,H16,Established_Outlet,0
P059,19,White,Female,Yes,19,H02,Fact_Check_Flag,0
P059,19,White,Female,Yes,20,H19,Established_Outlet,1
P059,19,White,Female,Yes,21,H09,Fact_Check_Flag,1
P059,19,White,Female,Yes,22,H02,Established_Outlet,0
P059,19,White,Female,Yes,23,H26,Fact_Check_Flag,0
P059,19,White,Female,Yes,24,H12,No_Label,1
P059,19,White,Female,Yes,25,H08,Established_Outlet,0
P059,19,White,Female,Yes,26,H02,No_Label,0
P059,19,White,Female,Yes,27,H06,Established_Outlet,0
P059,19,White,Female,Yes,28,H11,Established_Outlet,1
P059,19,White,Female,Yes,29,H06,No_Label,0
P059,19,White,Female,Yes,30,H26,No_Label,0
P059,19,White,Female,Yes,31,H10,Established_Outlet,0
P059,19,White,Female,Yes,32,H05,Fact_Check_Flag,0
P059,19,White,Female,Yes,33,H13,Established_Outlet,1
P059,19,White,Female,Yes,34,H05,Established_Outlet,0
P059,19,White,Female,Yes,35,H24,No_Label,0
P059,19,White,Female,Yes,36,H29,Established_Outlet,0
P059,19,White,Female,Yes,37,H22,Fact_Check_Flag,0
P059,19,White,Female,Yes,38,H21,Established_Outlet,1
P059,19,White,Female,Yes,39,H04,Fact_Check_Flag,0
P059,19,White,Female,Yes,40,H12,Established_Outlet,1
P059,19,White,Female,Yes,41,H21,Fact_Check_Flag,1
P059,19,White,Female,Yes,42,H01,No_Label,1
P059,19,White,Female,Yes,43,H28,Fact_Check_Flag,0
P059,19,White,Female,Yes,44,H20,Fact_Check_Flag,0
P059,19,White,Female,Yes,45,H18,Established_Outlet,0
P059,19,White,Female,Yes,46,H28,Established_Outlet,1
P059,19,White,Female,Yes,47,H13,Fact_Check_Flag,0
P059,19,White,Female,Yes,48,H22,Established_Outlet,1
P059,19,White,Female,Yes,49,H22,No_Label,0
P059,19,White,Female,Yes,50,H32,No_Label,0
P059,19,White,Female,Yes,51,H23,Established_Outlet,0
P059,19,White,Female,Yes,52,H04,Established_Outlet,1
P059,19,White,Female,Yes,53,H03,Established_Outlet,0
P059,19,White,Female,Yes,54,H24,Established_Outlet,1
P059,19,White,Female,Yes,55,H07,No_Label,0
P059,19,White,Female,Yes,56,H07,Fact_Check_Flag,0
P059,19,White,Female,Yes,57,H31,Established_Outlet,1
P059,19,White,Female,Yes,58,H15,Established_Outlet,1
P059,19,White,Female,Yes,59,H13,No_Label,1
P059,19,White,Female,Yes,60,H30,Established_Outlet,1
P059,19,White,Female,Yes,61,H23,No_Label,0
P059,19,White,Female,Yes,62,H32,Fact_Check_Flag,0
P059,19,White,Female,Yes,63,H01,Fact_Check_Flag,0
P059,19,White,Female,Yes,64,H25,Established_Outlet,1
P059,19,White,Female,Yes,65,H24,Fact_Check_Flag,0
P059,19,White,Female,Yes,66,H10,Fact_Check_Flag,0
P059,19,White,Female,Yes,67,H01,Established_Outlet,1
P059,19,White,Female,Yes,68,H25,Fact_Check_Flag,0
P059,19,White,Female,Yes,69,H12,Fact_Check_Flag,0
P059,19,White,Female,Yes,70,H26,Established_Outlet,1
P059,19,White,Female,Yes,71,H09,No_Label,1
P059,19,White,Female,Yes,72,H29,No_Label,0
P059,19,White,Female,Yes,73,H27,Established_Outlet,1
P059,19,White,Female,Yes,74,H18,No_Label,0
P059,19,White,Female,Yes,75,H16,Fact_Check_Flag,0
P059,19,White,Female,Yes,76,H29,Fact_Check_Flag,0
P059,19,White,Female,Yes,77,H07,Established_Outlet,1
P059,19,White,Female,Yes,78,H11,No_Label,0
P059,19,White,Female,Yes,79,H15,No_Label,1
P059,19,White,Female,Yes,80,H06,Fact_Check_Flag,0
P059,19,White,Female,Yes,81,H19,Fact_Check_Flag,1
P059,19,White,Female,Yes,82,H11,Fact_Check_Flag,0
P059,19,White,Female,Yes,83,H17,Fact_Check_Flag,0
P059,19,White,Female,Yes,84,H23,Fact_Check_Flag,0
P059,19,White,Female,Yes,85,H27,No_Label,0
P059,19,White,Female,Yes,86,H18,Fact_Check_Flag,0
P059,19,White,Female,Yes,87,H03,No_Label,0
P059,19,White,Female,Yes,88,H15,Fact_Check_Flag,1
P059,19,White,Female,Yes,89,H20,Established_Outlet,1
P059,19,White,Female,Yes,90,H14,No_Label,0
P059,19,White,Female,Yes,91,H31,No_Label,0
P059,19,White,Female,Yes,92,H08,Fact_Check_Flag,0
P059,19,White,Female,Yes,93,H14,Fact_Check_Flag,0
P059,19,White,Female,Yes,94,H14,Established_Outlet,1
P059,19,White,Female,Yes,95,H16,No_Label,0
P059,19,White,Female,Yes,96,H05,No_Label,0
P060,59,Hispanic or Latino,Male,Yes,1,H03,No_Label,0
P060,59,Hispanic or Latino,Male,Yes,2,H02,Fact_Check_Flag,0
P060,59,Hispanic or Latino,Male,Yes,3,H24,Established_Outlet,0
P060,59,Hispanic or Latino,Male,Yes,4,H12,Fact_Check_Flag,0
P060,59,Hispanic or Latino,Male,Yes,5,H26,Fact_Check_Flag,0
P060,59,Hispanic or Latino,Male,Yes,6,H15,Established_Outlet,0
P060,59,Hispanic or Latino,Male,Yes,7,H21,Fact_Check_Flag,1
P060,59,Hispanic or Latino,Male,Yes,8,H20,No_Label,1
P060,59,Hispanic or Latino,Male,Yes,9,H09,Established_Outlet,1
P060,59,Hispanic or Latino,Male,Yes,10,H14,Fact_Check_Flag,0
P060,59,Hispanic or Latino,Male,Yes,11,H27,Fact_Check_Flag,0
P060,59,Hispanic or Latino,Male,Yes,12,H12,Established_Outlet,0
P060,59,Hispanic or Latino,Male,Yes,13,H04,Established_Outlet,0
P060,59,Hispanic or Latino,Male,Yes,14,H20,Fact_Check_Flag,0
P060,59,Hispanic or Latino,Male,Yes,15,H12,No_Label,1
P060,59,Hispanic or Latino,Male,Yes,16,H31,Established_Outlet,0
P060,59,Hispanic or Latino,Male,Yes,17,H04,No_Label,0
P060,59,Hispanic or Latino,Male,Yes,18,H10,Established_Outlet,1
P060,59,Hispanic or Latino,Male,Yes,19,H17,No_Label,0
P060,59,Hispanic or Latino,Male,Yes,20,H15,Fact_Check_Flag,1
P060,59,Hispanic or Latino,Male,Yes,21,H16,No_Label,0
P060,59,Hispanic or Latino,Male,Yes,22,H02,No_Label,0
P060,59,Hispanic or Latino,Male,Yes,23,H28,Established_Outlet,0
P060,59,Hispanic or Latino,Male,Yes,24,H22,Established_Outlet,1
P060,59,Hispanic or Latino,Male,Yes,25,H21,No_Label,1
P060,59,Hispanic or Latino,Male,Yes,26,H03,Established_Outlet,0
P060,59,Hispanic or Latino,Male,Yes,27,H14,Established_Outlet,0
P060,59,Hispanic or Latino,Male,Yes,28,H05,No_Label,1
P060,59,Hispanic or Latino,Male,Yes,29,H10,No_Label,0
P060,59,Hispanic or Latino,Male,Yes,30,H28,Fact_Check_Flag,0
P060,59,Hispanic or Latino,Male,Yes,31,H29,Fact_Check_Flag,0
P060,59,Hispanic or Latino,Male,Yes,32,H23,Fact_Check_Flag,1
P060,59,Hispanic or Latino,Male,Yes,33,H30,No_Label,0
P060,59,Hispanic or Latino,Male,Yes,34,H15,No_Label,0
P060,59,Hispanic or Latino,Male,Yes,35,H27,Established_Outlet,0
P060,59,Hispanic or Latino,Male,Yes,36,H26,Established_Outlet,1
P060,59,Hispanic or Latino,Male,Yes,37,H01,Fact_Check_Flag,0
P060,59,Hispanic or Latino,Male,Yes,38,H07,No_Label,0
P060,59,Hispanic or Latino,Male,Yes,39,H13,Fact_Check_Flag,0
P060,59,Hispanic or Latino,Male,Yes,40,H09,Fact_Check_Flag,1
P060,59,Hispanic or Latino,Male,Yes,41,H25,No_Label,0
P060,59,Hispanic or Latino,Male,Yes,42,H06,Established_Outlet,0
P060,59,Hispanic or Latino,Male,Yes,43,H18,Established_Outlet,1
P060,59,Hispanic or Latino,Male,Yes,44,H07,Established_Outlet,1
P060,59,Hispanic or Latino,Male,Yes,45,H07,Fact_Check_Flag,0
P060,59,Hispanic or Latino,Male,Yes,46,H05,Fact_Check_Flag,0
P060,59,Hispanic or Latino,Male,Yes,47,H22,No_Label,1
P060,59,Hispanic or Latino,Male,Yes,48,H23,Established_Outlet,1
P060,59,Hispanic or Latino,Male,Yes,49,H25,Fact_Check_Flag,0
P060,59,Hispanic or Latino,Male,Yes,50,H10,Fact_Check_Flag,0
P060,59,Hispanic or Latino,Male,Yes,51,H19,No_Label,0
P060,59,Hispanic or Latino,Male,Yes,52,H25,Established_Outlet,0
P060,59,Hispanic or Latino,Male,Yes,53,H24,Fact_Check_Flag,0
P060,59,Hispanic or Latino,Male,Yes,54,H17,Established_Outlet,0
P060,59,Hispanic or Latino,Male,Yes,55,H16,Established_Outlet,1
P060,59,Hispanic or Latino,Male,Yes,56,H32,No_Label,0
P060,59,Hispanic or Latino,Male,Yes,57,H21,Established_Outlet,1
P060,59,Hispanic or Latino,Male,Yes,58,H17,Fact_Check_Flag,0
P060,59,Hispanic or Latino,Male,Yes,59,H04,Fact_Check_Flag,0
P060,59,Hispanic or Latino,Male,Yes,60,H08,No_Label,0
P060,59,Hispanic or Latino,Male,Yes,61,H32,Established_Outlet,0
P060,59,Hispanic or Latino,Male,Yes,62,H18,Fact_Check_Flag,0
P060,59,Hispanic or Latino,Male,Yes,63,H31,No_Label,0
P060,59,Hispanic or Latino,Male,Yes,64,H13,No_Label,0
P060,59,Hispanic or Latino,Male,Yes,65,H30,Established_Outlet,1
P060,59,Hispanic or Latino,Male,Yes,66,H06,No_Label,0
P060,59,Hispanic or Latino,Male,Yes,67,H11,Fact_Check_Flag,0
P060,59,Hispanic or Latino,Male,Yes,68,H31,Fact_Check_Flag,0
P060,59,Hispanic or Latino,Male,Yes,69,H18,No_Label,0
P060,59,Hispanic or Latino,Male,Yes,70,H09,No_Label,0
P060,59,Hispanic or Latino,Male,Yes,71,H02,Established_Outlet,0
P060,59,Hispanic or Latino,Male,Yes,72,H16,Fact_Check_Flag,0
P060,59,Hispanic or Latino,Male,Yes,73,H24,No_Label,0
P060,59,Hispanic or Latino,Male,Yes,74,H19,Fact_Check_Flag,1
P060,59,Hispanic or Latino,Male,Yes,75,H06,Fact_Check_Flag,0
P060,59,Hispanic or Latino,Male,Yes,76,H27,No_Label,1
P060,59,Hispanic or Latino,Male,Yes,77,H13,Established_Outlet,1
P060,59,Hispanic or Latino,Male,Yes,78,H28,No_Label,0
P060,59,Hispanic or Latino,Male,Yes,79,H26,No_Label,1
P060,59,Hispanic or Latino,Male,Yes,80,H05,Established_Outlet,0
P060,59,Hispanic or Latino,Male,Yes,81,H08,Fact_Check_Flag,0
P060,59,Hispanic or Latino,Male,Yes,82,H11,Established_Outlet,0
P060,59,Hispanic or Latino,Male,Yes,83,H30,Fact_Check_Flag,1
P060,59,Hispanic or Latino,Male,Yes,84,H32,Fact_Check_Flag,0
P060,59,Hispanic or Latino,Male,Yes,85,H22,Fact_Check_Flag,0
P060,59,Hispanic or Latino,Male,Yes,86,H14,No_Label,0
P060,59,Hispanic or Latino,Male,Yes,87,H29,No_Label,0
P060,59,Hispanic or Latino,Male,Yes,88,H20,Established_Outlet,1
P060,59,Hispanic or Latino,Male,Yes,89,H11,No_Label,0
P060,59,Hispanic or Latino,Male,Yes,90,H19,Established_Outlet,1
P060,59,Hispanic or Latino,Male,Yes,91,H29,Established_Outlet,1
P060,59,Hispanic or Latino,Male,Yes,92,H08,Established_Outlet,1
P060,59,Hispanic or Latino,Male,Yes,93,H23,No_Label,1
P060,59,Hispanic or Latino,Male,Yes,94,H01,No_Label,1
P060,59,Hispanic or Latino,Male,Yes,95,H03,Fact_Check_Flag,0
P060,59,Hispanic or Latino,Male,Yes,96,H01,Established_Outlet,1
