participant,age,ethnicity,sex,english_fluent,trial,sentence,noise_condition,correct
P001,38,White,Female,No,1,S18,Heavy_Noise,0
P001,38,White,Female,No,2,S31,Moderate_Noise,0
P001,38,White,Female,No,3,S34,Heavy_Noise,0
P001,38,White,Female,No,4,S25,Heavy_Noise,0
P001,38,White,Female,No,5,S04,Heavy_Noise,1
P001,38,White,Female,No,6,S15,Heavy_Noise,0
P001,38,White,Female,No,7,S21,Quiet,1
P001,38,White,Female,No,8,S28,Quiet,0
P001,38,White,Female,No,9,S29,Quiet,0
P001,38,White,Female,No,10,S25,Quiet,1
P001,38,White,Female,No,11,S30,Heavy_Noise,0
P001,38,White,Female,No,12,S05,Moderate_Noise,0
P001,38,White,Female,No,13,S22,Heavy_Noise,0
P001,38,White,Female,No,14,S36,Heavy_Noise,0
P001,38,White,Female,No,15,S24,Moderate_Noise,1
P001,38,White,Female,No,16,S34,Quiet,1
P001,38,White,Female,No,17,S31,Heavy_Noise,0
P001,38,White,Female,No,18,S20,Quiet,1
P001,38,White,Female,No,19,S26,Quiet,1
P001,38,White,Female,No,20,S23,Quiet,0
P001,38,White,Female,No,21,S32,Heavy_Noise,0
P001,38,White,Female,No,22,S32,Moderate_Noise,1
P001,38,White,Female,No,23,S17,Moderate_Noise,0
P001,38,White,Female,No,24,S27,Quiet,0
P001,38,White,Female,No,25,S10,Heavy_Noise,0
P001,38,White,Female,No,26,S05,Quiet,1
P001,38,White,Female,No,27,S09,Moderate_Noise,0
P001,38,White,Female,No,28,S14,Moderate_Noise,0
P001,38,White,Female,No,29,S19,Moderate_Noise,0
P001,38,White,Female,No,30,S27,Moderate_Noise,0
P001,38,White,Female,No,31,S12,Quiet,1
P001,38,White,Female,No,32,S23,Heavy_Noise,0
P001,38,White,Female,No,33,S21,Heavy_Noise,1
P001,38,White,Female,No,34,S07,Moderate_Noise,1
P001,38,White,Female,No,35,S12,Heavy_Noise,1
P001,38,White,Female,No,36,S25,Moderate_Noise,0
P001,38,White,Female,No,37,S08,Heavy_Noise,0
P001,38,White,Female,No,38,S10,Moderate_Noise,0
P001,38,White,Female,No,39,S29,Heavy_Noise,0
P001,38,White,Female,No,40,S02,Moderate_Noise,0
P001,38,White,Female,No,41,S20,Heavy_Noise,0
P001,38,White,Female,No,42,S36,Quiet,1
P001,38,White,Female,No,43,S29,Moderate_Noise,0
P001,38,White,Female,No,44,S12,Moderate_Noise,1
P001,38,White,Female,No,45,S10,Quiet,0
P001,38,White,Female,No,46,S26,Heavy_Noise,0
P001,38,White,Female,No,47,S26,Moderate_Noise,0
P001,38,White,Female,No,48,S03,Heavy_Noise,0
P001,38,White,Female,No,49,S27,Heavy_Noise,0
P001,38,White,Female,No,50,S07,Heavy_Noise,0
P001,38,White,Female,No,51,S01,Quiet,1
P001,38,White,Female,No,52,S18,Moderate_Noise,0
P001,38,White,Female,No,53,S15,Quiet,0
P001,38,White,Female,No,54,S06,Heavy_Noise,0
P001,38,White,Female,No,55,S17,Heavy_Noise,0
P001,38,White,Female,No,56,S14,Heavy_Noise,0
P001,38,White,Female,No,57,S05,Heavy_Noise,0
P001,38,White,Female,No,58,S23,Moderate_Noise,1
P001,38,White,Female,No,59,S03,Moderate_Noise,0
P001,38,White,Female,No,60,S22,Quiet,0
P001,38,White,Female,No,61,S35,Heavy_Noise,0
P001,38,White,Female,No,62,S04,Moderate_Noise,0
P001,38,White,Female,No,63,S32,Quiet,1
P001,38,White,Female,No,64,S16,Moderate_Noise,1
P001,38,White,Female,No,65,S08,Moderate_Noise,0
P001,38,White,Female,No,66,S03,Quiet,0
P001,38,White,Female,No,67,S34,Moderate_Noise,1
P001,38,White,Female,No,68,S21,Moderate_Noise,0
P001,38,White,Female,No,69,S02,Quiet,0
P001,38,White,Female,No,70,S19,Heavy_Noise,0
P001,38,White,Female,No,71,S11,Quiet,0
P001,38,White,Female,No,72,S04,Quiet,1
P001,38,White,Female,No,73,S09,Heavy_Noise,0
P001,38,White,Female,No,74,S35,Moderate_Noise,0
P001,38,White,Female,No,75,S16,Quiet,1
P001,38,White,Female,No,76,S02,Heavy_Noise,0
P001,38,White,Female,No,77,S01,Heavy_Noise,0
P001,38,White,Female,No,78,S09,Quiet,0
P001,38,White,Female,No,79,S36,Moderate_Noise,0
P001,38,White,Female,No,80,S13,Heavy_Noise,0
P001,38,White,Female,No,81,S31,Quiet,0
P001,38,White,Female,No,82,S30,Quiet,1
P001,38,White,Female,No,83,S16,Heavy_Noise,0
P001,38,White,Female,No,84,S13,Quiet,0
P001,38,White,Female,No,85,S14,Quiet,1
P001,38,White,Female,No,86,S17,Quiet,0
P001,38,White,Female,No,87,S33,Moderate_Noise,0
P001,38,White,Female,No,88,S11,Moderate_Noise,0
P001,38,White,Female,No,89,S15,Moderate_Noise,1
P001,38,White,Female,No,90,S30,Moderate_Noise,0
P001,38,White,Female,No,91,S11,Heavy_Noise,0
P001,38,White,Female,No,92,S33,Heavy_Noise,0
P001,38,White,Female,No,93,S28,Heavy_Noise,0
P001,38,White,Female,No,94,S18,Quiet,1
P001,38,White,Female,No,95,S20,Moderate_Noise,0
P001,38,White,Female,No,96,S33,Quiet,0
P001,38,White,Female,No,97,S35,Quiet,0
P001,38,White,Female,No,98,S01,Moderate_Noise,0
P001,38,White,Female,No,99,S24,Quiet,1
P001,38,White,Female,No,100,S24,Heavy_Noise,0
P001,38,White,Female,No,101,S08,Quiet,0
P001,38,White,Female,No,102,S28,Moderate_Noise,0
P001,38,White,Female,No,103,S06,Moderate_Noise,0
P001,38,White,Female,No,104,S19,Quiet,0
P001,38,White,Female,No,105,S06,Quiet,0
P001,38,White,Female,No,106,S22,Moderate_Noise,0
P001,38,White,Female,No,107,S07,Quiet,1
P001,38,White,Female,No,108,S13,Moderate_Noise,0
P002,56,Hispanic or Latino,Male,No,1,S02,Quiet,1
P002,56,Hispanic or Latino,Male,No,2,S28,Quiet,1
P002,56,Hispanic or Latino,Male,No,3,S18,Quiet,1
P002,56,Hispanic or Latino,Male,No,4,S03,Moderate_Noise,1
P002,56,Hispanic or Latino,Male,No,5,S32,Quiet,1
P002,56,Hispanic or Latino,Male,No,6,S10,Moderate_Noise,1
P002,56,Hispanic or Latino,Male,No,7,S07,Quiet,1
P002,56,Hispanic or Latino,Male,No,8,S29,Quiet,1
P002,56,Hispanic or Latino,Male,No,9,S18,Heavy_Noise,0
P002,56,Hispanic or Latino,Male,No,10,S31,Heavy_Noise,1
P002,56,Hispanic or Latino,Male,No,11,S15,Heavy_Noise,1
P002,56,Hispanic or Latino,Male,No,12,S12,Heavy_Noise,1
P002,56,Hispanic or Latino,Male,No,13,S34,Moderate_Noise,1
P002,56,Hispanic or Latino,Male,No,14,S23,Heavy_Noise,1
P002,56,Hispanic or Latino,Male,No,15,S22,Heavy_Noise,1
P002,56,Hispanic or Latino,Male,No,16,S23,Quiet,1
P002,56,Hispanic or Latino,Male,No,17,S14,Quiet,0
P002,56,Hispanic or Latino,Male,No,18,S03,Heavy_Noise,1
P002,56,Hispanic or Latino,Male,No,19,S08,Quiet,0
P002,56,Hispanic or Latino,Male,No,20,S21,Moderate_Noise,1
P002,56,Hispanic or Latino,Male,No,21,S25,Quiet,1
P002,56,Hispanic or Latino,Male,No,22,S04,Heavy_Noise,1
P002,56,Hispanic or Latino,Male,No,23,S36,Heavy_Noise,1
P002,56,Hispanic or Latino,Male,No,24,S16,Quiet,1
P002,56,Hispanic or Latino,Male,No,25,S33,Quiet,1
P002,56,Hispanic or Latino,Male,No,26,S19,Heavy_Noise,0
P002,56,Hispanic or Latino,Male,No,27,S31,Moderate_Noise,1
P002,56,Hispanic or Latino,Male,No,28,S28,Heavy_Noise,0
P002,56,Hispanic or Latino,Male,No,29,S05,Moderate_Noise,1
P002,56,Hispanic or Latino,Male,No,30,S27,Heavy_Noise,1
P002,56,Hispanic or Latino,Male,No,31,S12,Quiet,1
P002,56,Hispanic or Latino,Male,No,32,S26,Heavy_Noise,0
P002,56,Hispanic or Latino,Male,No,33,S13,Heavy_Noise,1
P002,56,Hispanic or Latino,Male,No,34,S11,Quiet,1
P002,56,Hispanic or Latino,Male,No,35,S30,Quiet,1
P002,56,Hispanic or Latino,Male,No,36,S07,Moderate_Noise,1
P002,56,Hispanic or Latino,Male,No,37,S04,Moderate_Noise,1
P002,56,Hispanic or Latino,Male,No,38,S08,Heavy_Noise,0
P002,56,Hispanic or Latino,Male,No,39,S29,Moderate_Noise,1
P002,56,Hispanic or Latino,Male,No,40,S21,Quiet,1
P002,56,Hispanic or Latino,Male,No,41,S10,Heavy_Noise,1
P002,56,Hispanic or Latino,Male,No,42,S20,Heavy_Noise,1
P002,56,Hispanic or Latino,Male,No,43,S21,Heavy_Noise,1
P002,56,Hispanic or Latino,Male,No,44,S34,Quiet,1
P002,56,Hispanic or Latino,Male,No,45,S16,Heavy_Noise,0
P002,56,Hispanic or Latino,Male,No,46,S19,Moderate_Noise,0
P002,56,Hispanic or Latino,Male,No,47,S31,Quiet,1
P002,56,Hispanic or Latino,Male,No,48,S33,Moderate_Noise,1
P002,56,Hispanic or Latino,Male,No,49,S17,Moderate_Noise,0
P002,56,Hispanic or Latino,Male,No,50,S35,Moderate_Noise,0
P002,56,Hispanic or Latino,Male,No,51,S04,Quiet,1
P002,56,Hispanic or Latino,Male,No,52,S26,Quiet,0
P002,56,Hispanic or Latino,Male,No,53,S29,Heavy_Noise,1
P002,56,Hispanic or Latino,Male,No,54,S05,Heavy_Noise,0
P002,56,Hispanic or Latino,Male,No,55,S09,Moderate_Noise,1
P002,56,Hispanic or Latino,Male,No,56,S30,Moderate_Noise,1
P002,56,Hispanic or Latino,Male,No,57,S22,Moderate_Noise,1
P002,56,Hispanic or Latino,Male,No,58,S14,Heavy_Noise,0
P002,56,Hispanic or Latino,Male,No,59,S16,Moderate_Noise,0
P002,56,Hispanic or Latino,Male,No,60,S22,Quiet,1
P002,56,Hispanic or Latino,Male,No,61,S11,Moderate_Noise,0
P002,56,Hispanic or Latino,Male,No,62,S25,Heavy_Noise,1
P002,56,Hispanic or Latino,Male,No,63,S11,Heavy_Noise,1
P002,56,Hispanic or Latino,Male,No,64,S24,Heavy_Noise,1
P002,56,Hispanic or Latino,Male,No,65,S12,Moderate_Noise,0
P002,56,Hispanic or Latino,Male,No,66,S27,Quiet,1
P002,56,Hispanic or Latino,Male,No,67,S28,Moderate_Noise,1
P002,56,Hispanic or Latino,Male,No,68,S23,Moderate_Noise,1
P002,56,Hispanic or Latino,Male,No,69,S36,Moderate_Noise,1
P002,56,Hispanic or Latino,Male,No,70,S34,Heavy_Noise,1
P002,56,Hispanic or Latino,Male,No,71,S17,Heavy_Noise,0
P002,56,Hispanic or Latino,Male,No,72,S25,Moderate_Noise,1
P002,56,Hispanic or Latino,Male,No,73,S14,Moderate_Noise,1
P002,56,Hispanic or Latino,Male,No,74,S05,Quiet,1
P002,56,Hispanic or Latino,Male,No,75,S19,Quiet,0
P002,56,Hispanic or Latino,Male,No,76,S10,Quiet,1
P002,56,Hispanic or Latino,Male,No,77,S06,Quiet,1
P002,56,Hispanic or Latino,Male,No,78,S13,Moderate_Noise,1
P002,56,Hispanic or Latino,Male,No,79,S26,Moderate_Noise,0
P002,56,Hispanic or Latino,Male,No,80,S36,Quiet,1
P002,56,Hispanic or Latino,Male,No,81,S32,Heavy_Noise,1
P002,56,Hispanic or Latino,Male,No,82,S01,Quiet,1
P002,56,Hispanic or Latino,Male,No,83,S20,Quiet,1
P002,56,Hispanic or Latino,Male,No,84,S01,Heavy_Noise,0
P002,56,Hispanic or Latino,Male,No,85,S06,Moderate_Noise,0
P002,56,Hispanic or Latino,Male,No,86,S15,Quiet,1
P002,56,Hispanic or Latino,Male,No,87,S08,Moderate_Noise,1
P002,56,Hispanic or Latino,Male,No,88,S02,Moderate_Noise,1
P002,56,Hispanic or Latino,Male,No,89,S35,Heavy_Noise,1
P002,56,Hispanic or Latino,Male,No,90,S24,Moderate_Noise,1
P002,56,Hispanic or Latino,Male,No,91,S32,Moderate_Noise,1
P002,56,Hispanic or Latino,Male,No,92,S07,Heavy_Noise,1
P002,56,Hispanic or Latino,Male,No,93,S27,Moderate_Noise,1
P002,56,Hispanic or Latino,Male,No,94,S24,Quiet,1
P002,56,Hispanic or Latino,Male,No,95,S20,Moderate_Noise,1
P002,56,Hispanic or Latino,Male,No,96,S09,Quiet,1
P002,56,Hispanic or Latino,Male,No,97,S09,Heavy_Noise,0
P002,56,Hispanic or Latino,Male,No,98,S13,Quiet,1
P002,56,Hispanic or Latino,Male,No,99,S30,Heavy_Noise,1
P002,56,Hispanic or Latino,Male,No,100,S18,Moderate_Noise,0
P002,56,Hispanic or Latino,Male,No,101,S02,Heavy_Noise,0
P002,56,Hispanic or Latino,Male,No,102,S15,Moderate_Noise,1
P002,56,Hispanic or Latino,Male,No,103,S01,Moderate_Noise,1
P002,56,Hispanic or Latino,Male,No,104,S33,Heavy_Noise,0
P002,56,Hispanic or Latino,Male,No,105,S06,Heavy_Noise,0
P002,56,Hispanic or Latino,Male,No,106,S03,Quiet,1
P002,56,Hispanic or Latino,Male,No,107,S35,Quiet,0
P002,56,Hispanic or Latino,Male,No,108,S17,Quiet,0
P003,54,White,Female,Yes,1,S04,Heavy_Noise,0
P003,54,White,Female,Yes,2,S36,Heavy_Noise,0
P003,54,White,Female,Yes,3,S32,Moderate_Noise,0
P003,54,White,Female,Yes,4,S21,Heavy_Noise,1
P003,54,White,Female,Yes,5,S29,Heavy_Noise,0
P003,54,White,Female,Yes,6,S27,Moderate_Noise,1
P003,54,White,Female,Yes,7,S17,Moderate_Noise,1
P003,54,White,Female,Yes,8,S09,Heavy_Noise,0
P003,54,White,Female,Yes,9,S12,Quiet,1
P003,54,White,Female,Yes,10,S09,Quiet,0
P003,54,White,Female,Yes,11,S14,Heavy_Noise,0
P003,54,White,Female,Yes,12,S32,Heavy_Noise,0
P003,54,White,Female,Yes,13,S26,Quiet,1
P003,54,White,Female,Yes,14,S28,Moderate_Noise,0
P003,54,White,Female,Yes,15,S12,Heavy_Noise,0
P003,54,White,Female,Yes,16,S01,Quiet,1
P003,54,White,Female,Yes,17,S09,Moderate_Noise,0
P003,54,White,Female,Yes,18,S35,Heavy_Noise,0
P003,54,White,Female,Yes,19,S18,Moderate_Noise,1
P003,54,White,Female,Yes,20,S26,Moderate_Noise,0
P003,54,White,Female,Yes,21,S22,Heavy_Noise,0
P003,54,White,Female,Yes,22,S02,Moderate_Noise,0
P003,54,White,Female,Yes,23,S07,Quiet,0
P003,54,White,Female,Yes,24,S36,Moderate_Noise,1
P003,54,White,Female,Yes,25,S30,Heavy_Noise,0
P003,54,White,Female,Yes,26,S02,Heavy_Noise,0
P003,54,White,Female,Yes,27,S22,Quiet,1
P003,54,White,Female,Yes,28,S34,Heavy_Noise,1
P003,54,White,Female,Yes,29,S16,Quiet,1
P003,54,White,Female,Yes,30,S06,Quiet,0
P003,54,White,Female,Yes,31,S33,Moderate_Noise,1
P003,54,White,Female,Yes,32,S25,Quiet,1
P003,54,White,Female,Yes,33,S10,Heavy_Noise,0
P003,54,White,Female,Yes,34,S13,Moderate_Noise,0
P003,54,White,Female,Yes,35,S19,Heavy_Noise,0
P003,54,White,Female,Yes,36,S06,Heavy_Noise,0
P003,54,White,Female,Yes,37,S30,Quiet,0
P003,54,White,Female,Yes,38,S03,Moderate_Noise,0
P003,54,White,Female,Yes,39,S26,Heavy_Noise,1
P003,54,White,Female,Yes,40,S13,Heavy_Noise,0
P003,54,White,Female,Yes,41,S18,Heavy_Noise,0
P003,54,White,Female,Yes,42,S10,Moderate_Noise,0
P003,54,White,Female,Yes,43,S33,Quiet,0
P003,54,White,Female,Yes,44,S21,Moderate_Noise,0
P003,54,White,Female,Yes,45,S24,Heavy_Noise,0
P003,54,White,Female,Yes,46,S06,Moderate_Noise,0
P003,54,White,Female,Yes,47,S25,Heavy_Noise,0
P003,54,White,Female,Yes,48,S31,Heavy_Noise,1
P003,54,White,Female,Yes,49,S20,Quiet,1
P003,54,White,Female,Yes,50,S08,Heavy_Noise,0
P003,54,White,Female,Yes,51,S33,Heavy_Noise,0
P003,54,White,Female,Yes,52,S11,Heavy_Noise,0
P003,54,White,Female,Yes,53,S22,Moderate_Noise,1
P003,54,White,Female,Yes,54,S32,Quiet,0
P003,54,White,Female,Yes,55,S07,Moderate_Noise,1
P003,54,White,Female,Yes,56,S31,Quiet,1
P003,54,White,Female,Yes,57,S04,Moderate_Noise,1
P003,54,White,Female,Yes,58,S15,Moderate_Noise,1
P003,54,White,Female,Yes,59,S15,Heavy_Noise,1
P003,54,White,Female,Yes,60,S17,Quiet,0
P003,54,White,Female,Yes,61,S11,Moderate_Noise,0
P003,54,White,Female,Yes,62,S08,Quiet,0
P003,54,White,Female,Yes,63,S24,Quiet,0
P003,54,White,Female,Yes,64,S23,Quiet,0
P003,54,White,Female,Yes,65,S24,Moderate_Noise,0
P003,54,White,Female,Yes,66,S23,Heavy_Noise,0
P003,54,White,Female,Yes,67,S19,Moderate_Noise,0
P003,54,White,Female,Yes,68,S31,Moderate_Noise,1
P003,54,White,Female,Yes,69,S34,Quiet,1
P003,54,White,Female,Yes,70,S13,Quiet,0
P003,54,White,Female,Yes,71,S27,Heavy_Noise,0
P003,54,White,Female,Yes,72,S29,Quiet,0
P003,54,White,Female,Yes,73,S15,Quiet,1
P003,54,White,Female,Yes,74,S01,Heavy_Noise,0
P003,54,White,Female,Yes,75,S21,Quiet,1
P003,54,White,Female,Yes,76,S20,Heavy_Noise,0
P003,54,White,Female,Yes,77,S25,Moderate_Noise,0
P003,54,White,Female,Yes,78,S05,Heavy_Noise,0
P003,54,White,Female,Yes,79,S03,Heavy_Noise,0
P003,54,White,Female,Yes,80,S01,Moderate_Noise,1
P003,54,White,Female,Yes,81,S30,Moderate_Noise,1
P003,54,White,Female,Yes,82,S16,Moderate_Noise,0
P003,54,White,Female,Yes,83,S14,Quiet,0
P003,54,White,Female,Yes,84,S18,Quiet,0
P003,54,White,Female,Yes,85,S19,Quiet,0
P003,54,White,Female,Yes,86,S10,Quiet,0
P003,54,White,Female,Yes,87,S29,Moderate_Noise,0
P003,54,White,Female,Yes,88,S27,Quiet,1
P003,54,White,Female,Yes,89,S34,Moderate_Noise,1
P003,54,White,Female,Yes,90,S35,Quiet,0
P003,54,White,Female,Yes,91,S28,Heavy_Noise,0
P003,54,White,Female,Yes,92,S08,Moderate_Noise,0
P003,54,White,Female,Yes,93,S36,Quiet,1
P003,54,White,Female,Yes,94,S14,Moderate_Noise,0
P003,54,White,Female,Yes,95,S12,Moderate_Noise,1
P003,54,White,Female,Yes,96,S05,Quiet,1
P003,54,White,Female,Yes,97,S28,Quiet,0
P003,54,White,Female,Yes,98,S07,Heavy_Noise,1
P003,54,White,Female,Yes,99,S04,Quiet,1
P003,54,White,Female,Yes,100,S20,Moderate_Noise,0
P003,54,White,Female,Yes,101,S16,Heavy_Noise,0
P003,54,White,Female,Yes,102,S02,Quiet,0
P003,54,White,Female,Yes,103,S11,Quiet,0
P003,54,White,Female,Yes,104,S03,Quiet,0
P003,54,White,Female,Yes,105,S17,Heavy_Noise,0
P003,54,White,Female,Yes,106,S05,Moderate_Noise,0
P003,54,White,Female,Yes,107,S23,Moderate_Noise,1
P003,54,White,Female,Yes,108,S35,Moderate_Noise,0
P004,31,White,Female,Yes,1,S24,Moderate_Noise,0
P004,31,White,Female,Yes,2,S35,Moderate_Noise,1
P004,31,White,Female,Yes,3,S30,Heavy_Noise,1
P004,31,White,Female,Yes,4,S09,Heavy_Noise,1
P004,31,White,Female,Yes,5,S06,Quiet,0
P004,31,White,Female,Yes,6,S30,Quiet,1
P004,31,White,Female,Yes,7,S34,Heavy_Noise,1
P004,31,White,Female,Yes,8,S26,Quiet,1
P004,31,White,Female,Yes,9,S14,Heavy_Noise,0
P004,31,White,Female,Yes,10,S33,Quiet,1
P004,31,White,Female,Yes,11,S22,Heavy_Noise,1
P004,31,White,Female,Yes,12,S03,Moderate_Noise,1
P004,31,White,Female,Yes,13,S18,Heavy_Noise,1
P004,31,White,Female,Yes,14,S30,Moderate_Noise,1
P004,31,White,Female,Yes,15,S32,Moderate_Noise,1
P004,31,White,Female,Yes,16,S09,Moderate_Noise,0
P004,31,White,Female,Yes,17,S11,Moderate_Noise,1
P004,31,White,Female,Yes,18,S10,Quiet,1
P004,31,White,Female,Yes,19,S12,Heavy_Noise,1
P004,31,White,Female,Yes,20,S25,Heavy_Noise,1
P004,31,White,Female,Yes,21,S04,Quiet,1
P004,31,White,Female,Yes,22,S26,Heavy_Noise,0
P004,31,White,Female,Yes,23,S02,Moderate_Noise,0
P004,31,White,Female,Yes,24,S08,Quiet,1
P004,31,White,Female,Yes,25,S33,Moderate_Noise,1
P004,31,White,Female,Yes,26,S07,Quiet,1
P004,31,White,Female,Yes,27,S32,Heavy_Noise,1
P004,31,White,Female,Yes,28,S08,Heavy_Noise,0
P004,31,White,Female,Yes,29,S35,Quiet,1
P004,31,White,Female,Yes,30,S34,Quiet,1
P004,31,White,Female,Yes,31,S33,Heavy_Noise,0
P004,31,White,Female,Yes,32,S31,Quiet,1
P004,31,White,Female,Yes,33,S05,Moderate_Noise,1
P004,31,White,Female,Yes,34,S11,Heavy_Noise,1
P004,31,White,Female,Yes,35,S20,Quiet,1
P004,31,White,Female,Yes,36,S32,Quiet,1
P004,31,White,Female,Yes,37,S14,Quiet,1
P004,31,White,Female,Yes,38,S07,Moderate_Noise,0
P004,31,White,Female,Yes,39,S10,Heavy_Noise,1
P004,31,White,Female,Yes,40,S21,Quiet,1
P004,31,White,Female,Yes,41,S27,Heavy_Noise,1
P004,31,White,Female,Yes,42,S24,Heavy_Noise,0
P004,31,White,Female,Yes,43,S02,Heavy_Noise,0
P004,31,White,Female,Yes,44,S06,Heavy_Noise,0
P004,31,White,Female,Yes,45,S02,Quiet,1
P004,31,White,Female,Yes,46,S27,Moderate_Noise,1
P004,31,White,Female,Yes,47,S28,Quiet,1
P004,31,White,Female,Yes,48,S12,Moderate_Noise,1
P004,31,White,Female,Yes,49,S27,Quiet,1
P004,31,White,Female,Yes,50,S34,Moderate_Noise,1
P004,31,White,Female,Yes,51,S16,Quiet,1
P004,31,White,Female,Yes,52,S03,Heavy_Noise,1
P004,31,White,Female,Yes,53,S01,Quiet,1
P004,31,White,Female,Yes,54,S23,Quiet,0
P004,31,White,Female,Yes,55,S15,Heavy_Noise,1
P004,31,White,Female,Yes,56,S25,Moderate_Noise,1
P004,31,White,Female,Yes,57,S05,Heavy_Noise,0
P004,31,White,Female,Yes,58,S29,Moderate_Noise,1
P004,31,White,Female,Yes,59,S31,Moderate_Noise,1
P004,31,White,Female,Yes,60,S08,Moderate_Noise,0
P004,31,White,Female,Yes,61,S19,Moderate_Noise,0
P004,31,White,Female,Yes,62,S04,Heavy_Noise,0
P004,31,White,Female,Yes,63,S20,Heavy_Noise,1
P004,31,White,Female,Yes,64,S28,Moderate_Noise,0
P004,31,White,Female,Yes,65,S15,Moderate_Noise,1
P004,31,White,Female,Yes,66,S26,Moderate_Noise,1
P004,31,White,Female,Yes,67,S16,Moderate_Noise,1
P004,31,White,Female,Yes,68,S17,Quiet,0
P004,31,White,Female,Yes,69,S22,Moderate_Noise,1
P004,31,White,Female,Yes,70,S04,Moderate_Noise,1
P004,31,White,Female,Yes,71,S06,Moderate_Noise,1
P004,31,White,Female,Yes,72,S23,Moderate_Noise,1
P004,31,White,Female,Yes,73,S35,Heavy_Noise,1
P004,31,White,Female,Yes,74,S20,Moderate_Noise,1
P004,31,White,Female,Yes,75,S13,Heavy_Noise,1
P004,31,White,Female,Yes,76,S15,Quiet,1
P004,31,White,Female,Yes,77,S22,Quiet,0
P004,31,White,Female,Yes,78,S28,Heavy_Noise,1
P004,31,White,Female,Yes,79,S13,Quiet,1
P004,31,White,Female,Yes,80,S36,Quiet,1
P004,31,White,Female,Yes,81,S03,Quiet,1
P004,31,White,Female,Yes,82,S23,Heavy_Noise,1
P004,31,White,Female,Yes,83,S19,Quiet,1
P004,31,White,Female,Yes,84,S21,Moderate_Noise,1
P004,31,White,Female,Yes,85,S05,Quiet,1
P004,31,White,Female,Yes,86,S13,Moderate_Noise,1
P004,31,White,Female,Yes,87,S18,Quiet,1
P004,31,White,Female,Yes,88,S11,Quiet,1
P004,31,White,Female,Yes,89,S16,Heavy_Noise,0
P004,31,White,Female,Yes,90,S21,Heavy_Noise,1
P004,31,White,Female,Yes,91,S12,Quiet,1
P004,31,White,Female,Yes,92,S36,Heavy_Noise,0
P004,31,White,Female,Yes,93,S25,Quiet,1
P004,31,White,Female,Yes,94,S17,Heavy_Noise,0
P004,31,White,Female,Yes,95,S14,Moderate_Noise,1
P004,31,White,Female,Yes,96,S29,Quiet,1
P004,31,White,Female,Yes,97,S01,Heavy_Noise,1
P004,31,White,Female,Yes,98,S24,Quiet,1
P004,31,White,Female,Yes,99,S07,Heavy_Noise,1
P004,31,White,Female,Yes,100,S29,Heavy_Noise,1
P004,31,White,Female,Yes,101,S19,Heavy_Noise,1
P004,31,White,Female,Yes,102,S18,Moderate_Noise,1
P004,31,White,Female,Yes,103,S09,Quiet,1
P004,31,White,Female,Yes,104,S17,Moderate_Noise,0
P004,31,White,Female,Yes,105,S01,Moderate_Noise,1
P004,31,White,Female,Yes,106,S10,Moderate_Noise,1
P004,31,White,Female,Yes,107,S31,Heavy_Noise,0
P004,31,White,Female,Yes,108,S36,Moderate_Noise,0
P005,34,Hispanic or Latino,Female,Yes,1,S21,Moderate_Noise,1
P005,34,Hispanic or Latino,Female,Yes,2,S06,Quiet,1
P005,34,Hispanic or Latino,Female,Yes,3,S32,Quiet,1
P005,34,Hispanic or Latino,Female,Yes,4,S27,Quiet,1
P005,34,Hispanic or Latino,Female,Yes,5,S12,Quiet,1
P005,34,Hispanic or Latino,Female,Yes,6,S06,Moderate_Noise,0
P005,34,Hispanic or Latino,Female,Yes,7,S14,Moderate_Noise,0
P005,34,Hispanic or Latino,Female,Yes,8,S17,Heavy_Noise,0
P005,34,Hispanic or Latino,Female,Yes,9,S29,Moderate_Noise,1
P005,34,Hispanic or Latino,Female,Yes,10,S22,Heavy_Noise,1
P005,34,Hispanic or Latino,Female,Yes,11,S33,Quiet,1
P005,34,Hispanic or Latino,Female,Yes,12,S04,Heavy_Noise,1
P005,34,Hispanic or Latino,Female,Yes,13,S36,Moderate_Noise,0
P005,34,Hispanic or Latino,Female,Yes,14,S30,Heavy_Noise,0
P005,34,Hispanic or Latino,Female,Yes,15,S05,Heavy_Noise,1
P005,34,Hispanic or Latino,Female,Yes,16,S10,Moderate_Noise,1
P005,34,Hispanic or Latino,Female,Yes,17,S25,Heavy_Noise,1
P005,34,Hispanic or Latino,Female,Yes,18,S14,Quiet,1
P005,34,Hispanic or Latino,Female,Yes,19,S03,Heavy_Noise,0
P005,34,Hispanic or Latino,Female,Yes,20,S24,Quiet,1
P005,34,Hispanic or Latino,Female,Yes,21,S25,Quiet,0
P005,34,Hispanic or Latino,Female,Yes,22,S19,Quiet,1
P005,34,Hispanic or Latino,Female,Yes,23,S23,Moderate_Noise,0
P005,34,Hispanic or Latino,Female,Yes,24,S31,Heavy_Noise,1
P005,34,Hispanic or Latino,Female,Yes,25,S08,Moderate_Noise,0
P005,34,Hispanic or Latino,Female,Yes,26,S20,Moderate_Noise,1
P005,34,Hispanic or Latino,Female,Yes,27,S13,Moderate_Noise,1
P005,34,Hispanic or Latino,Female,Yes,28,S26,Moderate_Noise,1
P005,34,Hispanic or Latino,Female,Yes,29,S13,Quiet,1
P005,34,Hispanic or Latino,Female,Yes,30,S27,Heavy_Noise,1
P005,34,Hispanic or Latino,Female,Yes,31,S16,Heavy_Noise,0
P005,34,Hispanic or Latino,Female,Yes,32,S01,Moderate_Noise,1
P005,34,Hispanic or Latino,Female,Yes,33,S33,Moderate_Noise,0
P005,34,Hispanic or Latino,Female,Yes,34,S07,Quiet,1
P005,34,Hispanic or Latino,Female,Yes,35,S14,Heavy_Noise,0
P005,34,Hispanic or Latino,Female,Yes,36,S09,Moderate_Noise,0
P005,34,Hispanic or Latino,Female,Yes,37,S15,Quiet,1
P005,34,Hispanic or Latino,Female,Yes,38,S23,Quiet,0
P005,34,Hispanic or Latino,Female,Yes,39,S31,Moderate_Noise,1
P005,34,Hispanic or Latino,Female,Yes,40,S13,Heavy_Noise,1
P005,34,Hispanic or Latino,Female,Yes,41,S27,Moderate_Noise,1
P005,34,Hispanic or Latino,Female,Yes,42,S02,Quiet,1
P005,34,Hispanic or Latino,Female,Yes,43,S30,Quiet,0
P005,34,Hispanic or Latino,Female,Yes,44,S08,Quiet,0
P005,34,Hispanic or Latino,Female,Yes,45,S17,Moderate_Noise,1
P005,34,Hispanic or Latino,Female,Yes,46,S18,Quiet,1
P005,34,Hispanic or Latino,Female,Yes,47,S11,Quiet,1
P005,34,Hispanic or Latino,Female,Yes,48,S30,Moderate_Noise,0
P005,34,Hispanic or Latino,Female,Yes,49,S16,Quiet,1
P005,34,Hispanic or Latino,Female,Yes,50,S07,Moderate_Noise,0
P005,34,Hispanic or Latino,Female,Yes,51,S21,Heavy_Noise,0
P005,34,Hispanic or Latino,Female,Yes,52,S12,Moderate_Noise,1
P005,34,Hispanic or Latino,Female,Yes,53,S12,Heavy_Noise,1
P005,34,Hispanic or Latino,Female,Yes,54,S02,Heavy_Noise,1
P005,34,Hispanic or Latino,Female,Yes,55,S35,Moderate_Noise,1
P005,34,Hispanic or Latino,Female,Yes,56,S17,Quiet,1
P005,34,Hispanic or Latino,Female,Yes,57,S05,Quiet,0
P005,34,Hispanic or Latino,Female,Yes,58,S34,Moderate_Noise,1
P005,34,Hispanic or Latino,Female,Yes,59,S26,Heavy_Noise,1
P005,34,Hispanic or Latino,Female,Yes,60,S08,Heavy_Noise,1
P005,34,Hispanic or Latino,Female,Yes,61,S07,Heavy_Noise,1
P005,34,Hispanic or Latino,Female,Yes,62,S33,Heavy_Noise,1
P005,34,Hispanic or Latino,Female,Yes,63,S36,Heavy_Noise,0
P005,34,Hispanic or Latino,Female,Yes,64,S10,Quiet,1
P005,34,Hispanic or Latino,Female,Yes,65,S03,Quiet,1
P005,34,Hispanic or Latino,Female,Yes,66,S29,Heavy_Noise,1
P005,34,Hispanic or Latino,Female,Yes,67,S20,Heavy_Noise,1
P005,34,Hispanic or Latino,Female,Yes,68,S23,Heavy_Noise,1
P005,34,Hispanic or Latino,Female,Yes,69,S04,Moderate_Noise,1
P005,34,Hispanic or Latino,Female,Yes,70,S11,Moderate_Noise,1
P005,34,Hispanic or Latino,Female,Yes,71,S16,Moderate_Noise,1
P005,34,Hispanic or Latino,Female,Yes,72,S15,Heavy_Noise,1
P005,34,Hispanic or Latino,Female,Yes,73,S24,Heavy_Noise,1
P005,34,Hispanic or Latino,Female,Yes,74,S09,Quiet,0
P005,34,Hispanic or Latino,Female,Yes,75,S15,Moderate_Noise,0
P005,34,Hispanic or Latino,Female,Yes,76,S10,Heavy_Noise,1
P005,34,Hispanic or Latino,Female,Yes,77,S02,Moderate_Noise,1
P005,34,Hispanic or Latino,Female,Yes,78,S21,Quiet,1
P005,34,Hispanic or Latino,Female,Yes,79,S18,Heavy_Noise,1
P005,34,Hispanic or Latino,Female,Yes,80,S35,Heavy_Noise,0
P005,34,Hispanic or Latino,Female,Yes,81,S19,Heavy_Noise,1
P005,34,Hispanic or Latino,Female,Yes,82,S34,Quiet,1
P005,34,Hispanic or Latino,Female,Yes,83,S28,Moderate_Noise,0
P005,34,Hispanic or Latino,Female,Yes,84,S31,Quiet,1
P005,34,Hispanic or Latino,Female,Yes,85,S34,Heavy_Noise,0
P005,34,Hispanic or Latino,Female,Yes,86,S32,Moderate_Noise,1
P005,34,Hispanic or Latino,Female,Yes,87,S36,Quiet,1
P005,34,Hispanic or Latino,Female,Yes,88,S29,Quiet,1
P005,34,Hispanic or Latino,Female,Yes,89,S25,Moderate_Noise,1
P005,34,Hispanic or Latino,Female,Yes,90,S11,Heavy_Noise,1
P005,34,Hispanic or Latino,Female,Yes,91,S06,Heavy_Noise,0
P005,34,Hispanic or Latino,Female,Yes,92,S22,Quiet,1
P005,34,Hispanic or Latino,Female,Yes,93,S35,Quiet,1
P005,34,Hispanic or Latino,Female,Yes,94,S09,Heavy_Noise,1
P005,34,Hispanic or Latino,Female,Yes,95,S26,Quiet,1
P005,34,Hispanic or Latino,Female,Yes,96,S01,Quiet,1
P005,34,Hispanic or Latino,Female,Yes,97,S24,Moderate_Noise,0
P005,34,Hispanic or Latino,Female,Yes,98,S28,Heavy_Noise,1
P005,34,Hispanic or Latino,Female,Yes,99,S03,Moderate_Noise,1
P005,34,Hispanic or Latino,Female,Yes,100,S18,Moderate_Noise,1
P005,34,Hispanic or Latino,Female,Yes,101,S22,Moderate_Noise,1
P005,34,Hispanic or Latino,Female,Yes,102,S01,Heavy_Noise,1
P005,34,Hispanic or Latino,Female,Yes,103,S32,Heavy_Noise,1
P005,34,Hispanic or Latino,Female,Yes,104,S19,Moderate_Noise,1
P005,34,Hispanic or Latino,Female,Yes,105,S04,Quiet,1
P005,34,Hispanic or Latino,Female,Yes,106,S05,Moderate_Noise,0
P005,34,Hispanic or Latino,Female,Yes,107,S20,Quiet,1
P005,34,Hispanic or Latino,Female,Yes,108,S28,Quiet,1
P006,31,White,Male,No,1,S06,Quiet,0
P006,31,White,Male,No,2,S27,Quiet,1
P006,31,White,Male,No,3,S14,Quiet,0
P006,31,White,Male,No,4,S36,Quiet,0
P006,31,White,Male,No,5,S18,Moderate_Noise,0
P006,31,White,Male,No,6,S12,Moderate_Noise,0
P006,31,White,Male,No,7,S07,Heavy_Noise,1
P006,31,White,Male,No,8,S33,Heavy_Noise,0
P006,31,White,Male,No,9,S28,Quiet,0
P006,31,White,Male,No,10,S32,Moderate_Noise,0
P006,31,White,Male,No,11,S02,Moderate_Noise,1
P006,31,White,Male,No,12,S24,Moderate_Noise,0
P006,31,White,Male,No,13,S05,Heavy_Noise,0
P006,31,White,Male,No,14,S33,Quiet,1
P006,31,White,Male,No,15,S15,Heavy_Noise,0
P006,31,White,Male,No,16,S21,Heavy_Noise,0
P006,31,White,Male,No,17,S31,Quiet,1
P006,31,White,Male,No,18,S31,Heavy_Noise,0
P006,31,White,Male,No,19,S31,Moderate_Noise,0
P006,31,White,Male,No,20,S19,Heavy_Noise,0
P006,31,White,Male,No,21,S19,Moderate_Noise,0
P006,31,White,Male,No,22,S34,Quiet,0
P006,31,White,Male,No,23,S20,Quiet,0
P006,31,White,Male,No,24,S13,Moderate_Noise,0
P006,31,White,Male,No,25,S22,Heavy_Noise,0
P006,31,White,Male,No,26,S22,Moderate_Noise,0
P006,31,White,Male,No,27,S01,Moderate_Noise,1
P006,31,White,Male,No,28,S08,Quiet,0
P006,31,White,Male,No,29,S19,Quiet,0
P006,31,White,Male,No,30,S09,Quiet,1
P006,31,White,Male,No,31,S17,Moderate_Noise,0
P006,31,White,Male,No,32,S29,Quiet,0
P006,31,White,Male,No,33,S01,Quiet,0
P006,31,White,Male,No,34,S29,Heavy_Noise,0
P006,31,White,Male,No,35,S35,Heavy_Noise,0
P006,31,White,Male,No,36,S23,Quiet,0
P006,31,White,Male,No,37,S33,Moderate_Noise,0
P006,31,White,Male,No,38,S30,Quiet,0
P006,31,White,Male,No,39,S08,Moderate_Noise,0
P006,31,White,Male,No,40,S10,Moderate_Noise,1
P006,31,White,Male,No,41,S35,Moderate_Noise,0
P006,31,White,Male,No,42,S04,Quiet,1
P006,31,White,Male,No,43,S13,Quiet,1
P006,31,White,Male,No,44,S03,Heavy_Noise,0
P006,31,White,Male,No,45,S03,Moderate_Noise,1
P006,31,White,Male,No,46,S36,Moderate_Noise,1
P006,31,White,Male,No,47,S06,Heavy_Noise,0
P006,31,White,Male,No,48,S14,Moderate_Noise,0
P006,31,White,Male,No,49,S17,Heavy_Noise,0
P006,31,White,Male,No,50,S26,Quiet,0
P006,31,White,Male,No,51,S04,Heavy_Noise,0
P006,31,White,Male,No,52,S23,Moderate_Noise,1
P006,31,White,Male,No,53,S09,Moderate_Noise,1
P006,31,White,Male,No,54,S32,Heavy_Noise,0
P006,31,White,Male,No,55,S29,Moderate_Noise,0
P006,31,White,Male,No,56,S11,Heavy_Noise,0
P006,31,White,Male,No,57,S26,Moderate_Noise,1
P006,31,White,Male,No,58,S27,Heavy_Noise,1
P006,31,White,Male,No,59,S05,Quiet,0
P006,31,White,Male,No,60,S14,Heavy_Noise,0
P006,31,White,Male,No,61,S18,Heavy_Noise,0
P006,31,White,Male,No,62,S17,Quiet,0
P006,31,White,Male,No,63,S16,Quiet,0
P006,31,White,Male,No,64,S05,Moderate_Noise,0
P006,31,White,Male,No,65,S09,Heavy_Noise,0
P006,31,White,Male,No,66,S25,Quiet,1
P006,31,White,Male,No,67,S15,Moderate_Noise,0
P006,31,White,Male,No,68,S35,Quiet,0
P006,31,White,Male,No,69,S12,Heavy_Noise,0
P006,31,White,Male,No,70,S34,Heavy_Noise,0
P006,31,White,Male,No,71,S25,Heavy_Noise,0
P006,31,White,Male,No,72,S30,Moderate_Noise,0
P006,31,White,Male,No,73,S16,Heavy_Noise,0
P006,31,White,Male,No,74,S12,Quiet,0
P006,31,White,Male,No,75,S06,Moderate_Noise,0
P006,31,White,Male,No,76,S03,Quiet,0
P006,31,White,Male,No,77,S11,Quiet,0
P006,31,White,Male,No,78,S16,Moderate_Noise,0
P006,31,White,Male,No,79,S07,Quiet,1
P006,31,White,Male,No,80,S24,Heavy_Noise,0
P006,31,White,Male,No,81,S21,Quiet,0
P006,31,White,Male,No,82,S34,Moderate_Noise,0
P006,31,White,Male,No,83,S11,Moderate_Noise,0
P006,31,White,Male,No,84,S32,Quiet,1
P006,31,White,Male,No,85,S24,Quiet,1
P006,31,White,Male,No,86,S36,Heavy_Noise,0
P006,31,White,Male,No,87,S28,Heavy_Noise,0
P006,31,White,Male,No,88,S02,Heavy_Noise,0
P006,31,White,Male,No,89,S30,Heavy_Noise,0
P006,31,White,Male,No,90,S07,Moderate_Noise,0
P006,31,White,Male,No,91,S23,Heavy_Noise,0
P006,31,White,Male,No,92,S20,Moderate_Noise,0
P006,31,White,Male,No,93,S18,Quiet,0
P006,31,White,Male,No,94,S04,Moderate_Noise,1
P006,31,White,Male,No,95,S13,Heavy_Noise,0
P006,31,White,Male,No,96,S08,Heavy_Noise,0
P006,31,White,Male,No,97,S28,Moderate_Noise,0
P006,31,White,Male,No,98,S01,Heavy_Noise,0
P006,31,White,Male,No,99,S02,Quiet,1
P006,31,White,Male,No,100,S26,Heavy_Noise,0
P006,31,White,Male,No,101,S27,Moderate_Noise,1
P006,31,White,Male,No,102,S10,Quiet,1
P006,31,White,Male,No,103,S21,Moderate_Noise,0
P006,31,White,Male,No,104,S22,Quiet,0
P006,31,White,Male,No,105,S10,Heavy_Noise,0
P006,31,White,Male,No,106,S25,Moderate_Noise,1
P006,31,White,Male,No,107,S15,Quiet,1
P006,31,White,Male,No,108,S20,Heavy_Noise,0
P007,45,White,Male,No,1,S32,Quiet,1
P007,45,White,Male,No,2,S17,Heavy_Noise,1
P007,45,White,Male,No,3,S01,Heavy_Noise,1
P007,45,White,Male,No,4,S12,Heavy_Noise,1
P007,45,White,Male,No,5,S26,Moderate_Noise,0
P007,45,White,Male,No,6,S13,Moderate_Noise,1
P007,45,White,Male,No,7,S32,Heavy_Noise,0
P007,45,White,Male,No,8,S11,Moderate_Noise,0
P007,45,White,Male,No,9,S03,Quiet,1
P007,45,White,Male,No,10,S30,Moderate_Noise,1
P007,45,White,Male,No,11,S35,Moderate_Noise,1
P007,45,White,Male,No,12,S31,Quiet,1
P007,45,White,Male,No,13,S22,Quiet,1
P007,45,White,Male,No,14,S14,Heavy_Noise,0
P007,45,White,Male,No,15,S19,Moderate_Noise,0
P007,45,White,Male,No,16,S29,Heavy_Noise,0
P007,45,White,Male,No,17,S24,Moderate_Noise,1
P007,45,White,Male,No,18,S25,Heavy_Noise,1
P007,45,White,Male,No,19,S18,Quiet,0
P007,45,White,Male,No,20,S02,Moderate_Noise,1
P007,45,White,Male,No,21,S21,Moderate_Noise,1
P007,45,White,Male,No,22,S34,Moderate_Noise,1
P007,45,White,Male,No,23,S19,Heavy_Noise,0
P007,45,White,Male,No,24,S03,Heavy_Noise,1
P007,45,White,Male,No,25,S06,Heavy_Noise,0
P007,45,White,Male,No,26,S02,Heavy_Noise,0
P007,45,White,Male,No,27,S36,Quiet,0
P007,45,White,Male,No,28,S26,Heavy_Noise,0
P007,45,White,Male,No,29,S30,Quiet,1
P007,45,White,Male,No,30,S36,Moderate_Noise,0
P007,45,White,Male,No,31,S16,Heavy_Noise,1
P007,45,White,Male,No,32,S01,Moderate_Noise,1
P007,45,White,Male,No,33,S22,Moderate_Noise,1
P007,45,White,Male,No,34,S35,Heavy_Noise,1
P007,45,White,Male,No,35,S25,Moderate_Noise,0
P007,45,White,Male,No,36,S18,Heavy_Noise,0
P007,45,White,Male,No,37,S23,Quiet,1
P007,45,White,Male,No,38,S31,Heavy_Noise,0
P007,45,White,Male,No,39,S01,Quiet,1
P007,45,White,Male,No,40,S08,Moderate_Noise,0
P007,45,White,Male,No,41,S27,Quiet,0
P007,45,White,Male,No,42,S23,Moderate_Noise,1
P007,45,White,Male,No,43,S25,Quiet,1
P007,45,White,Male,No,44,S05,Quiet,1
P007,45,White,Male,No,45,S29,Moderate_Noise,1
P007,45,White,Male,No,46,S22,Heavy_Noise,1
P007,45,White,Male,No,47,S10,Heavy_Noise,1
P007,45,White,Male,No,48,S19,Quiet,1
P007,45,White,Male,No,49,S34,Quiet,1
P007,45,White,Male,No,50,S34,Heavy_Noise,0
P007,45,White,Male,No,51,S11,Quiet,0
P007,45,White,Male,No,52,S20,Heavy_Noise,0
P007,45,White,Male,No,53,S33,Moderate_Noise,1
P007,45,White,Male,No,54,S07,Moderate_Noise,0
P007,45,White,Male,No,55,S31,Moderate_Noise,1
P007,45,White,Male,No,56,S27,Heavy_Noise,0
P007,45,White,Male,No,57,S17,Quiet,0
P007,45,White,Male,No,58,S09,Quiet,1
P007,45,White,Male,No,59,S09,Heavy_Noise,0
P007,45,White,Male,No,60,S35,Quiet,0
P007,45,White,Male,No,61,S28,Quiet,1
P007,45,White,Male,No,62,S26,Quiet,0
P007,45,White,Male,No,63,S23,Heavy_Noise,1
P007,45,White,Male,No,64,S16,Moderate_Noise,1
P007,45,White,Male,No,65,S14,Moderate_Noise,0
P007,45,White,Male,No,66,S05,Moderate_Noise,1
P007,45,White,Male,No,67,S10,Quiet,1
P007,45,White,Male,No,68,S20,Moderate_Noise,0
P007,45,White,Male,No,69,S30,Heavy_Noise,0
P007,45,White,Male,No,70,S33,Quiet,0
P007,45,White,Male,No,71,S28,Heavy_Noise,0
P007,45,White,Male,No,72,S21,Heavy_Noise,1
P007,45,White,Male,No,73,S10,Moderate_Noise,1
P007,45,White,Male,No,74,S20,Quiet,1
P007,45,White,Male,No,75,S15,Heavy_Noise,1
P007,45,White,Male,No,76,S15,Quiet,1
P007,45,White,Male,No,77,S16,Quiet,1
P007,45,White,Male,No,78,S04,Moderate_Noise,1
P007,45,White,Male,No,79,S21,Quiet,1
P007,45,White,Male,No,80,S03,Moderate_Noise,1
P007,45,White,Male,No,81,S06,Quiet,1
P007,45,White,Male,No,82,S24,Heavy_Noise,0
P007,45,White,Male,No,83,S29,Quiet,1
P007,45,White,Male,No,84,S24,Quiet,1
P007,45,White,Male,No,85,S07,Heavy_Noise,1
P007,45,White,Male,No,86,S04,Quiet,1
P007,45,White,Male,No,87,S17,Moderate_Noise,1
P007,45,White,Male,No,88,S13,Quiet,1
P007,45,White,Male,No,89,S13,Heavy_Noise,0
P007,45,White,Male,No,90,S32,Moderate_Noise,1
P007,45,White,Male,No,91,S06,Moderate_Noise,1
P007,45,White,Male,No,92,S02,Quiet,1
P007,45,White,Male,No,93,S11,Heavy_Noise,0
P007,45,White,Male,No,94,S08,Quiet,1
P007,45,White,Male,No,95,S09,Moderate_Noise,1
P007,45,White,Male,No,96,S36,Heavy_Noise,0
P007,45,White,Male,No,97,S18,Moderate_Noise,0
P007,45,White,Male,No,98,S15,Moderate_Noise,1
P007,45,White,Male,No,99,S33,Heavy_Noise,0
P007,45,White,Male,No,100,S12,Quiet,1
P007,45,White,Male,No,101,S28,Moderate_Noise,0
P007,45,White,Male,No,102,S07,Quiet,1
P007,45,White,Male,No,103,S05,Heavy_Noise,1
P007,45,White,Male,No,104,S04,Heavy_Noise,1
P007,45,White,Male,No,105,S14,Quiet,0
P007,45,White,Male,No,106,S12,Moderate_Noise,1
P007,45,White,Male,No,107,S27,Moderate_Noise,0
P007,45,White,Male,No,108,S08,Heavy_Noise,1
P008,37,Black or African American,Female,Yes,1,S04,Moderate_Noise,1
P008,37,Black or African American,Female,Yes,2,S01,Heavy_Noise,1
P008,37,Black or African American,Female,Yes,3,S28,Quiet,1
P008,37,Black or African American,Female,Yes,4,S19,Quiet,1
P008,37,Black or African American,Female,Yes,5,S18,Heavy_Noise,0
P008,37,Black or African American,Female,Yes,6,S16,Heavy_Noise,1
P008,37,Black or African American,Female,Yes,7,S22,Moderate_Noise,1
P008,37,Black or African American,Female,Yes,8,S03,Quiet,1
P008,37,Black or African American,Female,Yes,9,S32,Heavy_Noise,1
P008,37,Black or African American,Female,Yes,10,S30,Moderate_Noise,1
P008,37,Black or African American,Female,Yes,11,S31,Quiet,1
P008,37,Black or African American,Female,Yes,12,S05,Moderate_Noise,1
P008,37,Black or African American,Female,Yes,13,S11,Quiet,1
P008,37,Black or African American,Female,Yes,14,S33,Heavy_Noise,0
P008,37,Black or African American,Female,Yes,15,S24,Moderate_Noise,0
P008,37,Black or African American,Female,Yes,16,S36,Quiet,1
P008,37,Black or African American,Female,Yes,17,S10,Heavy_Noise,1
P008,37,Black or African American,Female,Yes,18,S31,Moderate_Noise,1
P008,37,Black or African American,Female,Yes,19,S10,Quiet,1
P008,37,Black or African American,Female,Yes,20,S27,Quiet,1
P008,37,Black or African American,Female,Yes,21,S15,Quiet,1
P008,37,Black or African American,Female,Yes,22,S29,Moderate_Noise,1
P008,37,Black or African American,Female,Yes,23,S13,Moderate_Noise,0
P008,37,Black or African American,Female,Yes,24,S22,Quiet,1
P008,37,Black or African American,Female,Yes,25,S36,Heavy_Noise,1
P008,37,Black or African American,Female,Yes,26,S16,Quiet,1
P008,37,Black or African American,Female,Yes,27,S17,Quiet,1
P008,37,Black or African American,Female,Yes,28,S25,Moderate_Noise,1
P008,37,Black or African American,Female,Yes,29,S36,Moderate_Noise,0
P008,37,Black or African American,Female,Yes,30,S10,Moderate_Noise,1
P008,37,Black or African American,Female,Yes,31,S15,Heavy_Noise,1
P008,37,Black or African American,Female,Yes,32,S13,Quiet,1
P008,37,Black or African American,Female,Yes,33,S14,Moderate_Noise,1
P008,37,Black or African American,Female,Yes,34,S04,Quiet,1
P008,37,Black or African American,Female,Yes,35,S28,Heavy_Noise,1
P008,37,Black or African American,Female,Yes,36,S04,Heavy_Noise,1
P008,37,Black or African American,Female,Yes,37,S01,Quiet,1
P008,37,Black or African American,Female,Yes,38,S31,Heavy_Noise,1
P008,37,Black or African American,Female,Yes,39,S24,Heavy_Noise,0
P008,37,Black or African American,Female,Yes,40,S33,Moderate_Noise,1
P008,37,Black or African American,Female,Yes,41,S09,Heavy_Noise,1
P008,37,Black or African American,Female,Yes,42,S18,Quiet,1
P008,37,Black or African American,Female,Yes,43,S19,Moderate_Noise,1
P008,37,Black or African American,Female,Yes,44,S34,Quiet,1
P008,37,Black or African American,Female,Yes,45,S25,Heavy_Noise,1
P008,37,Black or African American,Female,Yes,46,S07,Heavy_Noise,1
P008,37,Black or African American,Female,Yes,47,S11,Moderate_Noise,1
P008,37,Black or African American,Female,Yes,48,S02,Heavy_Noise,0
P008,37,Black or African American,Female,Yes,49,S23,Quiet,1
P008,37,Black or African American,Female,Yes,50,S21,Quiet,1
P008,37,Black or African American,Female,Yes,51,S27,Heavy_Noise,1
P008,37,Black or African American,Female,Yes,52,S17,Heavy_Noise,1
P008,37,Black or African American,Female,Yes,53,S25,Quiet,0
P008,37,Black or African American,Female,Yes,54,S32,Moderate_Noise,0
P008,37,Black or African American,Female,Yes,55,S03,Moderate_Noise,1
P008,37,Black or African American,Female,Yes,56,S24,Quiet,1
P008,37,Black or African American,Female,Yes,57,S05,Heavy_Noise,1
P008,37,Black or African American,Female,Yes,58,S34,Heavy_Noise,0
P008,37,Black or African American,Female,Yes,59,S18,Moderate_Noise,1
P008,37,Black or African American,Female,Yes,60,S05,Quiet,1
P008,37,Black or African American,Female,Yes,61,S21,Heavy_Noise,1
P008,37,Black or African American,Female,Yes,62,S12,Moderate_Noise,1
P008,37,Black or African American,Female,Yes,63,S06,Moderate_Noise,0
P008,37,Black or African American,Female,Yes,64,S26,Quiet,0
P008,37,Black or African American,Female,Yes,65,S03,Heavy_Noise,1
P008,37,Black or African American,Female,Yes,66,S08,Quiet,1
P008,37,Black or African American,Female,Yes,67,S01,Moderate_Noise,1
P008,37,Black or African American,Female,Yes,68,S08,Heavy_Noise,0
P008,37,Black or African American,Female,Yes,69,S30,Heavy_Noise,1
P008,37,Black or African American,Female,Yes,70,S26,Heavy_Noise,0
P008,37,Black or African American,Female,Yes,71,S35,Heavy_Noise,1
P008,37,Black or African American,Female,Yes,72,S32,Quiet,1
P008,37,Black or African American,Female,Yes,73,S22,Heavy_Noise,1
P008,37,Black or African American,Female,Yes,74,S14,Heavy_Noise,1
P008,37,Black or African American,Female,Yes,75,S26,Moderate_Noise,1
P008,37,Black or African American,Female,Yes,76,S30,Quiet,1
P008,37,Black or African American,Female,Yes,77,S21,Moderate_Noise,0
P008,37,Black or African American,Female,Yes,78,S07,Quiet,1
P008,37,Black or African American,Female,Yes,79,S06,Heavy_Noise,0
P008,37,Black or African American,Female,Yes,80,S06,Quiet,1
P008,37,Black or African American,Female,Yes,81,S28,Moderate_Noise,1
P008,37,Black or African American,Female,Yes,82,S20,Moderate_Noise,1
P008,37,Black or African American,Female,Yes,83,S35,Moderate_Noise,1
P008,37,Black or African American,Female,Yes,84,S35,Quiet,1
P008,37,Black or African American,Female,Yes,85,S20,Heavy_Noise,1
P008,37,Black or African American,Female,Yes,86,S34,Moderate_Noise,1
P008,37,Black or African American,Female,Yes,87,S02,Moderate_Noise,1
P008,37,Black or African American,Female,Yes,88,S07,Moderate_Noise,1
P008,37,Black or African American,Female,Yes,89,S14,Quiet,1
P008,37,Black or African American,Female,Yes,90,S29,Heavy_Noise,0
P008,37,Black or African American,Female,Yes,91,S20,Quiet,1
P008,37,Black or African American,Female,Yes,92,S33,Quiet,1
P008,37,Black or African American,Female,Yes,93,S23,Moderate_Noise,1
P008,37,Black or African American,Female,Yes,94,S19,Heavy_Noise,0
P008,37,Black or African American,Female,Yes,95,S13,Heavy_Noise,1
P008,37,Black or African American,Female,Yes,96,S12,Quiet,1
P008,37,Black or African American,Female,Yes,97,S15,Moderate_Noise,1
P008,37,Black or African American,Female,Yes,98,S11,Heavy_Noise,0
P008,37,Black or African American,Female,Yes,99,S09,Moderate_Noise,1
P008,37,Black or African American,Female,Yes,100,S27,Moderate_Noise,1
P008,37,Black or African American,Female,Yes,101,S08,Moderate_Noise,0
P008,37,Black or African American,Female,Yes,102,S12,Heavy_Noise,1
P008,37,Black or African American,Female,Yes,103,S23,Heavy_Noise,1
P008,37,Black or African American,Female,Yes,104,S16,Moderate_Noise,1
P008,37,Black or African American,Female,Yes,105,S29,Quiet,1
P008,37,Black or African American,Female,Yes,106,S02,Quiet,1
P008,37,Black or African American,Female,Yes,107,S09,Quiet,1
P008,37,Black or African American,Female,Yes,108,S17,Moderate_Noise,0
P009,48,Asian,Male,No,1,S22,Moderate_Noise,1
P009,48,Asian,Male,No,2,S08,Moderate_Noise,0
P009,48,Asian,Male,No,3,S24,Quiet,0
P009,48,Asian,Male,No,4,S16,Heavy_Noise,0
P009,48,Asian,Male,No,5,S30,Quiet,1
P009,48,Asian,Male,No,6,S35,Moderate_Noise,1
P009,48,Asian,Male,No,7,S29,Heavy_Noise,0
P009,48,Asian,Male,No,8,S32,Quiet,1
P009,48,Asian,Male,No,9,S15,Moderate_Noise,1
P009,48,Asian,Male,No,10,S06,Heavy_Noise,0
P009,48,Asian,Male,No,11,S31,Moderate_Noise,0
P009,48,Asian,Male,No,12,S08,Heavy_Noise,0
P009,48,Asian,Male,No,13,S15,Heavy_Noise,1
P009,48,Asian,Male,No,14,S03,Heavy_Noise,0
P009,48,Asian,Male,No,15,S29,Quiet,1
P009,48,Asian,Male,No,16,S23,Moderate_Noise,1
P009,48,Asian,Male,No,17,S27,Moderate_Noise,1
P009,48,Asian,Male,No,18,S26,Heavy_Noise,1
P009,48,Asian,Male,No,19,S19,Quiet,1
P009,48,Asian,Male,No,20,S18,Quiet,1
P009,48,Asian,Male,No,21,S12,Moderate_Noise,1
P009,48,Asian,Male,No,22,S22,Heavy_Noise,0
P009,48,Asian,Male,No,23,S21,Moderate_Noise,1
P009,48,Asian,Male,No,24,S09,Heavy_Noise,0
P009,48,Asian,Male,No,25,S01,Heavy_Noise,1
P009,48,Asian,Male,No,26,S01,Moderate_Noise,1
P009,48,Asian,Male,No,27,S32,Heavy_Noise,1
P009,48,Asian,Male,No,28,S04,Moderate_Noise,1
P009,48,Asian,Male,No,29,S26,Quiet,1
P009,48,Asian,Male,No,30,S35,Heavy_Noise,1
P009,48,Asian,Male,No,31,S07,Quiet,1
P009,48,Asian,Male,No,32,S08,Quiet,0
P009,48,Asian,Male,No,33,S09,Moderate_Noise,1
P009,48,Asian,Male,No,34,S24,Heavy_Noise,1
P009,48,Asian,Male,No,35,S07,Heavy_Noise,1
P009,48,Asian,Male,No,36,S17,Quiet,1
P009,48,Asian,Male,No,37,S13,Heavy_Noise,0
P009,48,Asian,Male,No,38,S25,Heavy_Noise,1
P009,48,Asian,Male,No,39,S05,Moderate_Noise,1
P009,48,Asian,Male,No,40,S30,Heavy_Noise,0
P009,48,Asian,Male,No,41,S11,Moderate_Noise,1
P009,48,Asian,Male,No,42,S14,Quiet,1
P009,48,Asian,Male,No,43,S14,Heavy_Noise,0
P009,48,Asian,Male,No,44,S34,Quiet,1
P009,48,Asian,Male,No,45,S32,Moderate_Noise,1
P009,48,Asian,Male,No,46,S22,Quiet,0
P009,48,Asian,Male,No,47,S28,Moderate_Noise,0
P009,48,Asian,Male,No,48,S02,Moderate_Noise,0
P009,48,Asian,Male,No,49,S10,Quiet,0
P009,48,Asian,Male,No,50,S31,Quiet,1
P009,48,Asian,Male,No,51,S04,Quiet,1
P009,48,Asian,Male,No,52,S28,Quiet,1
P009,48,Asian,Male,No,53,S14,Moderate_Noise,1
P009,48,Asian,Male,No,54,S02,Heavy_Noise,0
P009,48,Asian,Male,No,55,S01,Quiet,1
P009,48,Asian,Male,No,56,S02,Quiet,1
P009,48,Asian,Male,No,57,S35,Quiet,1
P009,48,Asian,Male,No,58,S33,Heavy_Noise,0
P009,48,Asian,Male,No,59,S20,Heavy_Noise,1
P009,48,Asian,Male,No,60,S18,Heavy_Noise,0
P009,48,Asian,Male,No,61,S23,Quiet,1
P009,48,Asian,Male,No,62,S21,Heavy_Noise,1
P009,48,Asian,Male,No,63,S23,Heavy_Noise,0
P009,48,Asian,Male,No,64,S17,Heavy_Noise,0
P009,48,Asian,Male,No,65,S07,Moderate_Noise,1
P009,48,Asian,Male,No,66,S27,Heavy_Noise,0
P009,48,Asian,Male,No,67,S25,Moderate_Noise,0
P009,48,Asian,Male,No,68,S10,Moderate_Noise,0
P009,48,Asian,Male,No,69,S27,Quiet,1
P009,48,Asian,Male,No,70,S13,Moderate_Noise,1
P009,48,Asian,Male,No,71,S31,Heavy_Noise,1
P009,48,Asian,Male,No,72,S03,Quiet,0
P009,48,Asian,Male,No,73,S18,Moderate_Noise,0
P009,48,Asian,Male,No,74,S36,Quiet,1
P009,48,Asian,Male,No,75,S10,Heavy_Noise,0
P009,48,Asian,Male,No,76,S12,Quiet,1
P009,48,Asian,Male,No,77,S13,Quiet,0
P009,48,Asian,Male,No,78,S17,Moderate_Noise,0
P009,48,Asian,Male,No,79,S12,Heavy_Noise,0
P009,48,Asian,Male,No,80,S20,Moderate_Noise,1
P009,48,Asian,Male,No,81,S19,Moderate_Noise,0
P009,48,Asian,Male,No,82,S11,Quiet,1
P009,48,Asian,Male,No,83,S25,Quiet,1
P009,48,Asian,Male,No,84,S36,Moderate_Noise,1
P009,48,Asian,Male,No,85,S06,Moderate_Noise,0
P009,48,Asian,Male,No,86,S03,Moderate_Noise,0
P009,48,Asian,Male,No,87,S36,Heavy_Noise,0
P009,48,Asian,Male,No,88,S24,Moderate_Noise,1
P009,48,Asian,Male,No,89,S15,Quiet,1
P009,48,Asian,Male,No,90,S16,Quiet,1
P009,48,Asian,Male,No,91,S30,Moderate_Noise,0
P009,48,Asian,Male,No,92,S20,Quiet,1
P009,48,Asian,Male,No,93,S26,Moderate_Noise,1
P009,48,Asian,Male,No,94,S19,Heavy_Noise,1
P009,48,Asian,Male,No,95,S06,Quiet,1
P009,48,Asian,Male,No,96,S34,Heavy_Noise,0
P009,48,Asian,Male,No,97,S05,Quiet,1
P009,48,Asian,Male,No,98,S29,Moderate_Noise,1
P009,48,Asian,Male,No,99,S09,Quiet,1
P009,48,Asian,Male,No,100,S33,Moderate_Noise,0
P009,48,Asian,Male,No,101,S16,Moderate_Noise,0
P009,48,Asian,Male,No,102,S04,Heavy_Noise,1
P009,48,Asian,Male,No,103,S33,Quiet,0
P009,48,Asian,Male,No,104,S11,Heavy_Noise,1
P009,48,Asian,Male,No,105,S05,Heavy_Noise,1
P009,48,Asian,Male,No,106,S21,Quiet,1
P009,48,Asian,Male,No,107,S34,Moderate_Noise,1
P009,48,Asian,Male,No,108,S28,Heavy_Noise,0
P010,18,White,Male,Yes,1,S19,Quiet,1
P010,18,White,Male,Yes,2,S23,Quiet,1
P010,18,White,Male,Yes,3,S15,Moderate_Noise,1
P010,18,White,Male,Yes,4,S20,Moderate_Noise,0
P010,18,White,Male,Yes,5,S12,Heavy_Noise,1
P010,18,White,Male,Yes,6,S13,Heavy_Noise,0
P010,18,White,Male,Yes,7,S02,Heavy_Noise,1
P010,18,White,Male,Yes,8,S35,Moderate_Noise,1
P010,18,White,Male,Yes,9,S26,Quiet,1
P010,18,White,Male,Yes,10,S08,Quiet,1
P010,18,White,Male,Yes,11,S14,Moderate_Noise,1
P010,18,White,Male,Yes,12,S35,Quiet,1
P010,18,White,Male,Yes,13,S09,Heavy_Noise,0
P010,18,White,Male,Yes,14,S27,Moderate_Noise,1
P010,18,White,Male,Yes,15,S31,Heavy_Noise,1
P010,18,White,Male,Yes,16,S31,Quiet,1
P010,18,White,Male,Yes,17,S28,Moderate_Noise,1
P010,18,White,Male,Yes,18,S07,Moderate_Noise,1
P010,18,White,Male,Yes,19,S04,Moderate_Noise,1
P010,18,White,Male,Yes,20,S16,Heavy_Noise,1
P010,18,White,Male,Yes,21,S21,Heavy_Noise,1
P010,18,White,Male,Yes,22,S28,Quiet,1
P010,18,White,Male,Yes,23,S05,Quiet,1
P010,18,White,Male,Yes,24,S22,Moderate_Noise,1
P010,18,White,Male,Yes,25,S27,Quiet,1
P010,18,White,Male,Yes,26,S26,Heavy_Noise,1
P010,18,White,Male,Yes,27,S08,Heavy_Noise,1
P010,18,White,Male,Yes,28,S30,Quiet,1
P010,18,White,Male,Yes,29,S01,Moderate_Noise,1
P010,18,White,Male,Yes,30,S25,Moderate_Noise,1
P010,18,White,Male,Yes,31,S35,Heavy_Noise,0
P010,18,White,Male,Yes,32,S09,Moderate_Noise,0
P010,18,White,Male,Yes,33,S06,Moderate_Noise,1
P010,18,White,Male,Yes,34,S23,Heavy_Noise,1
P010,18,White,Male,Yes,35,S27,Heavy_Noise,1
P010,18,White,Male,Yes,36,S10,Moderate_Noise,1
P010,18,White,Male,Yes,37,S34,Moderate_Noise,1
P010,18,White,Male,Yes,38,S05,Heavy_Noise,1
P010,18,White,Male,Yes,39,S19,Moderate_Noise,1
P010,18,White,Male,Yes,40,S34,Heavy_Noise,0
P010,18,White,Male,Yes,41,S02,Quiet,0
P010,18,White,Male,Yes,42,S18,Heavy_Noise,0
P010,18,White,Male,Yes,43,S07,Quiet,1
P010,18,White,Male,Yes,44,S11,Moderate_Noise,0
P010,18,White,Male,Yes,45,S34,Quiet,1
P010,18,White,Male,Yes,46,S18,Quiet,1
P010,18,White,Male,Yes,47,S04,Quiet,1
P010,18,White,Male,Yes,48,S03,Quiet,1
P010,18,White,Male,Yes,49,S29,Quiet,0
P010,18,White,Male,Yes,50,S36,Quiet,1
P010,18,White,Male,Yes,51,S26,Moderate_Noise,1
P010,18,White,Male,Yes,52,S02,Moderate_Noise,1
P010,18,White,Male,Yes,53,S24,Heavy_Noise,1
P010,18,White,Male,Yes,54,S07,Heavy_Noise,1
P010,18,White,Male,Yes,55,S03,Moderate_Noise,1
P010,18,White,Male,Yes,56,S17,Moderate_Noise,0
P010,18,White,Male,Yes,57,S18,Moderate_Noise,1
P010,18,White,Male,Yes,58,S16,Quiet,1
P010,18,White,Male,Yes,59,S10,Heavy_Noise,1
P010,18,White,Male,Yes,60,S32,Heavy_Noise,0
P010,18,White,Male,Yes,61,S16,Moderate_Noise,1
P010,18,White,Male,Yes,62,S33,Quiet,0
P010,18,White,Male,Yes,63,S36,Heavy_Noise,1
P010,18,White,Male,Yes,64,S12,Quiet,1
P010,18,White,Male,Yes,65,S20,Quiet,1
P010,18,White,Male,Yes,66,S03,Heavy_Noise,1
P010,18,White,Male,Yes,67,S12,Moderate_Noise,1
P010,18,White,Male,Yes,68,S14,Quiet,1
P010,18,White,Male,Yes,69,S33,Moderate_Noise,1
P010,18,White,Male,Yes,70,S21,Moderate_Noise,1
P010,18,White,Male,Yes,71,S24,Quiet,1
P010,18,White,Male,Yes,72,S10,Quiet,1
P010,18,White,Male,Yes,73,S23,Moderate_Noise,1
P010,18,White,Male,Yes,74,S21,Quiet,0
P010,18,White,Male,Yes,75,S25,Quiet,1
P010,18,White,Male,Yes,76,S15,Quiet,1
P010,18,White,Male,Yes,77,S32,Quiet,1
P010,18,White,Male,Yes,78,S06,Heavy_Noise,1
P010,18,White,Male,Yes,79,S30,Moderate_Noise,0
P010,18,White,Male,Yes,80,S17,Heavy_Noise,1
P010,18,White,Male,Yes,81,S08,Moderate_Noise,1
P010,18,White,Male,Yes,82,S29,Heavy_Noise,0
P010,18,White,Male,Yes,83,S06,Quiet,1
P010,18,White,Male,Yes,84,S32,Moderate_Noise,1
P010,18,White,Male,Yes,85,S15,Heavy_Noise,0
P010,18,White,Male,Yes,86,S25,Heavy_Noise,1
P010,18,White,Male,Yes,87,S30,Heavy_Noise,0
P010,18,White,Male,Yes,88,S28,Heavy_Noise,1
P010,18,White,Male,Yes,89,S24,Moderate_Noise,0
P010,18,White,Male,Yes,90,S29,Moderate_Noise,0
P010,18,White,Male,Yes,91,S33,Heavy_Noise,1
P010,18,White,Male,Yes,92,S13,Moderate_Noise,1
P010,18,White,Male,Yes,93,S13,Quiet,0
P010,18,White,Male,Yes,94,S09,Quiet,0
P010,18,White,Male,Yes,95,S22,Quiet,1
P010,18,White,Male,Yes,96,S04,Heavy_Noise,1
P010,18,White,Male,Yes,97,S01,Heavy_Noise,1
P010,18,White,Male,Yes,98,S14,Heavy_Noise,0
P010,18,White,Male,Yes,99,S11,Quiet,0
P010,18,White,Male,Yes,100,S36,Moderate_Noise,1
P010,18,White,Male,Yes,101,S01,Quiet,1
P010,18,White,Male,Yes,102,S31,Moderate_Noise,1
P010,18,White,Male,Yes,103,S17,Quiet,0
P010,18,White,Male,Yes,104,S05,Moderate_Noise,0
P010,18,White,Male,Yes,105,S11,Heavy_Noise,0
P010,18,White,Male,Yes,106,S22,Heavy_Noise,0
P010,18,White,Male,Yes,107,S20,Heavy_Noise,1
P010,18,White,Male,Yes,108,S19,Heavy_Noise,1
P011,58,Hispanic or Latino,Female,Yes,1,S32,Heavy_Noise,1
P011,58,Hispanic or Latino,Female,Yes,2,S18,Moderate_Noise,0
P011,58,Hispanic or Latino,Female,Yes,3,S31,Quiet,0
P011,58,Hispanic or Latino,Female,Yes,4,S36,Heavy_Noise,1
P011,58,Hispanic or Latino,Female,Yes,5,S23,Quiet,1
P011,58,Hispanic or Latino,Female,Yes,6,S11,Heavy_Noise,1
P011,58,Hispanic or Latino,Female,Yes,7,S23,Moderate_Noise,1
P011,58,Hispanic or Latino,Female,Yes,8,S19,Heavy_Noise,1
P011,58,Hispanic or Latino,Female,Yes,9,S22,Heavy_Noise,1
P011,58,Hispanic or Latino,Female,Yes,10,S17,Moderate_Noise,1
P011,58,Hispanic or Latino,Female,Yes,11,S05,Heavy_Noise,0
P011,58,Hispanic or Latino,Female,Yes,12,S20,Heavy_Noise,0
P011,58,Hispanic or Latino,Female,Yes,13,S22,Quiet,1
P011,58,Hispanic or Latino,Female,Yes,14,S04,Moderate_Noise,0
P011,58,Hispanic or Latino,Female,Yes,15,S33,Moderate_Noise,1
P011,58,Hispanic or Latino,Female,Yes,16,S20,Moderate_Noise,1
P011,58,Hispanic or Latino,Female,Yes,17,S09,Quiet,1
P011,58,Hispanic or Latino,Female,Yes,18,S34,Quiet,1
P011,58,Hispanic or Latino,Female,Yes,19,S02,Moderate_Noise,1
P011,58,Hispanic or Latino,Female,Yes,20,S34,Heavy_Noise,1
P011,58,Hispanic or Latino,Female,Yes,21,S28,Moderate_Noise,1
P011,58,Hispanic or Latino,Female,Yes,22,S02,Heavy_Noise,1
P011,58,Hispanic or Latino,Female,Yes,23,S18,Heavy_Noise,1
P011,58,Hispanic or Latino,Female,Yes,24,S27,Heavy_Noise,0
P011,58,Hispanic or Latino,Female,Yes,25,S29,Moderate_Noise,1
P011,58,Hispanic or Latino,Female,Yes,26,S25,Moderate_Noise,1
P011,58,Hispanic or Latino,Female,Yes,27,S14,Quiet,0
P011,58,Hispanic or Latino,Female,Yes,28,S27,Quiet,1
P011,58,Hispanic or Latino,Female,Yes,29,S19,Moderate_Noise,1
P011,58,Hispanic or Latino,Female,Yes,30,S05,Moderate_Noise,0
P011,58,Hispanic or Latino,Female,Yes,31,S06,Heavy_Noise,1
P011,58,Hispanic or Latino,Female,Yes,32,S25,Heavy_Noise,0
P011,58,Hispanic or Latino,Female,Yes,33,S23,Heavy_Noise,1
P011,58,Hispanic or Latino,Female,Yes,34,S25,Quiet,1
P011,58,Hispanic or Latino,Female,Yes,35,S24,Moderate_Noise,0
P011,58,Hispanic or Latino,Female,Yes,36,S09,Moderate_Noise,1
P011,58,Hispanic or Latino,Female,Yes,37,S07,Quiet,1
P011,58,Hispanic or Latino,Female,Yes,38,S26,Quiet,1
P011,58,Hispanic or Latino,Female,Yes,39,S11,Moderate_Noise,1
P011,58,Hispanic or Latino,Female,Yes,40,S05,Quiet,0
P011,58,Hispanic or Latino,Female,Yes,41,S20,Quiet,1
P011,58,Hispanic or Latino,Female,Yes,42,S02,Quiet,1
P011,58,Hispanic or Latino,Female,Yes,43,S32,Quiet,1
P011,58,Hispanic or Latino,Female,Yes,44,S08,Moderate_Noise,0
P011,58,Hispanic or Latino,Female,Yes,45,S36,Moderate_Noise,1
P011,58,Hispanic or Latino,Female,Yes,46,S03,Quiet,1
P011,58,Hispanic or Latino,Female,Yes,47,S31,Moderate_Noise,1
P011,58,Hispanic or Latino,Female,Yes,48,S08,Heavy_Noise,0
P011,58,Hispanic or Latino,Female,Yes,49,S06,Moderate_Noise,1
P011,58,Hispanic or Latino,Female,Yes,50,S30,Moderate_Noise,0
P011,58,Hispanic or Latino,Female,Yes,51,S33,Heavy_Noise,1
P011,58,Hispanic or Latino,Female,Yes,52,S17,Heavy_Noise,0
P011,58,Hispanic or Latino,Female,Yes,53,S34,Moderate_Noise,1
P011,58,Hispanic or Latino,Female,Yes,54,S29,Heavy_Noise,1
P011,58,Hispanic or Latino,Female,Yes,55,S33,Quiet,1
P011,58,Hispanic or Latino,Female,Yes,56,S15,Quiet,1
P011,58,Hispanic or Latino,Female,Yes,57,S35,Moderate_Noise,1
P011,58,Hispanic or Latino,Female,Yes,58,S11,Quiet,1
P011,58,Hispanic or Latino,Female,Yes,59,S01,Heavy_Noise,1
P011,58,Hispanic or Latino,Female,Yes,60,S16,Moderate_Noise,1
P011,58,Hispanic or Latino,Female,Yes,61,S17,Quiet,1
P011,58,Hispanic or Latino,Female,Yes,62,S04,Quiet,0
P011,58,Hispanic or Latino,Female,Yes,63,S13,Quiet,1
P011,58,Hispanic or Latino,Female,Yes,64,S21,Moderate_Noise,1
P011,58,Hispanic or Latino,Female,Yes,65,S16,Quiet,0
P011,58,Hispanic or Latino,Female,Yes,66,S16,Heavy_Noise,0
P011,58,Hispanic or Latino,Female,Yes,67,S22,Moderate_Noise,1
P011,58,Hispanic or Latino,Female,Yes,68,S30,Quiet,1
P011,58,Hispanic or Latino,Female,Yes,69,S03,Moderate_Noise,1
P011,58,Hispanic or Latino,Female,Yes,70,S35,Heavy_Noise,0
P011,58,Hispanic or Latino,Female,Yes,71,S12,Moderate_Noise,1
P011,58,Hispanic or Latino,Female,Yes,72,S14,Heavy_Noise,0
P011,58,Hispanic or Latino,Female,Yes,73,S24,Heavy_Noise,1
P011,58,Hispanic or Latino,Female,Yes,74,S36,Quiet,1
P011,58,Hispanic or Latino,Female,Yes,75,S32,Moderate_Noise,0
P011,58,Hispanic or Latino,Female,Yes,76,S01,Moderate_Noise,1
P011,58,Hispanic or Latino,Female,Yes,77,S35,Quiet,0
P011,58,Hispanic or Latino,Female,Yes,78,S12,Quiet,1
P011,58,Hispanic or Latino,Female,Yes,79,S26,Moderate_Noise,1
P011,58,Hispanic or Latino,Female,Yes,80,S18,Quiet,0
P011,58,Hispanic or Latino,Female,Yes,81,S01,Quiet,1
P011,58,Hispanic or Latino,Female,Yes,82,S15,Heavy_Noise,1
P011,58,Hispanic or Latino,Female,Yes,83,S24,Quiet,0
P011,58,Hispanic or Latino,Female,Yes,84,S12,Heavy_Noise,1
P011,58,Hispanic or Latino,Female,Yes,85,S10,Moderate_Noise,0
P011,58,Hispanic or Latino,Female,Yes,86,S07,Moderate_Noise,1
P011,58,Hispanic or Latino,Female,Yes,87,S27,Moderate_Noise,1
P011,58,Hispanic or Latino,Female,Yes,88,S26,Heavy_Noise,1
P011,58,Hispanic or Latino,Female,Yes,89,S07,Heavy_Noise,0
P011,58,Hispanic or Latino,Female,Yes,90,S21,Heavy_Noise,0
P011,58,Hispanic or Latino,Female,Yes,91,S19,Quiet,1
P011,58,Hispanic or Latino,Female,Yes,92,S10,Heavy_Noise,1
P011,58,Hispanic or Latino,Female,Yes,93,S10,Quiet,1
P011,58,Hispanic or Latino,Female,Yes,94,S06,Quiet,1
P011,58,Hispanic or Latino,Female,Yes,95,S28,Heavy_Noise,0
P011,58,Hispanic or Latino,Female,Yes,96,S15,Moderate_Noise,1
P011,58,Hispanic or Latino,Female,Yes,97,S13,Heavy_Noise,1
P011,58,Hispanic or Latino,Female,Yes,98,S04,Heavy_Noise,1
P011,58,Hispanic or Latino,Female,Yes,99,S09,Heavy_Noise,1
P011,58,Hispanic or Latino,Female,Yes,100,S08,Quiet,1
P011,58,Hispanic or Latino,Female,Yes,101,S31,Heavy_Noise,1
P011,58,Hispanic or Latino,Female,Yes,102,S29,Quiet,1
P011,58,Hispanic or Latino,Female,Yes,103,S21,Quiet,1
P011,58,Hispanic or Latino,Female,Yes,104,S28,Quiet,1
P011,58,Hispanic or Latino,Female,Yes,105,S13,Moderate_Noise,1
P011,58,Hispanic or Latino,Female,Yes,106,S14,Moderate_Noise,0
P011,58,Hispanic or Latino,Female,Yes,107,S30,Heavy_Noise,0
P011,58,Hispanic or Latino,Female,Yes,108,S03,Heavy_Noise,0
P012,37,White,Male,Yes,1,S10,Quiet,1
P012,37,White,Male,Yes,2,S19,Quiet,1
P012,37,White,Male,Yes,3,S21,Heavy_Noise,1
P012,37,White,Male,Yes,4,S24,Moderate_Noise,1
P012,37,White,Male,Yes,5,S35,Moderate_Noise,1
P012,37,White,Male,Yes,6,S20,Quiet,1
P012,37,White,Male,Yes,7,S27,Heavy_Noise,1
P012,37,White,Male,Yes,8,S30,Heavy_Noise,1
P012,37,White,Male,Yes,9,S31,Quiet,1
P012,37,White,Male,Yes,10,S22,Moderate_Noise,1
P012,37,White,Male,Yes,11,S08,Moderate_Noise,1
P012,37,White,Male,Yes,12,S18,Moderate_Noise,1
P012,37,White,Male,Yes,13,S07,Heavy_Noise,0
P012,37,White,Male,Yes,14,S32,Heavy_Noise,1
P012,37,White,Male,Yes,15,S21,Quiet,1
P012,37,White,Male,Yes,16,S13,Quiet,0
P012,37,White,Male,Yes,17,S16,Heavy_Noise,1
P012,37,White,Male,Yes,18,S30,Moderate_Noise,0
P012,37,White,Male,Yes,19,S34,Quiet,1
P012,37,White,Male,Yes,20,S09,Moderate_Noise,1
P012,37,White,Male,Yes,21,S19,Heavy_Noise,1
P012,37,White,Male,Yes,22,S15,Moderate_Noise,1
P012,37,White,Male,Yes,23,S12,Moderate_Noise,1
P012,37,White,Male,Yes,24,S25,Heavy_Noise,1
P012,37,White,Male,Yes,25,S12,Quiet,0
P012,37,White,Male,Yes,26,S36,Moderate_Noise,1
P012,37,White,Male,Yes,27,S17,Moderate_Noise,0
P012,37,White,Male,Yes,28,S10,Moderate_Noise,1
P012,37,White,Male,Yes,29,S12,Heavy_Noise,1
P012,37,White,Male,Yes,30,S14,Heavy_Noise,0
P012,37,White,Male,Yes,31,S04,Quiet,1
P012,37,White,Male,Yes,32,S01,Moderate_Noise,0
P012,37,White,Male,Yes,33,S24,Quiet,0
P012,37,White,Male,Yes,34,S28,Moderate_Noise,1
P012,37,White,Male,Yes,35,S17,Quiet,0
P012,37,White,Male,Yes,36,S22,Quiet,1
P012,37,White,Male,Yes,37,S36,Heavy_Noise,0
P012,37,White,Male,Yes,38,S31,Heavy_Noise,1
P012,37,White,Male,Yes,39,S32,Moderate_Noise,1
P012,37,White,Male,Yes,40,S29,Quiet,1
P012,37,White,Male,Yes,41,S11,Quiet,1
P012,37,White,Male,Yes,42,S13,Moderate_Noise,1
P012,37,White,Male,Yes,43,S24,Heavy_Noise,0
P012,37,White,Male,Yes,44,S13,Heavy_Noise,0
P012,37,White,Male,Yes,45,S08,Heavy_Noise,1
P012,37,White,Male,Yes,46,S04,Moderate_Noise,1
P012,37,White,Male,Yes,47,S07,Quiet,1
P012,37,White,Male,Yes,48,S25,Moderate_Noise,1
P012,37,White,Male,Yes,49,S05,Quiet,1
P012,37,White,Male,Yes,50,S01,Heavy_Noise,1
P012,37,White,Male,Yes,51,S16,Quiet,1
P012,37,White,Male,Yes,52,S03,Moderate_Noise,1
P012,37,White,Male,Yes,53,S33,Moderate_Noise,1
P012,37,White,Male,Yes,54,S11,Moderate_Noise,0
P012,37,White,Male,Yes,55,S22,Heavy_Noise,0
P012,37,White,Male,Yes,56,S34,Moderate_Noise,0
P012,37,White,Male,Yes,57,S26,Moderate_Noise,1
P012,37,White,Male,Yes,58,S35,Heavy_Noise,1
P012,37,White,Male,Yes,59,S23,Quiet,1
P012,37,White,Male,Yes,60,S31,Moderate_Noise,1
P012,37,White,Male,Yes,61,S09,Quiet,1
P012,37,White,Male,Yes,62,S02,Quiet,1
P012,37,White,Male,Yes,63,S05,Heavy_Noise,1
P012,37,White,Male,Yes,64,S26,Heavy_Noise,1
P012,37,White,Male,Yes,65,S03,Heavy_Noise,1
P012,37,White,Male,Yes,66,S18,Heavy_Noise,0
P012,37,White,Male,Yes,67,S10,Heavy_Noise,1
P012,37,White,Male,Yes,68,S06,Moderate_Noise,1
P012,37,White,Male,Yes,69,S26,Quiet,1
P012,37,White,Male,Yes,70,S28,Heavy_Noise,0
P012,37,White,Male,Yes,71,S06,Heavy_Noise,1
P012,37,White,Male,Yes,72,S30,Quiet,0
P012,37,White,Male,Yes,73,S25,Quiet,1
P012,37,White,Male,Yes,74,S14,Moderate_Noise,1
P012,37,White,Male,Yes,75,S20,Heavy_Noise,1
P012,37,White,Male,Yes,76,S14,Quiet,1
P012,37,White,Male,Yes,77,S28,Quiet,1
P012,37,White,Male,Yes,78,S01,Quiet,1
P012,37,White,Male,Yes,79,S34,Heavy_Noise,0
P012,37,White,Male,Yes,80,S04,Heavy_Noise,1
P012,37,White,Male,Yes,81,S23,Moderate_Noise,0
P012,37,White,Male,Yes,82,S07,Moderate_Noise,1
P012,37,White,Male,Yes,83,S19,Moderate_Noise,1
P012,37,White,Male,Yes,84,S06,Quiet,1
P012,37,White,Male,Yes,85,S02,Heavy_Noise,0
P012,37,White,Male,Yes,86,S36,Quiet,1
P012,37,White,Male,Yes,87,S33,Heavy_Noise,1
P012,37,White,Male,Yes,88,S17,Heavy_Noise,0
P012,37,White,Male,Yes,89,S29,Heavy_Noise,0
P012,37,White,Male,Yes,90,S15,Heavy_Noise,1
P012,37,White,Male,Yes,91,S21,Moderate_Noise,1
P012,37,White,Male,Yes,92,S05,Moderate_Noise,1
P012,37,White,Male,Yes,93,S03,Quiet,1
P012,37,White,Male,Yes,94,S27,Moderate_Noise,0
P012,37,White,Male,Yes,95,S08,Quiet,1
P012,37,White,Male,Yes,96,S18,Quiet,1
P012,37,White,Male,Yes,97,S16,Moderate_Noise,0
P012,37,White,Male,Yes,98,S23,Heavy_Noise,1
P012,37,White,Male,Yes,99,S09,Heavy_Noise,1
P012,37,White,Male,Yes,100,S27,Quiet,1
P012,37,White,Male,Yes,101,S33,Quiet,1
P012,37,White,Male,Yes,102,S29,Moderate_Noise,1
P012,37,White,Male,Yes,103,S02,Moderate_Noise,1
P012,37,White,Male,Yes,104,S11,Heavy_Noise,1
P012,37,White,Male,Yes,105,S35,Quiet,1
P012,37,White,Male,Yes,106,S32,Quiet,1
P012,37,White,Male,Yes,107,S15,Quiet,1
P012,37,White,Male,Yes,108,S20,Moderate_Noise,1
P013,47,White,Female,Yes,1,S19,Quiet,0
P013,47,White,Female,Yes,2,S29,Moderate_Noise,0
P013,47,White,Female,Yes,3,S36,Heavy_Noise,0
P013,47,White,Female,Yes,4,S17,Heavy_Noise,0
P013,47,White,Female,Yes,5,S13,Moderate_Noise,1
P013,47,White,Female,Yes,6,S06,Quiet,1
P013,47,White,Female,Yes,7,S04,Heavy_Noise,1
P013,47,White,Female,Yes,8,S29,Quiet,0
P013,47,White,Female,Yes,9,S25,Heavy_Noise,1
P013,47,White,Female,Yes,10,S28,Heavy_Noise,0
P013,47,White,Female,Yes,11,S12,Quiet,1
P013,47,White,Female,Yes,12,S13,Heavy_Noise,1
P013,47,White,Female,Yes,13,S25,Quiet,1
P013,47,White,Female,Yes,14,S20,Moderate_Noise,1
P013,47,White,Female,Yes,15,S32,Moderate_Noise,1
P013,47,White,Female,Yes,16,S10,Heavy_Noise,1
P013,47,White,Female,Yes,17,S01,Moderate_Noise,1
P013,47,White,Female,Yes,18,S03,Quiet,1
P013,47,White,Female,Yes,19,S24,Heavy_Noise,0
P013,47,White,Female,Yes,20,S02,Moderate_Noise,1
P013,47,White,Female,Yes,21,S05,Moderate_Noise,1
P013,47,White,Female,Yes,22,S01,Quiet,1
P013,47,White,Female,Yes,23,S26,Quiet,1
P013,47,White,Female,Yes,24,S20,Quiet,1
P013,47,White,Female,Yes,25,S35,Quiet,1
P013,47,White,Female,Yes,26,S06,Moderate_Noise,1
P013,47,White,Female,Yes,27,S30,Moderate_Noise,0
P013,47,White,Female,Yes,28,S16,Heavy_Noise,1
P013,47,White,Female,Yes,29,S26,Heavy_Noise,0
P013,47,White,Female,Yes,30,S07,Moderate_Noise,1
P013,47,White,Female,Yes,31,S10,Moderate_Noise,1
P013,47,White,Female,Yes,32,S05,Quiet,0
P013,47,White,Female,Yes,33,S01,Heavy_Noise,1
P013,47,White,Female,Yes,34,S33,Quiet,1
P013,47,White,Female,Yes,35,S36,Quiet,1
P013,47,White,Female,Yes,36,S07,Heavy_Noise,1
P013,47,White,Female,Yes,37,S29,Heavy_Noise,1
P013,47,White,Female,Yes,38,S11,Heavy_Noise,0
P013,47,White,Female,Yes,39,S17,Moderate_Noise,1
P013,47,White,Female,Yes,40,S19,Moderate_Noise,1
P013,47,White,Female,Yes,41,S11,Moderate_Noise,1
P013,47,White,Female,Yes,42,S08,Heavy_Noise,0
P013,47,White,Female,Yes,43,S31,Quiet,1
P013,47,White,Female,Yes,44,S20,Heavy_Noise,1
P013,47,White,Female,Yes,45,S09,Quiet,1
P013,47,White,Female,Yes,46,S07,Quiet,1
P013,47,White,Female,Yes,47,S08,Quiet,0
P013,47,White,Female,Yes,48,S35,Heavy_Noise,1
P013,47,White,Female,Yes,49,S26,Moderate_Noise,1
P013,47,White,Female,Yes,50,S27,Quiet,1
P013,47,White,Female,Yes,51,S03,Moderate_Noise,1
P013,47,White,Female,Yes,52,S14,Moderate_Noise,0
P013,47,White,Female,Yes,53,S34,Heavy_Noise,0
P013,47,White,Female,Yes,54,S09,Heavy_Noise,1
P013,47,White,Female,Yes,55,S15,Heavy_Noise,1
P013,47,White,Female,Yes,56,S23,Quiet,1
P013,47,White,Female,Yes,57,S14,Heavy_Noise,0
P013,47,White,Female,Yes,58,S15,Quiet,1
P013,47,White,Female,Yes,59,S18,Quiet,1
P013,47,White,Female,Yes,60,S30,Quiet,1
P013,47,White,Female,Yes,61,S21,Moderate_Noise,1
P013,47,White,Female,Yes,62,S22,Moderate_Noise,1
P013,47,White,Female,Yes,63,S28,Moderate_Noise,1
P013,47,White,Female,Yes,64,S13,Quiet,1
P013,47,White,Female,Yes,65,S18,Moderate_Noise,1
P013,47,White,Female,Yes,66,S23,Moderate_Noise,1
P013,47,White,Female,Yes,67,S32,Quiet,0
P013,47,White,Female,Yes,68,S28,Quiet,1
P013,47,White,Female,Yes,69,S33,Heavy_Noise,1
P013,47,White,Female,Yes,70,S36,Moderate_Noise,1
P013,47,White,Female,Yes,71,S31,Moderate_Noise,1
P013,47,White,Female,Yes,72,S15,Moderate_Noise,1
P013,47,White,Female,Yes,73,S08,Moderate_Noise,0
P013,47,White,Female,Yes,74,S16,Moderate_Noise,0
P013,47,White,Female,Yes,75,S02,Quiet,1
P013,47,White,Female,Yes,76,S25,Moderate_Noise,1
P013,47,White,Female,Yes,77,S34,Moderate_Noise,0
P013,47,White,Female,Yes,78,S19,Heavy_Noise,1
P013,47,White,Female,Yes,79,S30,Heavy_Noise,0
P013,47,White,Female,Yes,80,S27,Moderate_Noise,1
P013,47,White,Female,Yes,81,S35,Moderate_Noise,1
P013,47,White,Female,Yes,82,S24,Moderate_Noise,1
P013,47,White,Female,Yes,83,S17,Quiet,0
P013,47,White,Female,Yes,84,S22,Heavy_Noise,1
P013,47,White,Female,Yes,85,S04,Quiet,1
P013,47,White,Female,Yes,86,S27,Heavy_Noise,0
P013,47,White,Female,Yes,87,S09,Moderate_Noise,1
P013,47,White,Female,Yes,88,S11,Quiet,1
P013,47,White,Female,Yes,89,S31,Heavy_Noise,1
P013,47,White,Female,Yes,90,S32,Heavy_Noise,1
P013,47,White,Female,Yes,91,S05,Heavy_Noise,0
P013,47,White,Female,Yes,92,S06,Heavy_Noise,1
P013,47,White,Female,Yes,93,S02,Heavy_Noise,1
P013,47,White,Female,Yes,94,S24,Quiet,1
P013,47,White,Female,Yes,95,S10,Quiet,1
P013,47,White,Female,Yes,96,S12,Moderate_Noise,1
P013,47,White,Female,Yes,97,S04,Moderate_Noise,1
P013,47,White,Female,Yes,98,S03,Heavy_Noise,0
P013,47,White,Female,Yes,99,S23,Heavy_Noise,1
P013,47,White,Female,Yes,100,S12,Heavy_Noise,0
P013,47,White,Female,Yes,101,S21,Quiet,1
P013,47,White,Female,Yes,102,S33,Moderate_Noise,1
P013,47,White,Female,Yes,103,S14,Quiet,1
P013,47,White,Female,Yes,104,S16,Quiet,0
P013,47,White,Female,Yes,105,S34,Quiet,0
P013,47,White,Female,Yes,106,S21,Heavy_Noise,0
P013,47,White,Female,Yes,107,S18,Heavy_Noise,1
P013,47,White,Female,Yes,108,S22,Quiet,1
P014,36,White,Female,Yes,1,S07,Quiet,1
P014,36,White,Female,Yes,2,S03,Quiet,1
P014,36,White,Female,Yes,3,S18,Moderate_Noise,0
P014,36,White,Female,Yes,4,S10,Moderate_Noise,1
P014,36,White,Female,Yes,5,S24,Moderate_Noise,0
P014,36,White,Female,Yes,6,S26,Heavy_Noise,0
P014,36,White,Female,Yes,7,S15,Quiet,1
P014,36,White,Female,Yes,8,S21,Moderate_Noise,0
P014,36,White,Female,Yes,9,S31,Quiet,0
P014,36,White,Female,Yes,10,S22,Quiet,1
P014,36,White,Female,Yes,11,S28,Moderate_Noise,1
P014,36,White,Female,Yes,12,S28,Heavy_Noise,1
P014,36,White,Female,Yes,13,S21,Heavy_Noise,0
P014,36,White,Female,Yes,14,S27,Heavy_Noise,0
P014,36,White,Female,Yes,15,S25,Moderate_Noise,1
P014,36,White,Female,Yes,16,S24,Quiet,0
P014,36,White,Female,Yes,17,S30,Moderate_Noise,0
P014,36,White,Female,Yes,18,S16,Heavy_Noise,0
P014,36,White,Female,Yes,19,S19,Moderate_Noise,1
P014,36,White,Female,Yes,20,S08,Moderate_Noise,1
P014,36,White,Female,Yes,21,S11,Quiet,0
P014,36,White,Female,Yes,22,S30,Quiet,0
P014,36,White,Female,Yes,23,S07,Moderate_Noise,1
P014,36,White,Female,Yes,24,S36,Moderate_Noise,0
P014,36,White,Female,Yes,25,S06,Heavy_Noise,0
P014,36,White,Female,Yes,26,S05,Quiet,1
P014,36,White,Female,Yes,27,S06,Moderate_Noise,0
P014,36,White,Female,Yes,28,S27,Quiet,1
P014,36,White,Female,Yes,29,S22,Moderate_Noise,0
P014,36,White,Female,Yes,30,S13,Heavy_Noise,1
P014,36,White,Female,Yes,31,S08,Heavy_Noise,1
P014,36,White,Female,Yes,32,S17,Heavy_Noise,0
P014,36,White,Female,Yes,33,S21,Quiet,1
P014,36,White,Female,Yes,34,S04,Moderate_Noise,1
P014,36,White,Female,Yes,35,S11,Moderate_Noise,0
P014,36,White,Female,Yes,36,S11,Heavy_Noise,0
P014,36,White,Female,Yes,37,S32,Moderate_Noise,1
P014,36,White,Female,Yes,38,S02,Quiet,1
P014,36,White,Female,Yes,39,S02,Heavy_Noise,0
P014,36,White,Female,Yes,40,S23,Quiet,0
P014,36,White,Female,Yes,41,S29,Heavy_Noise,0
P014,36,White,Female,Yes,42,S15,Heavy_Noise,1
P014,36,White,Female,Yes,43,S26,Quiet,1
P014,36,White,Female,Yes,44,S03,Heavy_Noise,1
P014,36,White,Female,Yes,45,S35,Heavy_Noise,1
P014,36,White,Female,Yes,46,S32,Heavy_Noise,1
P014,36,White,Female,Yes,47,S33,Heavy_Noise,1
P014,36,White,Female,Yes,48,S22,Heavy_Noise,1
P014,36,White,Female,Yes,49,S29,Quiet,0
P014,36,White,Female,Yes,50,S09,Quiet,0
P014,36,White,Female,Yes,51,S10,Quiet,1
P014,36,White,Female,Yes,52,S18,Heavy_Noise,0
P014,36,White,Female,Yes,53,S01,Quiet,1
P014,36,White,Female,Yes,54,S13,Moderate_Noise,1
P014,36,White,Female,Yes,55,S04,Quiet,1
P014,36,White,Female,Yes,56,S09,Moderate_Noise,1
P014,36,White,Female,Yes,57,S14,Quiet,0
P014,36,White,Female,Yes,58,S05,Heavy_Noise,0
P014,36,White,Female,Yes,59,S24,Heavy_Noise,0
P014,36,White,Female,Yes,60,S12,Moderate_Noise,1
P014,36,White,Female,Yes,61,S30,Heavy_Noise,0
P014,36,White,Female,Yes,62,S10,Heavy_Noise,0
P014,36,White,Female,Yes,63,S03,Moderate_Noise,1
P014,36,White,Female,Yes,64,S01,Moderate_Noise,1
P014,36,White,Female,Yes,65,S17,Moderate_Noise,1
P014,36,White,Female,Yes,66,S35,Moderate_Noise,0
P014,36,White,Female,Yes,67,S17,Quiet,0
P014,36,White,Female,Yes,68,S18,Quiet,0
P014,36,White,Female,Yes,69,S19,Quiet,1
P014,36,White,Female,Yes,70,S36,Quiet,1
P014,36,White,Female,Yes,71,S02,Moderate_Noise,1
P014,36,White,Female,Yes,72,S12,Quiet,1
P014,36,White,Female,Yes,73,S16,Moderate_Noise,0
P014,36,White,Female,Yes,74,S12,Heavy_Noise,0
P014,36,White,Female,Yes,75,S05,Moderate_Noise,0
P014,36,White,Female,Yes,76,S04,Heavy_Noise,1
P014,36,White,Female,Yes,77,S26,Moderate_Noise,1
P014,36,White,Female,Yes,78,S33,Moderate_Noise,1
P014,36,White,Female,Yes,79,S27,Moderate_Noise,1
P014,36,White,Female,Yes,80,S34,Quiet,1
P014,36,White,Female,Yes,81,S09,Heavy_Noise,1
P014,36,White,Female,Yes,82,S33,Quiet,1
P014,36,White,Female,Yes,83,S25,Heavy_Noise,1
P014,36,White,Female,Yes,84,S23,Heavy_Noise,0
P014,36,White,Female,Yes,85,S25,Quiet,1
P014,36,White,Female,Yes,86,S20,Quiet,0
P014,36,White,Female,Yes,87,S01,Heavy_Noise,0
P014,36,White,Female,Yes,88,S31,Heavy_Noise,1
P014,36,White,Female,Yes,89,S19,Heavy_Noise,1
P014,36,White,Female,Yes,90,S14,Heavy_Noise,0
P014,36,White,Female,Yes,91,S32,Quiet,1
P014,36,White,Female,Yes,92,S34,Heavy_Noise,0
P014,36,White,Female,Yes,93,S35,Quiet,1
P014,36,White,Female,Yes,94,S06,Quiet,1
P014,36,White,Female,Yes,95,S13,Quiet,1
P014,36,White,Female,Yes,96,S31,Moderate_Noise,1
P014,36,White,Female,Yes,97,S15,Moderate_Noise,1
P014,36,White,Female,Yes,98,S07,Heavy_Noise,1
P014,36,White,Female,Yes,99,S16,Quiet,1
P014,36,White,Female,Yes,100,S20,Moderate_Noise,0
P014,36,White,Female,Yes,101,S29,Moderate_Noise,1
P014,36,White,Female,Yes,102,S36,Heavy_Noise,1
P014,36,White,Female,Yes,103,S23,Moderate_Noise,1
P014,36,White,Female,Yes,104,S34,Moderate_Noise,0
P014,36,White,Female,Yes,105,S14,Moderate_Noise,1
P014,36,White,Female,Yes,106,S28,Quiet,1
P014,36,White,Female,Yes,107,S08,Quiet,1
P014,36,White,Female,Yes,108,S20,Heavy_Noise,0
P015,33,White,Male,Yes,1,S04,Heavy_Noise,1
P015,33,White,Male,Yes,2,S36,Quiet,0
P015,33,White,Male,Yes,3,S15,Quiet,1
P015,33,White,Male,Yes,4,S30,Heavy_Noise,1
P015,33,White,Male,Yes,5,S09,Heavy_Noise,1
P015,33,White,Male,Yes,6,S01,Heavy_Noise,1
P015,33,White,Male,Yes,7,S32,Quiet,0
P015,33,White,Male,Yes,8,S22,Moderate_Noise,1
P015,33,White,Male,Yes,9,S23,Heavy_Noise,1
P015,33,White,Male,Yes,10,S22,Quiet,1
P015,33,White,Male,Yes,11,S09,Moderate_Noise,1
P015,33,White,Male,Yes,12,S34,Moderate_Noise,1
P015,33,White,Male,Yes,13,S28,Quiet,1
P015,33,White,Male,Yes,14,S02,Quiet,1
P015,33,White,Male,Yes,15,S20,Quiet,1
P015,33,White,Male,Yes,16,S21,Quiet,1
P015,33,White,Male,Yes,17,S18,Moderate_Noise,1
P015,33,White,Male,Yes,18,S35,Heavy_Noise,0
P015,33,White,Male,Yes,19,S04,Quiet,1
P015,33,White,Male,Yes,20,S11,Moderate_Noise,1
P015,33,White,Male,Yes,21,S01,Moderate_Noise,1
P015,33,White,Male,Yes,22,S36,Heavy_Noise,0
P015,33,White,Male,Yes,23,S17,Moderate_Noise,0
P015,33,White,Male,Yes,24,S31,Quiet,1
P015,33,White,Male,Yes,25,S24,Quiet,0
P015,33,White,Male,Yes,26,S11,Heavy_Noise,0
P015,33,White,Male,Yes,27,S34,Heavy_Noise,1
P015,33,White,Male,Yes,28,S33,Heavy_Noise,0
P015,33,White,Male,Yes,29,S11,Quiet,0
P015,33,White,Male,Yes,30,S32,Heavy_Noise,1
P015,33,White,Male,Yes,31,S03,Heavy_Noise,0
P015,33,White,Male,Yes,32,S25,Heavy_Noise,1
P015,33,White,Male,Yes,33,S33,Quiet,1
P015,33,White,Male,Yes,34,S06,Heavy_Noise,1
P015,33,White,Male,Yes,35,S14,Moderate_Noise,1
P015,33,White,Male,Yes,36,S15,Heavy_Noise,1
P015,33,White,Male,Yes,37,S15,Moderate_Noise,1
P015,33,White,Male,Yes,38,S07,Moderate_Noise,1
P015,33,White,Male,Yes,39,S35,Quiet,1
P015,33,White,Male,Yes,40,S14,Quiet,0
P015,33,White,Male,Yes,41,S29,Moderate_Noise,0
P015,33,White,Male,Yes,42,S04,Moderate_Noise,1
P015,33,White,Male,Yes,43,S30,Moderate_Noise,1
P015,33,White,Male,Yes,44,S03,Moderate_Noise,1
P015,33,White,Male,Yes,45,S12,Moderate_Noise,1
P015,33,White,Male,Yes,46,S28,Moderate_Noise,0
P015,33,White,Male,Yes,47,S26,Moderate_Noise,1
P015,33,White,Male,Yes,48,S05,Moderate_Noise,1
P015,33,White,Male,Yes,49,S17,Heavy_Noise,0
P015,33,White,Male,Yes,50,S06,Quiet,1
P015,33,White,Male,Yes,51,S23,Quiet,1
P015,33,White,Male,Yes,52,S34,Quiet,1
P015,33,White,Male,Yes,53,S21,Moderate_Noise,1
P015,33,White,Male,Yes,54,S07,Heavy_Noise,1
P015,33,White,Male,Yes,55,S22,Heavy_Noise,1
P015,33,White,Male,Yes,56,S24,Moderate_Noise,0
P015,33,White,Male,Yes,57,S25,Quiet,1
P015,33,White,Male,Yes,58,S26,Quiet,1
P015,33,White,Male,Yes,59,S06,Moderate_Noise,1
P015,33,White,Male,Yes,60,S19,Quiet,1
P015,33,White,Male,Yes,61,S27,Moderate_Noise,1
P015,33,White,Male,Yes,62,S18,Quiet,0
P015,33,White,Male,Yes,63,S09,Quiet,1
P015,33,White,Male,Yes,64,S05,Quiet,1
P015,33,White,Male,Yes,65,S27,Quiet,1
P015,33,White,Male,Yes,66,S20,Moderate_Noise,1
P015,33,White,Male,Yes,67,S10,Heavy_Noise,0
P015,33,White,Male,Yes,68,S17,Quiet,0
P015,33,White,Male,Yes,69,S25,Moderate_Noise,0
P015,33,White,Male,Yes,70,S01,Quiet,1
P015,33,White,Male,Yes,71,S33,Moderate_Noise,1
P015,33,White,Male,Yes,72,S21,Heavy_Noise,1
P015,33,White,Male,Yes,73,S16,Heavy_Noise,1
P015,33,White,Male,Yes,74,S12,Heavy_Noise,1
P015,33,White,Male,Yes,75,S20,Heavy_Noise,1
P015,33,White,Male,Yes,76,S14,Heavy_Noise,0
P015,33,White,Male,Yes,77,S07,Quiet,1
P015,33,White,Male,Yes,78,S08,Moderate_Noise,1
P015,33,White,Male,Yes,79,S18,Heavy_Noise,1
P015,33,White,Male,Yes,80,S24,Heavy_Noise,0
P015,33,White,Male,Yes,81,S08,Heavy_Noise,0
P015,33,White,Male,Yes,82,S02,Heavy_Noise,0
P015,33,White,Male,Yes,83,S23,Moderate_Noise,1
P015,33,White,Male,Yes,84,S31,Heavy_Noise,1
P015,33,White,Male,Yes,85,S05,Heavy_Noise,1
P015,33,White,Male,Yes,86,S08,Quiet,1
P015,33,White,Male,Yes,87,S16,Quiet,1
P015,33,White,Male,Yes,88,S29,Heavy_Noise,1
P015,33,White,Male,Yes,89,S10,Quiet,0
P015,33,White,Male,Yes,90,S32,Moderate_Noise,0
P015,33,White,Male,Yes,91,S19,Moderate_Noise,1
P015,33,White,Male,Yes,92,S35,Moderate_Noise,1
P015,33,White,Male,Yes,93,S13,Heavy_Noise,1
P015,33,White,Male,Yes,94,S03,Quiet,1
P015,33,White,Male,Yes,95,S12,Quiet,1
P015,33,White,Male,Yes,96,S13,Moderate_Noise,0
P015,33,White,Male,Yes,97,S26,Heavy_Noise,1
P015,33,White,Male,Yes,98,S13,Quiet,1
P015,33,White,Male,Yes,99,S28,Heavy_Noise,1
P015,33,White,Male,Yes,100,S27,Heavy_Noise,0
P015,33,White,Male,Yes,101,S36,Moderate_Noise,0
P015,33,White,Male,Yes,102,S02,Moderate_Noise,0
P015,33,White,Male,Yes,103,S30,Quiet,1
P015,33,White,Male,Yes,104,S29,Quiet,1
P015,33,White,Male,Yes,105,S19,Heavy_Noise,0
P015,33,White,Male,Yes,106,S10,Moderate_Noise,1
P015,33,White,Male,Yes,107,S16,Moderate_Noise,1
P015,33,White,Male,Yes,108,S31,Moderate_Noise,1
P016,44,Hispanic or Latino,Female,Yes,1,S26,Heavy_Noise,1
P016,44,Hispanic or Latino,Female,Yes,2,S33,Heavy_Noise,1
P016,44,Hispanic or Latino,Female,Yes,3,S19,Heavy_Noise,1
P016,44,Hispanic or Latino,Female,Yes,4,S04,Heavy_Noise,0
P016,44,Hispanic or Latino,Female,Yes,5,S12,Moderate_Noise,1
P016,44,Hispanic or Latino,Female,Yes,6,S19,Moderate_Noise,0
P016,44,Hispanic or Latino,Female,Yes,7,S28,Quiet,0
P016,44,Hispanic or Latino,Female,Yes,8,S13,Heavy_Noise,1
P016,44,Hispanic or Latino,Female,Yes,9,S28,Heavy_Noise,0
P016,44,Hispanic or Latino,Female,Yes,10,S08,Quiet,0
P016,44,Hispanic or Latino,Female,Yes,11,S23,Quiet,1
P016,44,Hispanic or Latino,Female,Yes,12,S27,Quiet,0
P016,44,Hispanic or Latino,Female,Yes,13,S32,Heavy_Noise,0
P016,44,Hispanic or Latino,Female,Yes,14,S09,Moderate_Noise,1
P016,44,Hispanic or Latino,Female,Yes,15,S13,Moderate_Noise,0
P016,44,Hispanic or Latino,Female,Yes,16,S32,Quiet,1
P016,44,Hispanic or Latino,Female,Yes,17,S11,Heavy_Noise,0
P016,44,Hispanic or Latino,Female,Yes,18,S21,Moderate_Noise,0
P016,44,Hispanic or Latino,Female,Yes,19,S34,Moderate_Noise,1
P016,44,Hispanic or Latino,Female,Yes,20,S17,Quiet,0
P016,44,Hispanic or Latino,Female,Yes,21,S12,Quiet,1
P016,44,Hispanic or Latino,Female,Yes,22,S04,Quiet,1
P016,44,Hispanic or Latino,Female,Yes,23,S18,Quiet,1
P016,44,Hispanic or Latino,Female,Yes,24,S09,Heavy_Noise,0
P016,44,Hispanic or Latino,Female,Yes,25,S29,Quiet,1
P016,44,Hispanic or Latino,Female,Yes,26,S22,Quiet,0
P016,44,Hispanic or Latino,Female,Yes,27,S14,Quiet,1
P016,44,Hispanic or Latino,Female,Yes,28,S26,Quiet,1
P016,44,Hispanic or Latino,Female,Yes,29,S06,Heavy_Noise,1
P016,44,Hispanic or Latino,Female,Yes,30,S29,Moderate_Noise,0
P016,44,Hispanic or Latino,Female,Yes,31,S03,Quiet,1
P016,44,Hispanic or Latino,Female,Yes,32,S17,Heavy_Noise,0
P016,44,Hispanic or Latino,Female,Yes,33,S36,Moderate_Noise,0
P016,44,Hispanic or Latino,Female,Yes,34,S17,Moderate_Noise,0
P016,44,Hispanic or Latino,Female,Yes,35,S31,Heavy_Noise,1
P016,44,Hispanic or Latino,Female,Yes,36,S24,Moderate_Noise,0
P016,44,Hispanic or Latino,Female,Yes,37,S09,Quiet,1
P016,44,Hispanic or Latino,Female,Yes,38,S33,Moderate_Noise,1
P016,44,Hispanic or Latino,Female,Yes,39,S35,Heavy_Noise,0
P016,44,Hispanic or Latino,Female,Yes,40,S10,Quiet,0
P016,44,Hispanic or Latino,Female,Yes,41,S24,Quiet,1
P016,44,Hispanic or Latino,Female,Yes,42,S18,Heavy_Noise,0
P016,44,Hispanic or Latino,Female,Yes,43,S28,Moderate_Noise,0
P016,44,Hispanic or Latino,Female,Yes,44,S06,Moderate_Noise,1
P016,44,Hispanic or Latino,Female,Yes,45,S15,Moderate_Noise,1
P016,44,Hispanic or Latino,Female,Yes,46,S34,Quiet,0
P016,44,Hispanic or Latino,Female,Yes,47,S15,Heavy_Noise,0
P016,44,Hispanic or Latino,Female,Yes,48,S01,Quiet,1
P016,44,Hispanic or Latino,Female,Yes,49,S01,Moderate_Noise,1
P016,44,Hispanic or Latino,Female,Yes,50,S36,Heavy_Noise,0
P016,44,Hispanic or Latino,Female,Yes,51,S11,Moderate_Noise,1
P016,44,Hispanic or Latino,Female,Yes,52,S05,Quiet,1
P016,44,Hispanic or Latino,Female,Yes,53,S12,Heavy_Noise,1
P016,44,Hispanic or Latino,Female,Yes,54,S07,Moderate_Noise,1
P016,44,Hispanic or Latino,Female,Yes,55,S13,Quiet,1
P016,44,Hispanic or Latino,Female,Yes,56,S08,Heavy_Noise,0
P016,44,Hispanic or Latino,Female,Yes,57,S35,Moderate_Noise,1
P016,44,Hispanic or Latino,Female,Yes,58,S05,Moderate_Noise,0
P016,44,Hispanic or Latino,Female,Yes,59,S16,Moderate_Noise,0
P016,44,Hispanic or Latino,Female,Yes,60,S02,Moderate_Noise,0
P016,44,Hispanic or Latino,Female,Yes,61,S30,Moderate_Noise,0
P016,44,Hispanic or Latino,Female,Yes,62,S07,Quiet,1
P016,44,Hispanic or Latino,Female,Yes,63,S11,Quiet,0
P016,44,Hispanic or Latino,Female,Yes,64,S03,Moderate_Noise,0
P016,44,Hispanic or Latino,Female,Yes,65,S15,Quiet,1
P016,44,Hispanic or Latino,Female,Yes,66,S24,Heavy_Noise,0
P016,44,Hispanic or Latino,Female,Yes,67,S14,Moderate_Noise,1
P016,44,Hispanic or Latino,Female,Yes,68,S03,Heavy_Noise,1
P016,44,Hispanic or Latino,Female,Yes,69,S22,Moderate_Noise,0
P016,44,Hispanic or Latino,Female,Yes,70,S27,Moderate_Noise,1
P016,44,Hispanic or Latino,Female,Yes,71,S01,Heavy_Noise,0
P016,44,Hispanic or Latino,Female,Yes,72,S21,Heavy_Noise,1
P016,44,Hispanic or Latino,Female,Yes,73,S21,Quiet,1
P016,44,Hispanic or Latino,Female,Yes,74,S23,Moderate_Noise,0
P016,44,Hispanic or Latino,Female,Yes,75,S31,Moderate_Noise,1
P016,44,Hispanic or Latino,Female,Yes,76,S25,Heavy_Noise,1
P016,44,Hispanic or Latino,Female,Yes,77,S25,Quiet,1
P016,44,Hispanic or Latino,Female,Yes,78,S10,Heavy_Noise,1
P016,44,Hispanic or Latino,Female,Yes,79,S30,Heavy_Noise,0
P016,44,Hispanic or Latino,Female,Yes,80,S16,Heavy_Noise,0
P016,44,Hispanic or Latino,Female,Yes,81,S34,Heavy_Noise,0
P016,44,Hispanic or Latino,Female,Yes,82,S30,Quiet,0
P016,44,Hispanic or Latino,Female,Yes,83,S14,Heavy_Noise,1
P016,44,Hispanic or Latino,Female,Yes,84,S20,Heavy_Noise,0
P016,44,Hispanic or Latino,Female,Yes,85,S23,Heavy_Noise,0
P016,44,Hispanic or Latino,Female,Yes,86,S22,Heavy_Noise,0
P016,44,Hispanic or Latino,Female,Yes,87,S26,Moderate_Noise,1
P016,44,Hispanic or Latino,Female,Yes,88,S31,Quiet,1
P016,44,Hispanic or Latino,Female,Yes,89,S06,Quiet,1
P016,44,Hispanic or Latino,Female,Yes,90,S36,Quiet,0
P016,44,Hispanic or Latino,Female,Yes,91,S16,Quiet,0
P016,44,Hispanic or Latino,Female,Yes,92,S29,Heavy_Noise,0
P016,44,Hispanic or Latino,Female,Yes,93,S19,Quiet,1
P016,44,Hispanic or Latino,Female,Yes,94,S02,Heavy_Noise,1
P016,44,Hispanic or Latino,Female,Yes,95,S27,Heavy_Noise,0
P016,44,Hispanic or Latino,Female,Yes,96,S35,Quiet,1
P016,44,Hispanic or Latino,Female,Yes,97,S20,Quiet,0
P016,44,Hispanic or Latino,Female,Yes,98,S10,Moderate_Noise,0
P016,44,Hispanic or Latino,Female,Yes,99,S08,Moderate_Noise,1
P016,44,Hispanic or Latino,Female,Yes,100,S20,Moderate_Noise,0
P016,44,Hispanic or Latino,Female,Yes,101,S07,Heavy_Noise,1
P016,44,Hispanic or Latino,Female,Yes,102,S02,Quiet,1
P016,44,Hispanic or Latino,Female,Yes,103,S04,Moderate_Noise,1
P016,44,Hispanic or Latino,Female,Yes,104,S32,Moderate_Noise,1
P016,44,Hispanic or Latino,Female,Yes,105,S05,Heavy_Noise,1
P016,44,Hispanic or Latino,Female,Yes,106,S18,Moderate_Noise,1
P016,44,Hispanic or Latino,Female,Yes,107,S33,Quiet,0
P016,44,Hispanic or Latino,Female,Yes,108,S25,Moderate_Noise,1
P017,49,White,Female,Yes,1,S06,Quiet,0
P017,49,White,Female,Yes,2,S36,Heavy_Noise,1
P017,49,White,Female,Yes,3,S35,Quiet,1
P017,49,White,Female,Yes,4,S06,Heavy_Noise,0
P017,49,White,Female,Yes,5,S16,Moderate_Noise,1
P017,49,White,Female,Yes,6,S28,Heavy_Noise,1
P017,49,White,Female,Yes,7,S14,Quiet,1
P017,49,White,Female,Yes,8,S36,Moderate_Noise,1
P017,49,White,Female,Yes,9,S25,Heavy_Noise,0
P017,49,White,Female,Yes,10,S33,Moderate_Noise,1
P017,49,White,Female,Yes,11,S31,Moderate_Noise,1
P017,49,White,Female,Yes,12,S33,Heavy_Noise,1
P017,49,White,Female,Yes,13,S18,Moderate_Noise,1
P017,49,White,Female,Yes,14,S18,Heavy_Noise,0
P017,49,White,Female,Yes,15,S17,Heavy_Noise,1
P017,49,White,Female,Yes,16,S32,Heavy_Noise,0
P017,49,White,Female,Yes,17,S10,Moderate_Noise,1
P017,49,White,Female,Yes,18,S21,Heavy_Noise,1
P017,49,White,Female,Yes,19,S24,Quiet,1
P017,49,White,Female,Yes,20,S29,Quiet,1
P017,49,White,Female,Yes,21,S16,Quiet,1
P017,49,White,Female,Yes,22,S09,Quiet,1
P017,49,White,Female,Yes,23,S30,Heavy_Noise,0
P017,49,White,Female,Yes,24,S11,Quiet,1
P017,49,White,Female,Yes,25,S12,Moderate_Noise,1
P017,49,White,Female,Yes,26,S33,Quiet,1
P017,49,White,Female,Yes,27,S09,Heavy_Noise,1
P017,49,White,Female,Yes,28,S17,Moderate_Noise,0
P017,49,White,Female,Yes,29,S36,Quiet,1
P017,49,White,Female,Yes,30,S20,Heavy_Noise,1
P017,49,White,Female,Yes,31,S04,Quiet,1
P017,49,White,Female,Yes,32,S34,Heavy_Noise,1
P017,49,White,Female,Yes,33,S25,Quiet,0
P017,49,White,Female,Yes,34,S19,Quiet,1
P017,49,White,Female,Yes,35,S02,Moderate_Noise,1
P017,49,White,Female,Yes,36,S13,Quiet,0
P017,49,White,Female,Yes,37,S34,Moderate_Noise,0
P017,49,White,Female,Yes,38,S04,Moderate_Noise,1
P017,49,White,Female,Yes,39,S28,Quiet,1
P017,49,White,Female,Yes,40,S04,Heavy_Noise,1
P017,49,White,Female,Yes,41,S23,Moderate_Noise,1
P017,49,White,Female,Yes,42,S15,Quiet,1
P017,49,White,Female,Yes,43,S27,Moderate_Noise,1
P017,49,White,Female,Yes,44,S28,Moderate_Noise,1
P017,49,White,Female,Yes,45,S15,Moderate_Noise,0
P017,49,White,Female,Yes,46,S03,Quiet,1
P017,49,White,Female,Yes,47,S26,Quiet,1
P017,49,White,Female,Yes,48,S31,Heavy_Noise,1
P017,49,White,Female,Yes,49,S23,Heavy_Noise,1
P017,49,White,Female,Yes,50,S21,Moderate_Noise,1
P017,49,White,Female,Yes,51,S05,Heavy_Noise,1
P017,49,White,Female,Yes,52,S11,Heavy_Noise,1
P017,49,White,Female,Yes,53,S11,Moderate_Noise,1
P017,49,White,Female,Yes,54,S06,Moderate_Noise,0
P017,49,White,Female,Yes,55,S29,Moderate_Noise,1
P017,49,White,Female,Yes,56,S32,Moderate_Noise,1
P017,49,White,Female,Yes,57,S29,Heavy_Noise,1
P017,49,White,Female,Yes,58,S32,Quiet,1
P017,49,White,Female,Yes,59,S23,Quiet,1
P017,49,White,Female,Yes,60,S07,Heavy_Noise,1
P017,49,White,Female,Yes,61,S20,Moderate_Noise,1
P017,49,White,Female,Yes,62,S08,Quiet,1
P017,49,White,Female,Yes,63,S08,Heavy_Noise,0
P017,49,White,Female,Yes,64,S10,Heavy_Noise,0
P017,49,White,Female,Yes,65,S19,Heavy_Noise,0
P017,49,White,Female,Yes,66,S34,Quiet,1
P017,49,White,Female,Yes,67,S21,Quiet,1
P017,49,White,Female,Yes,68,S22,Heavy_Noise,0
P017,49,White,Female,Yes,69,S07,Quiet,1
P017,49,White,Female,Yes,70,S25,Moderate_Noise,1
P017,49,White,Female,Yes,71,S03,Moderate_Noise,0
P017,49,White,Female,Yes,72,S03,Heavy_Noise,0
P017,49,White,Female,Yes,73,S05,Quiet,1
P017,49,White,Female,Yes,74,S02,Quiet,1
P017,49,White,Female,Yes,75,S26,Moderate_Noise,1
P017,49,White,Female,Yes,76,S12,Quiet,1
P017,49,White,Female,Yes,77,S10,Quiet,1
P017,49,White,Female,Yes,78,S30,Moderate_Noise,1
P017,49,White,Female,Yes,79,S16,Heavy_Noise,1
P017,49,White,Female,Yes,80,S13,Heavy_Noise,1
P017,49,White,Female,Yes,81,S24,Heavy_Noise,0
P017,49,White,Female,Yes,82,S19,Moderate_Noise,1
P017,49,White,Female,Yes,83,S12,Heavy_Noise,1
P017,49,White,Female,Yes,84,S18,Quiet,1
P017,49,White,Female,Yes,85,S27,Quiet,1
P017,49,White,Female,Yes,86,S14,Heavy_Noise,0
P017,49,White,Female,Yes,87,S35,Heavy_Noise,1
P017,49,White,Female,Yes,88,S13,Moderate_Noise,1
P017,49,White,Female,Yes,89,S08,Moderate_Noise,0
P017,49,White,Female,Yes,90,S30,Quiet,1
P017,49,White,Female,Yes,91,S22,Moderate_Noise,1
P017,49,White,Female,Yes,92,S15,Heavy_Noise,0
P017,49,White,Female,Yes,93,S20,Quiet,1
P017,49,White,Female,Yes,94,S26,Heavy_Noise,0
P017,49,White,Female,Yes,95,S27,Heavy_Noise,1
P017,49,White,Female,Yes,96,S22,Quiet,1
P017,49,White,Female,Yes,97,S01,Moderate_Noise,1
P017,49,White,Female,Yes,98,S24,Moderate_Noise,1
P017,49,White,Female,Yes,99,S07,Moderate_Noise,1
P017,49,White,Female,Yes,100,S01,Quiet,1
P017,49,White,Female,Yes,101,S09,Moderate_Noise,1
P017,49,White,Female,Yes,102,S14,Moderate_Noise,0
P017,49,White,Female,Yes,103,S05,Moderate_Noise,1
P017,49,White,Female,Yes,104,S17,Quiet,0
P017,49,White,Female,Yes,105,S35,Moderate_Noise,1
P017,49,White,Female,Yes,106,S02,Heavy_Noise,0
P017,49,White,Female,Yes,107,S31,Quiet,1
P017,49,White,Female,Yes,108,S01,Heavy_Noise,0
P018,35,Asian,Male,Yes,1,S31,Heavy_Noise,1
P018,35,Asian,Male,Yes,2,S11,Heavy_Noise,0
P018,35,Asian,Male,Yes,3,S35,Moderate_Noise,1
P018,35,Asian,Male,Yes,4,S27,Moderate_Noise,1
P018,35,Asian,Male,Yes,5,S22,Quiet,0
P018,35,Asian,Male,Yes,6,S33,Heavy_Noise,0
P018,35,Asian,Male,Yes,7,S16,Quiet,0
P018,35,Asian,Male,Yes,8,S31,Quiet,1
P018,35,Asian,Male,Yes,9,S25,Moderate_Noise,0
P018,35,Asian,Male,Yes,10,S30,Quiet,1
P018,35,Asian,Male,Yes,11,S21,Quiet,0
P018,35,Asian,Male,Yes,12,S02,Heavy_Noise,0
P018,35,Asian,Male,Yes,13,S35,Heavy_Noise,1
P018,35,Asian,Male,Yes,14,S17,Quiet,0
P018,35,Asian,Male,Yes,15,S07,Quiet,1
P018,35,Asian,Male,Yes,16,S24,Heavy_Noise,0
P018,35,Asian,Male,Yes,17,S06,Quiet,1
P018,35,Asian,Male,Yes,18,S25,Quiet,1
P018,35,Asian,Male,Yes,19,S22,Heavy_Noise,0
P018,35,Asian,Male,Yes,20,S01,Quiet,1
P018,35,Asian,Male,Yes,21,S08,Quiet,0
P018,35,Asian,Male,Yes,22,S26,Quiet,1
P018,35,Asian,Male,Yes,23,S29,Heavy_Noise,0
P018,35,Asian,Male,Yes,24,S29,Quiet,0
P018,35,Asian,Male,Yes,25,S26,Heavy_Noise,1
P018,35,Asian,Male,Yes,26,S10,Moderate_Noise,0
P018,35,Asian,Male,Yes,27,S30,Moderate_Noise,0
P018,35,Asian,Male,Yes,28,S18,Quiet,1
P018,35,Asian,Male,Yes,29,S32,Moderate_Noise,0
P018,35,Asian,Male,Yes,30,S11,Quiet,1
P018,35,Asian,Male,Yes,31,S36,Heavy_Noise,0
P018,35,Asian,Male,Yes,32,S13,Quiet,1
P018,35,Asian,Male,Yes,33,S30,Heavy_Noise,1
P018,35,Asian,Male,Yes,34,S34,Quiet,1
P018,35,Asian,Male,Yes,35,S21,Moderate_Noise,0
P018,35,Asian,Male,Yes,36,S03,Quiet,1
P018,35,Asian,Male,Yes,37,S31,Moderate_Noise,1
P018,35,Asian,Male,Yes,38,S01,Moderate_Noise,0
P018,35,Asian,Male,Yes,39,S23,Heavy_Noise,0
P018,35,Asian,Male,Yes,40,S19,Moderate_Noise,1
P018,35,Asian,Male,Yes,41,S06,Heavy_Noise,0
P018,35,Asian,Male,Yes,42,S17,Heavy_Noise,0
P018,35,Asian,Male,Yes,43,S32,Heavy_Noise,0
P018,35,Asian,Male,Yes,44,S28,Quiet,1
P018,35,Asian,Male,Yes,45,S20,Moderate_Noise,1
P018,35,Asian,Male,Yes,46,S09,Quiet,1
P018,35,Asian,Male,Yes,47,S28,Heavy_Noise,1
P018,35,Asian,Male,Yes,48,S26,Moderate_Noise,1
P018,35,Asian,Male,Yes,49,S07,Moderate_Noise,1
P018,35,Asian,Male,Yes,50,S03,Moderate_Noise,1
P018,35,Asian,Male,Yes,51,S05,Quiet,1
P018,35,Asian,Male,Yes,52,S06,Moderate_Noise,1
P018,35,Asian,Male,Yes,53,S02,Quiet,1
P018,35,Asian,Male,Yes,54,S08,Moderate_Noise,0
P018,35,Asian,Male,Yes,55,S15,Quiet,1
P018,35,Asian,Male,Yes,56,S20,Heavy_Noise,1
P018,35,Asian,Male,Yes,57,S14,Heavy_Noise,1
P018,35,Asian,Male,Yes,58,S19,Quiet,1
P018,35,Asian,Male,Yes,59,S20,Quiet,1
P018,35,Asian,Male,Yes,60,S04,Heavy_Noise,1
P018,35,Asian,Male,Yes,61,S22,Moderate_Noise,0
P018,35,Asian,Male,Yes,62,S09,Heavy_Noise,0
P018,35,Asian,Male,Yes,63,S10,Quiet,0
P018,35,Asian,Male,Yes,64,S05,Heavy_Noise,1
P018,35,Asian,Male,Yes,65,S23,Quiet,1
P018,35,Asian,Male,Yes,66,S08,Heavy_Noise,0
P018,35,Asian,Male,Yes,67,S09,Moderate_Noise,1
P018,35,Asian,Male,Yes,68,S05,Moderate_Noise,1
P018,35,Asian,Male,Yes,69,S12,Quiet,1
P018,35,Asian,Male,Yes,70,S18,Heavy_Noise,0
P018,35,Asian,Male,Yes,71,S13,Heavy_Noise,0
P018,35,Asian,Male,Yes,72,S14,Quiet,0
P018,35,Asian,Male,Yes,73,S15,Heavy_Noise,1
P018,35,Asian,Male,Yes,74,S02,Moderate_Noise,1
P018,35,Asian,Male,Yes,75,S28,Moderate_Noise,1
P018,35,Asian,Male,Yes,76,S21,Heavy_Noise,0
P018,35,Asian,Male,Yes,77,S34,Heavy_Noise,1
P018,35,Asian,Male,Yes,78,S01,Heavy_Noise,0
P018,35,Asian,Male,Yes,79,S33,Quiet,0
P018,35,Asian,Male,Yes,80,S04,Quiet,0
P018,35,Asian,Male,Yes,81,S29,Moderate_Noise,1
P018,35,Asian,Male,Yes,82,S10,Heavy_Noise,0
P018,35,Asian,Male,Yes,83,S36,Moderate_Noise,1
P018,35,Asian,Male,Yes,84,S12,Moderate_Noise,1
P018,35,Asian,Male,Yes,85,S15,Moderate_Noise,1
P018,35,Asian,Male,Yes,86,S27,Heavy_Noise,0
P018,35,Asian,Male,Yes,87,S13,Moderate_Noise,1
P018,35,Asian,Male,Yes,88,S33,Moderate_Noise,0
P018,35,Asian,Male,Yes,89,S36,Quiet,0
P018,35,Asian,Male,Yes,90,S24,Quiet,1
P018,35,Asian,Male,Yes,91,S25,Heavy_Noise,1
P018,35,Asian,Male,Yes,92,S34,Moderate_Noise,1
P018,35,Asian,Male,Yes,93,S11,Moderate_Noise,0
P018,35,Asian,Male,Yes,94,S19,Heavy_Noise,1
P018,35,Asian,Male,Yes,95,S35,Quiet,1
P018,35,Asian,Male,Yes,96,S24,Moderate_Noise,1
P018,35,Asian,Male,Yes,97,S17,Moderate_Noise,0
P018,35,Asian,Male,Yes,98,S14,Moderate_Noise,0
P018,35,Asian,Male,Yes,99,S16,Heavy_Noise,0
P018,35,Asian,Male,Yes,100,S07,Heavy_Noise,1
P018,35,Asian,Male,Yes,101,S04,Moderate_Noise,1
P018,35,Asian,Male,Yes,102,S32,Quiet,1
P018,35,Asian,Male,Yes,103,S27,Quiet,1
P018,35,Asian,Male,Yes,104,S18,Moderate_Noise,0
P018,35,Asian,Male,Yes,105,S23,Moderate_Noise,1
P018,35,Asian,Male,Yes,106,S12,Heavy_Noise,0
P018,35,Asian,Male,Yes,107,S03,Heavy_Noise,0
P018,35,Asian,Male,Yes,108,S16,Moderate_Noise,0
P019,36,White,Female,Yes,1,S32,Heavy_Noise,0
P019,36,White,Female,Yes,2,S35,Heavy_Noise,0
P019,36,White,Female,Yes,3,S01,Quiet,1
P019,36,White,Female,Yes,4,S25,Heavy_Noise,0
P019,36,White,Female,Yes,5,S11,Quiet,0
P019,36,White,Female,Yes,6,S03,Quiet,1
P019,36,White,Female,Yes,7,S26,Quiet,1
P019,36,White,Female,Yes,8,S12,Quiet,1
P019,36,White,Female,Yes,9,S12,Heavy_Noise,1
P019,36,White,Female,Yes,10,S15,Heavy_Noise,1
P019,36,White,Female,Yes,11,S34,Quiet,1
P019,36,White,Female,Yes,12,S16,Moderate_Noise,1
P019,36,White,Female,Yes,13,S29,Heavy_Noise,0
P019,36,White,Female,Yes,14,S33,Moderate_Noise,1
P019,36,White,Female,Yes,15,S22,Heavy_Noise,0
P019,36,White,Female,Yes,16,S27,Quiet,1
P019,36,White,Female,Yes,17,S16,Quiet,1
P019,36,White,Female,Yes,18,S02,Quiet,1
P019,36,White,Female,Yes,19,S14,Moderate_Noise,0
P019,36,White,Female,Yes,20,S11,Heavy_Noise,0
P019,36,White,Female,Yes,21,S36,Heavy_Noise,0
P019,36,White,Female,Yes,22,S29,Moderate_Noise,0
P019,36,White,Female,Yes,23,S02,Moderate_Noise,0
P019,36,White,Female,Yes,24,S26,Moderate_Noise,1
P019,36,White,Female,Yes,25,S32,Quiet,1
P019,36,White,Female,Yes,26,S29,Quiet,0
P019,36,White,Female,Yes,27,S36,Moderate_Noise,0
P019,36,White,Female,Yes,28,S08,Quiet,1
P019,36,White,Female,Yes,29,S14,Quiet,1
P019,36,White,Female,Yes,30,S30,Heavy_Noise,1
P019,36,White,Female,Yes,31,S27,Moderate_Noise,0
P019,36,White,Female,Yes,32,S01,Moderate_Noise,1
P019,36,White,Female,Yes,33,S26,Heavy_Noise,0
P019,36,White,Female,Yes,34,S30,Quiet,1
P019,36,White,Female,Yes,35,S05,Heavy_Noise,0
P019,36,White,Female,Yes,36,S13,Quiet,1
P019,36,White,Female,Yes,37,S04,Heavy_Noise,1
P019,36,White,Female,Yes,38,S07,Quiet,1
P019,36,White,Female,Yes,39,S27,Heavy_Noise,0
P019,36,White,Female,Yes,40,S22,Moderate_Noise,1
P019,36,White,Female,Yes,41,S20,Quiet,1
P019,36,White,Female,Yes,42,S32,Moderate_Noise,1
P019,36,White,Female,Yes,43,S15,Quiet,1
P019,36,White,Female,Yes,44,S13,Heavy_Noise,1
P019,36,White,Female,Yes,45,S06,Quiet,0
P019,36,White,Female,Yes,46,S28,Moderate_Noise,0
P019,36,White,Female,Yes,47,S33,Heavy_Noise,0
P019,36,White,Female,Yes,48,S31,Moderate_Noise,1
P019,36,White,Female,Yes,49,S09,Quiet,0
P019,36,White,Female,Yes,50,S21,Quiet,1
P019,36,White,Female,Yes,51,S06,Moderate_Noise,1
P019,36,White,Female,Yes,52,S02,Heavy_Noise,1
P019,36,White,Female,Yes,53,S09,Moderate_Noise,1
P019,36,White,Female,Yes,54,S15,Moderate_Noise,0
P019,36,White,Female,Yes,55,S10,Quiet,0
P019,36,White,Female,Yes,56,S23,Heavy_Noise,1
P019,36,White,Female,Yes,57,S24,Moderate_Noise,0
P019,36,White,Female,Yes,58,S23,Moderate_Noise,0
P019,36,White,Female,Yes,59,S24,Heavy_Noise,1
P019,36,White,Female,Yes,60,S01,Heavy_Noise,1
P019,36,White,Female,Yes,61,S33,Quiet,0
P019,36,White,Female,Yes,62,S12,Moderate_Noise,1
P019,36,White,Female,Yes,63,S28,Quiet,0
P019,36,White,Female,Yes,64,S06,Heavy_Noise,0
P019,36,White,Female,Yes,65,S03,Moderate_Noise,1
P019,36,White,Female,Yes,66,S25,Quiet,1
P019,36,White,Female,Yes,67,S23,Quiet,1
P019,36,White,Female,Yes,68,S24,Quiet,1
P019,36,White,Female,Yes,69,S28,Heavy_Noise,0
P019,36,White,Female,Yes,70,S13,Moderate_Noise,1
P019,36,White,Female,Yes,71,S31,Quiet,1
P019,36,White,Female,Yes,72,S34,Moderate_Noise,0
P019,36,White,Female,Yes,73,S21,Moderate_Noise,1
P019,36,White,Female,Yes,74,S18,Quiet,0
P019,36,White,Female,Yes,75,S17,Quiet,1
P019,36,White,Female,Yes,76,S36,Quiet,0
P019,36,White,Female,Yes,77,S31,Heavy_Noise,1
P019,36,White,Female,Yes,78,S34,Heavy_Noise,0
P019,36,White,Female,Yes,79,S19,Quiet,1
P019,36,White,Female,Yes,80,S14,Heavy_Noise,0
P019,36,White,Female,Yes,81,S04,Quiet,1
P019,36,White,Female,Yes,82,S35,Moderate_Noise,0
P019,36,White,Female,Yes,83,S04,Moderate_Noise,1
P019,36,White,Female,Yes,84,S18,Moderate_Noise,0
P019,36,White,Female,Yes,85,S17,Moderate_Noise,0
P019,36,White,Female,Yes,86,S18,Heavy_Noise,1
P019,36,White,Female,Yes,87,S10,Moderate_Noise,1
P019,36,White,Female,Yes,88,S21,Heavy_Noise,1
P019,36,White,Female,Yes,89,S03,Heavy_Noise,1
P019,36,White,Female,Yes,90,S16,Heavy_Noise,0
P019,36,White,Female,Yes,91,S25,Moderate_Noise,0
P019,36,White,Female,Yes,92,S09,Heavy_Noise,0
P019,36,White,Female,Yes,93,S07,Moderate_Noise,1
P019,36,White,Female,Yes,94,S19,Heavy_Noise,1
P019,36,White,Female,Yes,95,S35,Quiet,0
P019,36,White,Female,Yes,96,S10,Heavy_Noise,1
P019,36,White,Female,Yes,97,S22,Quiet,1
P019,36,White,Female,Yes,98,S20,Heavy_Noise,0
P019,36,White,Female,Yes,99,S19,Moderate_Noise,1
P019,36,White,Female,Yes,100,S11,Moderate_Noise,0
P019,36,White,Female,Yes,101,S05,Quiet,1
P019,36,White,Female,Yes,102,S08,Heavy_Noise,0
P019,36,White,Female,Yes,103,S07,Heavy_Noise,0
P019,36,White,Female,Yes,104,S08,Moderate_Noise,0
P019,36,White,Female,Yes,105,S30,Moderate_Noise,1
P019,36,White,Female,Yes,106,S20,Moderate_Noise,1
P019,36,White,Female,Yes,107,S17,Heavy_Noise,0
P019,36,White,Female,Yes,108,S05,Moderate_Noise,1
P020,47,White,Female,Yes,1,S10,Quiet,1
P020,47,White,Female,Yes,2,S35,Quiet,1
P020,47,White,Female,Yes,3,S22,Heavy_Noise,0
P020,47,White,Female,Yes,4,S16,Heavy_Noise,1
P020,47,White,Female,Yes,5,S12,Moderate_Noise,0
P020,47,White,Female,Yes,6,S33,Quiet,0
P020,47,White,Female,Yes,7,S14,Moderate_Noise,0
P020,47,White,Female,Yes,8,S02,Quiet,1
P020,47,White,Female,Yes,9,S08,Moderate_Noise,0
P020,47,White,Female,Yes,10,S30,Moderate_Noise,1
P020,47,White,Female,Yes,11,S04,Heavy_Noise,1
P020,47,White,Female,Yes,12,S28,Heavy_Noise,1
P020,47,White,Female,Yes,13,S16,Quiet,1
P020,47,White,Female,Yes,14,S01,Quiet,1
P020,47,White,Female,Yes,15,S15,Moderate_Noise,1
P020,47,White,Female,Yes,16,S34,Quiet,1
P020,47,White,Female,Yes,17,S26,Heavy_Noise,0
P020,47,White,Female,Yes,18,S18,Quiet,1
P020,47,White,Female,Yes,19,S21,Heavy_Noise,1
P020,47,White,Female,Yes,20,S15,Heavy_Noise,1
P020,47,White,Female,Yes,21,S22,Quiet,1
P020,47,White,Female,Yes,22,S09,Quiet,0
P020,47,White,Female,Yes,23,S27,Quiet,1
P020,47,White,Female,Yes,24,S20,Moderate_Noise,1
P020,47,White,Female,Yes,25,S23,Heavy_Noise,0
P020,47,White,Female,Yes,26,S28,Moderate_Noise,1
P020,47,White,Female,Yes,27,S01,Heavy_Noise,1
P020,47,White,Female,Yes,28,S25,Moderate_Noise,1
P020,47,White,Female,Yes,29,S19,Quiet,0
P020,47,White,Female,Yes,30,S09,Moderate_Noise,1
P020,47,White,Female,Yes,31,S09,Heavy_Noise,1
P020,47,White,Female,Yes,32,S16,Moderate_Noise,0
P020,47,White,Female,Yes,33,S28,Quiet,1
P020,47,White,Female,Yes,34,S34,Heavy_Noise,0
P020,47,White,Female,Yes,35,S30,Heavy_Noise,1
P020,47,White,Female,Yes,36,S24,Moderate_Noise,1
P020,47,White,Female,Yes,37,S18,Heavy_Noise,0
P020,47,White,Female,Yes,38,S01,Moderate_Noise,1
P020,47,White,Female,Yes,39,S10,Moderate_Noise,1
P020,47,White,Female,Yes,40,S22,Moderate_Noise,1
P020,47,White,Female,Yes,41,S08,Quiet,0
P020,47,White,Female,Yes,42,S33,Moderate_Noise,0
P020,47,White,Female,Yes,43,S30,Quiet,1
P020,47,White,Female,Yes,44,S03,Heavy_Noise,1
P020,47,White,Female,Yes,45,S03,Moderate_Noise,1
P020,47,White,Female,Yes,46,S34,Moderate_Noise,0
P020,47,White,Female,Yes,47,S18,Moderate_Noise,1
P020,47,White,Female,Yes,48,S15,Quiet,1
P020,47,White,Female,Yes,49,S11,Quiet,0
P020,47,White,Female,Yes,50,S26,Quiet,1
P020,47,White,Female,Yes,51,S08,Heavy_Noise,0
P020,47,White,Female,Yes,52,S32,Heavy_Noise,1
P020,47,White,Female,Yes,53,S17,Heavy_Noise,0
P020,47,White,Female,Yes,54,S33,Heavy_Noise,0
P020,47,White,Female,Yes,55,S29,Heavy_Noise,0
P020,47,White,Female,Yes,56,S14,Heavy_Noise,0
P020,47,White,Female,Yes,57,S12,Heavy_Noise,1
P020,47,White,Female,Yes,58,S32,Moderate_Noise,0
P020,47,White,Female,Yes,59,S36,Moderate_Noise,1
P020,47,White,Female,Yes,60,S24,Quiet,1
P020,47,White,Female,Yes,61,S26,Moderate_Noise,1
P020,47,White,Female,Yes,62,S05,Heavy_Noise,0
P020,47,White,Female,Yes,63,S35,Heavy_Noise,1
P020,47,White,Female,Yes,64,S32,Quiet,1
P020,47,White,Female,Yes,65,S31,Quiet,1
P020,47,White,Female,Yes,66,S25,Heavy_Noise,0
P020,47,White,Female,Yes,67,S36,Quiet,1
P020,47,White,Female,Yes,68,S24,Heavy_Noise,1
P020,47,White,Female,Yes,69,S25,Quiet,1
P020,47,White,Female,Yes,70,S23,Moderate_Noise,1
P020,47,White,Female,Yes,71,S02,Heavy_Noise,1
P020,47,White,Female,Yes,72,S02,Moderate_Noise,0
P020,47,White,Female,Yes,73,S21,Quiet,1
P020,47,White,Female,Yes,74,S13,Moderate_Noise,0
P020,47,White,Female,Yes,75,S11,Heavy_Noise,0
P020,47,White,Female,Yes,76,S07,Heavy_Noise,1
P020,47,White,Female,Yes,77,S17,Quiet,0
P020,47,White,Female,Yes,78,S11,Moderate_Noise,0
P020,47,White,Female,Yes,79,S29,Quiet,1
P020,47,White,Female,Yes,80,S13,Heavy_Noise,0
P020,47,White,Female,Yes,81,S12,Quiet,1
P020,47,White,Female,Yes,82,S06,Quiet,0
P020,47,White,Female,Yes,83,S05,Quiet,0
P020,47,White,Female,Yes,84,S03,Quiet,1
P020,47,White,Female,Yes,85,S06,Moderate_Noise,0
P020,47,White,Female,Yes,86,S27,Moderate_Noise,0
P020,47,White,Female,Yes,87,S10,Heavy_Noise,1
P020,47,White,Female,Yes,88,S27,Heavy_Noise,0
P020,47,White,Female,Yes,89,S29,Moderate_Noise,1
P020,47,White,Female,Yes,90,S13,Quiet,1
P020,47,White,Female,Yes,91,S20,Heavy_Noise,0
P020,47,White,Female,Yes,92,S04,Quiet,1
P020,47,White,Female,Yes,93,S23,Quiet,1
P020,47,White,Female,Yes,94,S05,Moderate_Noise,0
P020,47,White,Female,Yes,95,S07,Moderate_Noise,1
P020,47,White,Female,Yes,96,S07,Quiet,1
P020,47,White,Female,Yes,97,S19,Moderate_Noise,1
P020,47,White,Female,Yes,98,S31,Moderate_Noise,1
P020,47,White,Female,Yes,99,S19,Heavy_Noise,0
P020,47,White,Female,Yes,100,S36,Heavy_Noise,1
P020,47,White,Female,Yes,101,S04,Moderate_Noise,1
P020,47,White,Female,Yes,102,S17,Moderate_Noise,0
P020,47,White,Female,Yes,103,S06,Heavy_Noise,0
P020,47,White,Female,Yes,104,S20,Quiet,1
P020,47,White,Female,Yes,105,S31,Heavy_Noise,0
P020,47,White,Female,Yes,106,S21,Moderate_Noise,1
P020,47,White,Female,Yes,107,S14,Quiet,1
P020,47,White,Female,Yes,108,S35,Moderate_Noise,0
P021,27,White,Male,No,1,S12,Heavy_Noise,0
P021,27,White,Male,No,2,S32,Quiet,1
P021,27,White,Male,No,3,S28,Heavy_Noise,1
P021,27,White,Male,No,4,S25,Quiet,1
P021,27,White,Male,No,5,S03,Moderate_Noise,1
P021,27,White,Male,No,6,S19,Quiet,1
P021,27,White,Male,No,7,S26,Quiet,1
P021,27,White,Male,No,8,S16,Quiet,1
P021,27,White,Male,No,9,S29,Heavy_Noise,0
P021,27,White,Male,No,10,S36,Quiet,1
P021,27,White,Male,No,11,S20,Moderate_Noise,1
P021,27,White,Male,No,12,S31,Moderate_Noise,1
P021,27,White,Male,No,13,S23,Heavy_Noise,1
P021,27,White,Male,No,14,S14,Moderate_Noise,1
P021,27,White,Male,No,15,S25,Heavy_Noise,1
P021,27,White,Male,No,16,S05,Heavy_Noise,0
P021,27,White,Male,No,17,S24,Quiet,0
P021,27,White,Male,No,18,S02,Quiet,0
P021,27,White,Male,No,19,S25,Moderate_Noise,1
P021,27,White,Male,No,20,S10,Heavy_Noise,1
P021,27,White,Male,No,21,S35,Quiet,1
P021,27,White,Male,No,22,S06,Quiet,1
P021,27,White,Male,No,23,S23,Quiet,1
P021,27,White,Male,No,24,S20,Heavy_Noise,1
P021,27,White,Male,No,25,S13,Heavy_Noise,1
P021,27,White,Male,No,26,S06,Heavy_Noise,1
P021,27,White,Male,No,27,S17,Heavy_Noise,0
P021,27,White,Male,No,28,S30,Moderate_Noise,0
P021,27,White,Male,No,29,S01,Heavy_Noise,1
P021,27,White,Male,No,30,S04,Moderate_Noise,1
P021,27,White,Male,No,31,S12,Moderate_Noise,1
P021,27,White,Male,No,32,S30,Heavy_Noise,1
P021,27,White,Male,No,33,S08,Heavy_Noise,0
P021,27,White,Male,No,34,S27,Quiet,1
P021,27,White,Male,No,35,S15,Heavy_Noise,1
P021,27,White,Male,No,36,S34,Quiet,1
P021,27,White,Male,No,37,S29,Moderate_Noise,0
P021,27,White,Male,No,38,S07,Quiet,1
P021,27,White,Male,No,39,S04,Heavy_Noise,1
P021,27,White,Male,No,40,S01,Moderate_Noise,1
P021,27,White,Male,No,41,S07,Moderate_Noise,1
P021,27,White,Male,No,42,S31,Quiet,1
P021,27,White,Male,No,43,S10,Moderate_Noise,0
P021,27,White,Male,No,44,S14,Heavy_Noise,0
P021,27,White,Male,No,45,S09,Heavy_Noise,1
P021,27,White,Male,No,46,S35,Heavy_Noise,1
P021,27,White,Male,No,47,S35,Moderate_Noise,0
P021,27,White,Male,No,48,S19,Moderate_Noise,1
P021,27,White,Male,No,49,S15,Quiet,1
P021,27,White,Male,No,50,S17,Moderate_Noise,1
P021,27,White,Male,No,51,S33,Heavy_Noise,0
P021,27,White,Male,No,52,S34,Heavy_Noise,0
P021,27,White,Male,No,53,S10,Quiet,0
P021,27,White,Male,No,54,S08,Quiet,1
P021,27,White,Male,No,55,S18,Moderate_Noise,1
P021,27,White,Male,No,56,S22,Moderate_Noise,1
P021,27,White,Male,No,57,S21,Quiet,1
P021,27,White,Male,No,58,S08,Moderate_Noise,1
P021,27,White,Male,No,59,S15,Moderate_Noise,1
P021,27,White,Male,No,60,S21,Heavy_Noise,1
P021,27,White,Male,No,61,S09,Quiet,1
P021,27,White,Male,No,62,S12,Quiet,1
P021,27,White,Male,No,63,S27,Moderate_Noise,0
P021,27,White,Male,No,64,S36,Moderate_Noise,1
P021,27,White,Male,No,65,S14,Quiet,0
P021,27,White,Male,No,66,S18,Heavy_Noise,1
P021,27,White,Male,No,67,S01,Quiet,1
P021,27,White,Male,No,68,S26,Heavy_Noise,1
P021,27,White,Male,No,69,S02,Moderate_Noise,1
P021,27,White,Male,No,70,S29,Quiet,0
P021,27,White,Male,No,71,S05,Quiet,1
P021,27,White,Male,No,72,S04,Quiet,1
P021,27,White,Male,No,73,S33,Moderate_Noise,1
P021,27,White,Male,No,74,S09,Moderate_Noise,1
P021,27,White,Male,No,75,S17,Quiet,0
P021,27,White,Male,No,76,S33,Quiet,1
P021,27,White,Male,No,77,S23,Moderate_Noise,1
P021,27,White,Male,No,78,S06,Moderate_Noise,1
P021,27,White,Male,No,79,S32,Moderate_Noise,1
P021,27,White,Male,No,80,S19,Heavy_Noise,0
P021,27,White,Male,No,81,S32,Heavy_Noise,1
P021,27,White,Male,No,82,S05,Moderate_Noise,0
P021,27,White,Male,No,83,S20,Quiet,1
P021,27,White,Male,No,84,S30,Quiet,1
P021,27,White,Male,No,85,S21,Moderate_Noise,1
P021,27,White,Male,No,86,S11,Moderate_Noise,1
P021,27,White,Male,No,87,S18,Quiet,1
P021,27,White,Male,No,88,S28,Quiet,1
P021,27,White,Male,No,89,S28,Moderate_Noise,1
P021,27,White,Male,No,90,S07,Heavy_Noise,1
P021,27,White,Male,No,91,S03,Quiet,1
P021,27,White,Male,No,92,S16,Moderate_Noise,1
P021,27,White,Male,No,93,S11,Heavy_Noise,1
P021,27,White,Male,No,94,S24,Heavy_Noise,1
P021,27,White,Male,No,95,S34,Moderate_Noise,1
P021,27,White,Male,No,96,S02,Heavy_Noise,0
P021,27,White,Male,No,97,S24,Moderate_Noise,0
P021,27,White,Male,No,98,S31,Heavy_Noise,1
P021,27,White,Male,No,99,S26,Moderate_Noise,1
P021,27,White,Male,No,100,S36,Heavy_Noise,1
P021,27,White,Male,No,101,S13,Quiet,1
P021,27,White,Male,No,102,S03,Heavy_Noise,0
P021,27,White,Male,No,103,S11,Quiet,1
P021,27,White,Male,No,104,S16,Heavy_Noise,1
P021,27,White,Male,No,105,S27,Heavy_Noise,1
P021,27,White,Male,No,106,S13,Moderate_Noise,1
P021,27,White,Male,No,107,S22,Heavy_Noise,1
P021,27,White,Male,No,108,S22,Quiet,1
P022,18,Multiracial or Other,Male,Yes,1,S33,Heavy_Noise,1
P022,18,Multiracial or Other,Male,Yes,2,S12,Moderate_Noise,1
P022,18,Multiracial or Other,Male,Yes,3,S34,Quiet,1
P022,18,Multiracial or Other,Male,Yes,4,S24,Heavy_Noise,1
P022,18,Multiracial or Other,Male,Yes,5,S21,Quiet,1
P022,18,Multiracial or Other,Male,Yes,6,S14,Quiet,1
P022,18,Multiracial or Other,Male,Yes,7,S20,Moderate_Noise,1
P022,18,Multiracial or Other,Male,Yes,8,S07,Heavy_Noise,1
P022,18,Multiracial or Other,Male,Yes,9,S04,Heavy_Noise,1
P022,18,Multiracial or Other,Male,Yes,10,S17,Moderate_Noise,1
P022,18,Multiracial or Other,Male,Yes,11,S19,Moderate_Noise,1
P022,18,Multiracial or Other,Male,Yes,12,S18,Moderate_Noise,1
P022,18,Multiracial or Other,Male,Yes,13,S25,Moderate_Noise,0
P022,18,Multiracial or Other,Male,Yes,14,S04,Moderate_Noise,1
P022,18,Multiracial or Other,Male,Yes,15,S01,Heavy_Noise,1
P022,18,Multiracial or Other,Male,Yes,16,S19,Quiet,1
P022,18,Multiracial or Other,Male,Yes,17,S30,Moderate_Noise,1
P022,18,Multiracial or Other,Male,Yes,18,S25,Quiet,1
P022,18,Multiracial or Other,Male,Yes,19,S04,Quiet,1
P022,18,Multiracial or Other,Male,Yes,20,S11,Heavy_Noise,1
P022,18,Multiracial or Other,Male,Yes,21,S06,Heavy_Noise,1
P022,18,Multiracial or Other,Male,Yes,22,S26,Moderate_Noise,1
P022,18,Multiracial or Other,Male,Yes,23,S36,Heavy_Noise,1
P022,18,Multiracial or Other,Male,Yes,24,S35,Moderate_Noise,1
P022,18,Multiracial or Other,Male,Yes,25,S21,Heavy_Noise,1
P022,18,Multiracial or Other,Male,Yes,26,S03,Heavy_Noise,1
P022,18,Multiracial or Other,Male,Yes,27,S28,Moderate_Noise,1
P022,18,Multiracial or Other,Male,Yes,28,S27,Moderate_Noise,1
P022,18,Multiracial or Other,Male,Yes,29,S36,Quiet,1
P022,18,Multiracial or Other,Male,Yes,30,S16,Moderate_Noise,0
P022,18,Multiracial or Other,Male,Yes,31,S33,Moderate_Noise,1
P022,18,Multiracial or Other,Male,Yes,32,S32,Quiet,1
P022,18,Multiracial or Other,Male,Yes,33,S08,Heavy_Noise,1
P022,18,Multiracial or Other,Male,Yes,34,S09,Moderate_Noise,0
P022,18,Multiracial or Other,Male,Yes,35,S24,Quiet,1
P022,18,Multiracial or Other,Male,Yes,36,S08,Quiet,1
P022,18,Multiracial or Other,Male,Yes,37,S06,Moderate_Noise,1
P022,18,Multiracial or Other,Male,Yes,38,S10,Moderate_Noise,1
P022,18,Multiracial or Other,Male,Yes,39,S29,Heavy_Noise,0
P022,18,Multiracial or Other,Male,Yes,40,S13,Heavy_Noise,0
P022,18,Multiracial or Other,Male,Yes,41,S33,Quiet,1
P022,18,Multiracial or Other,Male,Yes,42,S22,Quiet,1
P022,18,Multiracial or Other,Male,Yes,43,S06,Quiet,1
P022,18,Multiracial or Other,Male,Yes,44,S13,Quiet,1
P022,18,Multiracial or Other,Male,Yes,45,S07,Moderate_Noise,1
P022,18,Multiracial or Other,Male,Yes,46,S23,Heavy_Noise,1
P022,18,Multiracial or Other,Male,Yes,47,S35,Quiet,1
P022,18,Multiracial or Other,Male,Yes,48,S26,Heavy_Noise,1
P022,18,Multiracial or Other,Male,Yes,49,S23,Quiet,1
P022,18,Multiracial or Other,Male,Yes,50,S27,Quiet,1
P022,18,Multiracial or Other,Male,Yes,51,S27,Heavy_Noise,1
P022,18,Multiracial or Other,Male,Yes,52,S12,Quiet,1
P022,18,Multiracial or Other,Male,Yes,53,S05,Heavy_Noise,0
P022,18,Multiracial or Other,Male,Yes,54,S34,Heavy_Noise,0
P022,18,Multiracial or Other,Male,Yes,55,S31,Quiet,1
P022,18,Multiracial or Other,Male,Yes,56,S22,Moderate_Noise,1
P022,18,Multiracial or Other,Male,Yes,57,S21,Moderate_Noise,1
P022,18,Multiracial or Other,Male,Yes,58,S20,Heavy_Noise,1
P022,18,Multiracial or Other,Male,Yes,59,S10,Quiet,1
P022,18,Multiracial or Other,Male,Yes,60,S30,Quiet,1
P022,18,Multiracial or Other,Male,Yes,61,S03,Quiet,1
P022,18,Multiracial or Other,Male,Yes,62,S15,Quiet,1
P022,18,Multiracial or Other,Male,Yes,63,S09,Heavy_Noise,1
P022,18,Multiracial or Other,Male,Yes,64,S12,Heavy_Noise,1
P022,18,Multiracial or Other,Male,Yes,65,S36,Moderate_Noise,1
P022,18,Multiracial or Other,Male,Yes,66,S17,Heavy_Noise,1
P022,18,Multiracial or Other,Male,Yes,67,S11,Moderate_Noise,1
P022,18,Multiracial or Other,Male,Yes,68,S18,Heavy_Noise,1
P022,18,Multiracial or Other,Male,Yes,69,S28,Heavy_Noise,1
P022,18,Multiracial or Other,Male,Yes,70,S16,Quiet,1
P022,18,Multiracial or Other,Male,Yes,71,S16,Heavy_Noise,0
P022,18,Multiracial or Other,Male,Yes,72,S26,Quiet,1
P022,18,Multiracial or Other,Male,Yes,73,S24,Moderate_Noise,1
P022,18,Multiracial or Other,Male,Yes,74,S32,Heavy_Noise,1
P022,18,Multiracial or Other,Male,Yes,75,S25,Heavy_Noise,0
P022,18,Multiracial or Other,Male,Yes,76,S07,Quiet,1
P022,18,Multiracial or Other,Male,Yes,77,S02,Heavy_Noise,1
P022,18,Multiracial or Other,Male,Yes,78,S34,Moderate_Noise,1
P022,18,Multiracial or Other,Male,Yes,79,S03,Moderate_Noise,1
P022,18,Multiracial or Other,Male,Yes,80,S01,Moderate_Noise,1
P022,18,Multiracial or Other,Male,Yes,81,S15,Moderate_Noise,1
P022,18,Multiracial or Other,Male,Yes,82,S18,Quiet,1
P022,18,Multiracial or Other,Male,Yes,83,S01,Quiet,0
P022,18,Multiracial or Other,Male,Yes,84,S02,Quiet,1
P022,18,Multiracial or Other,Male,Yes,85,S08,Moderate_Noise,1
P022,18,Multiracial or Other,Male,Yes,86,S09,Quiet,1
P022,18,Multiracial or Other,Male,Yes,87,S28,Quiet,1
P022,18,Multiracial or Other,Male,Yes,88,S14,Moderate_Noise,1
P022,18,Multiracial or Other,Male,Yes,89,S32,Moderate_Noise,1
P022,18,Multiracial or Other,Male,Yes,90,S29,Moderate_Noise,0
P022,18,Multiracial or Other,Male,Yes,91,S20,Quiet,1
P022,18,Multiracial or Other,Male,Yes,92,S30,Heavy_Noise,1
P022,18,Multiracial or Other,Male,Yes,93,S19,Heavy_Noise,1
P022,18,Multiracial or Other,Male,Yes,94,S35,Heavy_Noise,1
P022,18,Multiracial or Other,Male,Yes,95,S02,Moderate_Noise,1
P022,18,Multiracial or Other,Male,Yes,96,S22,Heavy_Noise,0
P022,18,Multiracial or Other,Male,Yes,97,S05,Quiet,0
P022,18,Multiracial or Other,Male,Yes,98,S23,Moderate_Noise,1
P022,18,Multiracial or Other,Male,Yes,99,S10,Heavy_Noise,1
P022,18,Multiracial or Other,Male,Yes,100,S05,Moderate_Noise,1
P022,18,Multiracial or Other,Male,Yes,101,S11,Quiet,1
P022,18,Multiracial or Other,Male,Yes,102,S17,Quiet,1
P022,18,Multiracial or Other,Male,Yes,103,S14,Heavy_Noise,0
P022,18,Multiracial or Other,Male,Yes,104,S31,Heavy_Noise,0
P022,18,Multiracial or Other,Male,Yes,105,S13,Moderate_Noise,1
P022,18,Multiracial or Other,Male,Yes,106,S15,Heavy_Noise,1
P022,18,Multiracial or Other,Male,Yes,107,S29,Quiet,1
P022,18,Multiracial or Other,Male,Yes,108,S31,Moderate_Noise,1
P023,43,Asian,Male,Yes,1,S10,Moderate_Noise,1
P023,43,Asian,Male,Yes,2,S25,Moderate_Noise,1
P023,43,Asian,Male,Yes,3,S04,Quiet,1
P023,43,Asian,Male,Yes,4,S20,Heavy_Noise,0
P023,43,Asian,Male,Yes,5,S05,Quiet,0
P023,43,Asian,Male,Yes,6,S30,Quiet,0
P023,43,Asian,Male,Yes,7,S08,Heavy_Noise,0
P023,43,Asian,Male,Yes,8,S14,Quiet,1
P023,43,Asian,Male,Yes,9,S23,Moderate_Noise,0
P023,43,Asian,Male,Yes,10,S21,Quiet,0
P023,43,Asian,Male,Yes,11,S25,Heavy_Noise,0
P023,43,Asian,Male,Yes,12,S31,Quiet,1
P023,43,Asian,Male,Yes,13,S13,Quiet,1
P023,43,Asian,Male,Yes,14,S08,Moderate_Noise,0
P023,43,Asian,Male,Yes,15,S13,Heavy_Noise,0
P023,43,Asian,Male,Yes,16,S03,Moderate_Noise,0
P023,43,Asian,Male,Yes,17,S28,Moderate_Noise,1
P023,43,Asian,Male,Yes,18,S23,Quiet,0
P023,43,Asian,Male,Yes,19,S29,Quiet,0
P023,43,Asian,Male,Yes,20,S04,Moderate_Noise,1
P023,43,Asian,Male,Yes,21,S08,Quiet,0
P023,43,Asian,Male,Yes,22,S20,Quiet,1
P023,43,Asian,Male,Yes,23,S21,Moderate_Noise,1
P023,43,Asian,Male,Yes,24,S24,Quiet,1
P023,43,Asian,Male,Yes,25,S09,Heavy_Noise,0
P023,43,Asian,Male,Yes,26,S02,Moderate_Noise,0
P023,43,Asian,Male,Yes,27,S18,Quiet,1
P023,43,Asian,Male,Yes,28,S26,Quiet,1
P023,43,Asian,Male,Yes,29,S24,Heavy_Noise,1
P023,43,Asian,Male,Yes,30,S26,Heavy_Noise,0
P023,43,Asian,Male,Yes,31,S02,Quiet,1
P023,43,Asian,Male,Yes,32,S24,Moderate_Noise,0
P023,43,Asian,Male,Yes,33,S07,Moderate_Noise,1
P023,43,Asian,Male,Yes,34,S31,Moderate_Noise,1
P023,43,Asian,Male,Yes,35,S28,Heavy_Noise,1
P023,43,Asian,Male,Yes,36,S30,Heavy_Noise,0
P023,43,Asian,Male,Yes,37,S35,Moderate_Noise,0
P023,43,Asian,Male,Yes,38,S22,Heavy_Noise,0
P023,43,Asian,Male,Yes,39,S11,Quiet,1
P023,43,Asian,Male,Yes,40,S28,Quiet,1
P023,43,Asian,Male,Yes,41,S05,Heavy_Noise,0
P023,43,Asian,Male,Yes,42,S30,Moderate_Noise,0
P023,43,Asian,Male,Yes,43,S01,Quiet,1
P023,43,Asian,Male,Yes,44,S27,Moderate_Noise,0
P023,43,Asian,Male,Yes,45,S23,Heavy_Noise,0
P023,43,Asian,Male,Yes,46,S33,Heavy_Noise,1
P023,43,Asian,Male,Yes,47,S17,Heavy_Noise,0
P023,43,Asian,Male,Yes,48,S05,Moderate_Noise,0
P023,43,Asian,Male,Yes,49,S07,Heavy_Noise,1
P023,43,Asian,Male,Yes,50,S34,Moderate_Noise,0
P023,43,Asian,Male,Yes,51,S22,Moderate_Noise,1
P023,43,Asian,Male,Yes,52,S13,Moderate_Noise,0
P023,43,Asian,Male,Yes,53,S18,Heavy_Noise,0
P023,43,Asian,Male,Yes,54,S32,Moderate_Noise,1
P023,43,Asian,Male,Yes,55,S10,Quiet,1
P023,43,Asian,Male,Yes,56,S26,Moderate_Noise,0
P023,43,Asian,Male,Yes,57,S32,Heavy_Noise,0
P023,43,Asian,Male,Yes,58,S06,Moderate_Noise,1
P023,43,Asian,Male,Yes,59,S12,Heavy_Noise,1
P023,43,Asian,Male,Yes,60,S34,Heavy_Noise,0
P023,43,Asian,Male,Yes,61,S17,Moderate_Noise,0
P023,43,Asian,Male,Yes,62,S07,Quiet,1
P023,43,Asian,Male,Yes,63,S35,Heavy_Noise,0
P023,43,Asian,Male,Yes,64,S06,Quiet,1
P023,43,Asian,Male,Yes,65,S18,Moderate_Noise,0
P023,43,Asian,Male,Yes,66,S06,Heavy_Noise,1
P023,43,Asian,Male,Yes,67,S33,Moderate_Noise,1
P023,43,Asian,Male,Yes,68,S11,Heavy_Noise,0
P023,43,Asian,Male,Yes,69,S15,Heavy_Noise,0
P023,43,Asian,Male,Yes,70,S02,Heavy_Noise,0
P023,43,Asian,Male,Yes,71,S10,Heavy_Noise,1
P023,43,Asian,Male,Yes,72,S36,Moderate_Noise,1
P023,43,Asian,Male,Yes,73,S21,Heavy_Noise,0
P023,43,Asian,Male,Yes,74,S03,Heavy_Noise,0
P023,43,Asian,Male,Yes,75,S34,Quiet,0
P023,43,Asian,Male,Yes,76,S22,Quiet,1
P023,43,Asian,Male,Yes,77,S17,Quiet,1
P023,43,Asian,Male,Yes,78,S14,Moderate_Noise,0
P023,43,Asian,Male,Yes,79,S27,Heavy_Noise,0
P023,43,Asian,Male,Yes,80,S29,Moderate_Noise,0
P023,43,Asian,Male,Yes,81,S09,Moderate_Noise,0
P023,43,Asian,Male,Yes,82,S01,Moderate_Noise,1
P023,43,Asian,Male,Yes,83,S25,Quiet,1
P023,43,Asian,Male,Yes,84,S20,Moderate_Noise,0
P023,43,Asian,Male,Yes,85,S16,Moderate_Noise,1
P023,43,Asian,Male,Yes,86,S16,Heavy_Noise,0
P023,43,Asian,Male,Yes,87,S27,Quiet,1
P023,43,Asian,Male,Yes,88,S03,Quiet,1
P023,43,Asian,Male,Yes,89,S15,Moderate_Noise,1
P023,43,Asian,Male,Yes,90,S31,Heavy_Noise,0
P023,43,Asian,Male,Yes,91,S11,Moderate_Noise,1
P023,43,Asian,Male,Yes,92,S01,Heavy_Noise,1
P023,43,Asian,Male,Yes,93,S16,Quiet,0
P023,43,Asian,Male,Yes,94,S32,Quiet,1
P023,43,Asian,Male,Yes,95,S12,Moderate_Noise,1
P023,43,Asian,Male,Yes,96,S19,Moderate_Noise,1
P023,43,Asian,Male,Yes,97,S12,Quiet,1
P023,43,Asian,Male,Yes,98,S36,Quiet,1
P023,43,Asian,Male,Yes,99,S04,Heavy_Noise,0
P023,43,Asian,Male,Yes,100,S36,Heavy_Noise,1
P023,43,Asian,Male,Yes,101,S35,Quiet,0
P023,43,Asian,Male,Yes,102,S33,Quiet,1
P023,43,Asian,Male,Yes,103,S09,Quiet,1
P023,43,Asian,Male,Yes,104,S14,Heavy_Noise,0
P023,43,Asian,Male,Yes,105,S19,Heavy_Noise,1
P023,43,Asian,Male,Yes,106,S19,Quiet,1
P023,43,Asian,Male,Yes,107,S15,Quiet,1
P023,43,Asian,Male,Yes,108,S29,Heavy_Noise,0
P024,29,White,Male,Yes,1,S10,Heavy_Noise,1
P024,29,White,Male,Yes,2,S07,Quiet,1
P024,29,White,Male,Yes,3,S13,Quiet,1
P024,29,White,Male,Yes,4,S22,Heavy_Noise,1
P024,29,White,Male,Yes,5,S08,Quiet,1
P024,29,White,Male,Yes,6,S26,Moderate_Noise,0
P024,29,White,Male,Yes,7,S04,Quiet,0
P024,29,White,Male,Yes,8,S30,Heavy_Noise,0
P024,29,White,Male,Yes,9,S25,Heavy_Noise,0
P024,29,White,Male,Yes,10,S06,Heavy_Noise,1
P024,29,White,Male,Yes,11,S01,Moderate_Noise,1
P024,29,White,Male,Yes,12,S25,Moderate_Noise,1
P024,29,White,Male,Yes,13,S19,Heavy_Noise,1
P024,29,White,Male,Yes,14,S31,Moderate_Noise,1
P024,29,White,Male,Yes,15,S36,Quiet,0
P024,29,White,Male,Yes,16,S24,Heavy_Noise,0
P024,29,White,Male,Yes,17,S32,Heavy_Noise,0
P024,29,White,Male,Yes,18,S16,Heavy_Noise,1
P024,29,White,Male,Yes,19,S10,Moderate_Noise,1
P024,29,White,Male,Yes,20,S18,Moderate_Noise,0
P024,29,White,Male,Yes,21,S01,Heavy_Noise,1
P024,29,White,Male,Yes,22,S18,Quiet,0
P024,29,White,Male,Yes,23,S35,Quiet,1
P024,29,White,Male,Yes,24,S34,Heavy_Noise,1
P024,29,White,Male,Yes,25,S32,Moderate_Noise,1
P024,29,White,Male,Yes,26,S10,Quiet,1
P024,29,White,Male,Yes,27,S31,Heavy_Noise,0
P024,29,White,Male,Yes,28,S27,Quiet,1
P024,29,White,Male,Yes,29,S03,Quiet,1
P024,29,White,Male,Yes,30,S21,Quiet,1
P024,29,White,Male,Yes,31,S07,Heavy_Noise,1
P024,29,White,Male,Yes,32,S20,Heavy_Noise,1
P024,29,White,Male,Yes,33,S26,Quiet,1
P024,29,White,Male,Yes,34,S17,Heavy_Noise,0
P024,29,White,Male,Yes,35,S31,Quiet,1
P024,29,White,Male,Yes,36,S33,Moderate_Noise,0
P024,29,White,Male,Yes,37,S12,Quiet,1
P024,29,White,Male,Yes,38,S08,Moderate_Noise,1
P024,29,White,Male,Yes,39,S18,Heavy_Noise,0
P024,29,White,Male,Yes,40,S11,Heavy_Noise,0
P024,29,White,Male,Yes,41,S35,Moderate_Noise,1
P024,29,White,Male,Yes,42,S17,Moderate_Noise,0
P024,29,White,Male,Yes,43,S16,Moderate_Noise,1
P024,29,White,Male,Yes,44,S23,Quiet,1
P024,29,White,Male,Yes,45,S01,Quiet,1
P024,29,White,Male,Yes,46,S15,Quiet,1
P024,29,White,Male,Yes,47,S03,Heavy_Noise,0
P024,29,White,Male,Yes,48,S26,Heavy_Noise,1
P024,29,White,Male,Yes,49,S23,Moderate_Noise,1
P024,29,White,Male,Yes,50,S14,Quiet,1
P024,29,White,Male,Yes,51,S28,Quiet,1
P024,29,White,Male,Yes,52,S23,Heavy_Noise,1
P024,29,White,Male,Yes,53,S24,Moderate_Noise,1
P024,29,White,Male,Yes,54,S02,Moderate_Noise,1
P024,29,White,Male,Yes,55,S22,Moderate_Noise,1
P024,29,White,Male,Yes,56,S28,Heavy_Noise,1
P024,29,White,Male,Yes,57,S30,Moderate_Noise,0
P024,29,White,Male,Yes,58,S36,Heavy_Noise,0
P024,29,White,Male,Yes,59,S29,Heavy_Noise,1
P024,29,White,Male,Yes,60,S06,Quiet,1
P024,29,White,Male,Yes,61,S16,Quiet,1
P024,29,White,Male,Yes,62,S03,Moderate_Noise,1
P024,29,White,Male,Yes,63,S33,Quiet,1
P024,29,White,Male,Yes,64,S14,Heavy_Noise,1
P024,29,White,Male,Yes,65,S21,Heavy_Noise,1
P024,29,White,Male,Yes,66,S06,Moderate_Noise,0
P024,29,White,Male,Yes,67,S13,Moderate_Noise,1
P024,29,White,Male,Yes,68,S29,Moderate_Noise,1
P024,29,White,Male,Yes,69,S15,Moderate_Noise,1
P024,29,White,Male,Yes,70,S05,Moderate_Noise,1
P024,29,White,Male,Yes,71,S27,Heavy_Noise,1
P024,29,White,Male,Yes,72,S08,Heavy_Noise,0
P024,29,White,Male,Yes,73,S02,Quiet,1
P024,29,White,Male,Yes,74,S07,Moderate_Noise,1
P024,29,White,Male,Yes,75,S20,Moderate_Noise,1
P024,29,White,Male,Yes,76,S12,Moderate_Noise,1
P024,29,White,Male,Yes,77,S35,Heavy_Noise,0
P024,29,White,Male,Yes,78,S04,Moderate_Noise,1
P024,29,White,Male,Yes,79,S17,Quiet,1
P024,29,White,Male,Yes,80,S05,Quiet,1
P024,29,White,Male,Yes,81,S36,Moderate_Noise,1
P024,29,White,Male,Yes,82,S30,Quiet,0
P024,29,White,Male,Yes,83,S19,Quiet,1
P024,29,White,Male,Yes,84,S09,Moderate_Noise,0
P024,29,White,Male,Yes,85,S04,Heavy_Noise,1
P024,29,White,Male,Yes,86,S05,Heavy_Noise,1
P024,29,White,Male,Yes,87,S34,Quiet,0
P024,29,White,Male,Yes,88,S20,Quiet,1
P024,29,White,Male,Yes,89,S19,Moderate_Noise,1
P024,29,White,Male,Yes,90,S09,Heavy_Noise,0
P024,29,White,Male,Yes,91,S13,Heavy_Noise,1
P024,29,White,Male,Yes,92,S15,Heavy_Noise,1
P024,29,White,Male,Yes,93,S12,Heavy_Noise,1
P024,29,White,Male,Yes,94,S28,Moderate_Noise,1
P024,29,White,Male,Yes,95,S24,Quiet,1
P024,29,White,Male,Yes,96,S22,Quiet,1
P024,29,White,Male,Yes,97,S14,Moderate_Noise,1
P024,29,White,Male,Yes,98,S25,Quiet,1
P024,29,White,Male,Yes,99,S29,Quiet,1
P024,29,White,Male,Yes,100,S09,Quiet,0
P024,29,White,Male,Yes,101,S27,Moderate_Noise,1
P024,29,White,Male,Yes,102,S34,Moderate_Noise,1
P024,29,White,Male,Yes,103,S02,Heavy_Noise,1
P024,29,White,Male,Yes,104,S21,Moderate_Noise,1
P024,29,White,Male,Yes,105,S32,Quiet,1
P024,29,White,Male,Yes,106,S11,Quiet,1
P024,29,White,Male,Yes,107,S33,Heavy_Noise,0
P024,29,White,Male,Yes,108,S11,Moderate_Noise,1
P025,18,White,Male,Yes,1,S06,Quiet,0
P025,18,White,Male,Yes,2,S21,Quiet,1
P025,18,White,Male,Yes,3,S23,Heavy_Noise,1
P025,18,White,Male,Yes,4,S24,Quiet,1
P025,18,White,Male,Yes,5,S08,Heavy_Noise,0
P025,18,White,Male,Yes,6,S13,Quiet,1
P025,18,White,Male,Yes,7,S18,Quiet,1
P025,18,White,Male,Yes,8,S30,Moderate_Noise,0
P025,18,White,Male,Yes,9,S14,Moderate_Noise,0
P025,18,White,Male,Yes,10,S35,Moderate_Noise,0
P025,18,White,Male,Yes,11,S33,Heavy_Noise,1
P025,18,White,Male,Yes,12,S27,Heavy_Noise,1
P025,18,White,Male,Yes,13,S28,Moderate_Noise,1
P025,18,White,Male,Yes,14,S02,Moderate_Noise,1
P025,18,White,Male,Yes,15,S28,Quiet,0
P025,18,White,Male,Yes,16,S05,Moderate_Noise,1
P025,18,White,Male,Yes,17,S05,Heavy_Noise,1
P025,18,White,Male,Yes,18,S18,Moderate_Noise,1
P025,18,White,Male,Yes,19,S26,Moderate_Noise,1
P025,18,White,Male,Yes,20,S13,Heavy_Noise,1
P025,18,White,Male,Yes,21,S08,Moderate_Noise,0
P025,18,White,Male,Yes,22,S15,Quiet,1
P025,18,White,Male,Yes,23,S16,Moderate_Noise,1
P025,18,White,Male,Yes,24,S11,Heavy_Noise,0
P025,18,White,Male,Yes,25,S31,Heavy_Noise,1
P025,18,White,Male,Yes,26,S16,Heavy_Noise,0
P025,18,White,Male,Yes,27,S25,Quiet,1
P025,18,White,Male,Yes,28,S19,Quiet,1
P025,18,White,Male,Yes,29,S10,Heavy_Noise,1
P025,18,White,Male,Yes,30,S07,Quiet,1
P025,18,White,Male,Yes,31,S17,Moderate_Noise,0
P025,18,White,Male,Yes,32,S03,Heavy_Noise,1
P025,18,White,Male,Yes,33,S01,Heavy_Noise,1
P025,18,White,Male,Yes,34,S34,Quiet,1
P025,18,White,Male,Yes,35,S32,Moderate_Noise,1
P025,18,White,Male,Yes,36,S33,Moderate_Noise,1
P025,18,White,Male,Yes,37,S28,Heavy_Noise,0
P025,18,White,Male,Yes,38,S22,Quiet,1
P025,18,White,Male,Yes,39,S21,Moderate_Noise,1
P025,18,White,Male,Yes,40,S09,Moderate_Noise,1
P025,18,White,Male,Yes,41,S25,Moderate_Noise,1
P025,18,White,Male,Yes,42,S12,Quiet,1
P025,18,White,Male,Yes,43,S21,Heavy_Noise,1
P025,18,White,Male,Yes,44,S07,Heavy_Noise,1
P025,18,White,Male,Yes,45,S14,Quiet,1
P025,18,White,Male,Yes,46,S13,Moderate_Noise,1
P025,18,White,Male,Yes,47,S29,Quiet,0
P025,18,White,Male,Yes,48,S30,Heavy_Noise,0
P025,18,White,Male,Yes,49,S34,Moderate_Noise,0
P025,18,White,Male,Yes,50,S29,Moderate_Noise,1
P025,18,White,Male,Yes,51,S24,Moderate_Noise,1
P025,18,White,Male,Yes,52,S32,Quiet,1
P025,18,White,Male,Yes,53,S23,Quiet,0
P025,18,White,Male,Yes,54,S22,Moderate_Noise,1
P025,18,White,Male,Yes,55,S17,Quiet,1
P025,18,White,Male,Yes,56,S24,Heavy_Noise,1
P025,18,White,Male,Yes,57,S32,Heavy_Noise,1
P025,18,White,Male,Yes,58,S01,Quiet,1
P025,18,White,Male,Yes,59,S04,Quiet,1
P025,18,White,Male,Yes,60,S09,Quiet,1
P025,18,White,Male,Yes,61,S36,Heavy_Noise,1
P025,18,White,Male,Yes,62,S36,Moderate_Noise,0
P025,18,White,Male,Yes,63,S08,Quiet,0
P025,18,White,Male,Yes,64,S20,Heavy_Noise,0
P025,18,White,Male,Yes,65,S27,Moderate_Noise,1
P025,18,White,Male,Yes,66,S27,Quiet,1
P025,18,White,Male,Yes,67,S12,Moderate_Noise,0
P025,18,White,Male,Yes,68,S06,Moderate_Noise,1
P025,18,White,Male,Yes,69,S04,Heavy_Noise,1
P025,18,White,Male,Yes,70,S31,Moderate_Noise,1
P025,18,White,Male,Yes,71,S36,Quiet,1
P025,18,White,Male,Yes,72,S35,Quiet,0
P025,18,White,Male,Yes,73,S17,Heavy_Noise,0
P025,18,White,Male,Yes,74,S15,Heavy_Noise,0
P025,18,White,Male,Yes,75,S02,Quiet,0
P025,18,White,Male,Yes,76,S20,Quiet,1
P025,18,White,Male,Yes,77,S31,Quiet,1
P025,18,White,Male,Yes,78,S01,Moderate_Noise,1
P025,18,White,Male,Yes,79,S11,Quiet,0
P025,18,White,Male,Yes,80,S10,Quiet,1
P025,18,White,Male,Yes,81,S03,Moderate_Noise,0
P025,18,White,Male,Yes,82,S19,Heavy_Noise,0
P025,18,White,Male,Yes,83,S12,Heavy_Noise,1
P025,18,White,Male,Yes,84,S06,Heavy_Noise,0
P025,18,White,Male,Yes,85,S07,Moderate_Noise,1
P025,18,White,Male,Yes,86,S30,Quiet,0
P025,18,White,Male,Yes,87,S22,Heavy_Noise,1
P025,18,White,Male,Yes,88,S19,Moderate_Noise,1
P025,18,White,Male,Yes,89,S03,Quiet,1
P025,18,White,Male,Yes,90,S23,Moderate_Noise,1
P025,18,White,Male,Yes,91,S26,Quiet,1
P025,18,White,Male,Yes,92,S14,Heavy_Noise,0
P025,18,White,Male,Yes,93,S34,Heavy_Noise,1
P025,18,White,Male,Yes,94,S25,Heavy_Noise,1
P025,18,White,Male,Yes,95,S33,Quiet,1
P025,18,White,Male,Yes,96,S18,Heavy_Noise,0
P025,18,White,Male,Yes,97,S02,Heavy_Noise,0
P025,18,White,Male,Yes,98,S20,Moderate_Noise,1
P025,18,White,Male,Yes,99,S04,Moderate_Noise,1
P025,18,White,Male,Yes,100,S16,Quiet,1
P025,18,White,Male,Yes,101,S15,Moderate_Noise,1
P025,18,White,Male,Yes,102,S26,Heavy_Noise,1
P025,18,White,Male,Yes,103,S35,Heavy_Noise,1
P025,18,White,Male,Yes,104,S05,Quiet,0
P025,18,White,Male,Yes,105,S11,Moderate_Noise,0
P025,18,White,Male,Yes,106,S10,Moderate_Noise,0
P025,18,White,Male,Yes,107,S09,Heavy_Noise,0
P025,18,White,Male,Yes,108,S29,Heavy_Noise,1
P026,27,White,Female,Yes,1,S30,Moderate_Noise,0
P026,27,White,Female,Yes,2,S05,Moderate_Noise,1
P026,27,White,Female,Yes,3,S26,Heavy_Noise,1
P026,27,White,Female,Yes,4,S22,Quiet,1
P026,27,White,Female,Yes,5,S31,Quiet,1
P026,27,White,Female,Yes,6,S18,Heavy_Noise,0
P026,27,White,Female,Yes,7,S21,Moderate_Noise,0
P026,27,White,Female,Yes,8,S05,Heavy_Noise,0
P026,27,White,Female,Yes,9,S08,Quiet,1
P026,27,White,Female,Yes,10,S34,Heavy_Noise,0
P026,27,White,Female,Yes,11,S02,Moderate_Noise,1
P026,27,White,Female,Yes,12,S01,Heavy_Noise,0
P026,27,White,Female,Yes,13,S14,Quiet,1
P026,27,White,Female,Yes,14,S24,Heavy_Noise,0
P026,27,White,Female,Yes,15,S34,Moderate_Noise,1
P026,27,White,Female,Yes,16,S18,Moderate_Noise,0
P026,27,White,Female,Yes,17,S20,Heavy_Noise,0
P026,27,White,Female,Yes,18,S22,Heavy_Noise,1
P026,27,White,Female,Yes,19,S10,Heavy_Noise,0
P026,27,White,Female,Yes,20,S34,Quiet,0
P026,27,White,Female,Yes,21,S18,Quiet,0
P026,27,White,Female,Yes,22,S17,Moderate_Noise,0
P026,27,White,Female,Yes,23,S01,Quiet,0
P026,27,White,Female,Yes,24,S23,Heavy_Noise,0
P026,27,White,Female,Yes,25,S36,Moderate_Noise,1
P026,27,White,Female,Yes,26,S21,Heavy_Noise,0
P026,27,White,Female,Yes,27,S10,Quiet,1
P026,27,White,Female,Yes,28,S32,Moderate_Noise,0
P026,27,White,Female,Yes,29,S16,Heavy_Noise,0
P026,27,White,Female,Yes,30,S10,Moderate_Noise,0
P026,27,White,Female,Yes,31,S03,Quiet,1
P026,27,White,Female,Yes,32,S13,Heavy_Noise,1
P026,27,White,Female,Yes,33,S09,Moderate_Noise,1
P026,27,White,Female,Yes,34,S04,Moderate_Noise,1
P026,27,White,Female,Yes,35,S08,Moderate_Noise,0
P026,27,White,Female,Yes,36,S13,Moderate_Noise,0
P026,27,White,Female,Yes,37,S22,Moderate_Noise,1
P026,27,White,Female,Yes,38,S07,Quiet,1
P026,27,White,Female,Yes,39,S17,Quiet,0
P026,27,White,Female,Yes,40,S25,Quiet,0
P026,27,White,Female,Yes,41,S24,Moderate_Noise,1
P026,27,White,Female,Yes,42,S14,Heavy_Noise,0
P026,27,White,Female,Yes,43,S33,Heavy_Noise,0
P026,27,White,Female,Yes,44,S31,Moderate_Noise,1
P026,27,White,Female,Yes,45,S12,Heavy_Noise,1
P026,27,White,Female,Yes,46,S12,Quiet,1
P026,27,White,Female,Yes,47,S14,Moderate_Noise,0
P026,27,White,Female,Yes,48,S15,Heavy_Noise,1
P026,27,White,Female,Yes,49,S35,Moderate_Noise,0
P026,27,White,Female,Yes,50,S08,Heavy_Noise,0
P026,27,White,Female,Yes,51,S35,Heavy_Noise,0
P026,27,White,Female,Yes,52,S25,Moderate_Noise,1
P026,27,White,Female,Yes,53,S16,Quiet,1
P026,27,White,Female,Yes,54,S24,Quiet,1
P026,27,White,Female,Yes,55,S26,Moderate_Noise,1
P026,27,White,Female,Yes,56,S07,Moderate_Noise,1
P026,27,White,Female,Yes,57,S02,Heavy_Noise,1
P026,27,White,Female,Yes,58,S21,Quiet,0
P026,27,White,Female,Yes,59,S33,Quiet,1
P026,27,White,Female,Yes,60,S20,Quiet,1
P026,27,White,Female,Yes,61,S28,Moderate_Noise,1
P026,27,White,Female,Yes,62,S04,Quiet,1
P026,27,White,Female,Yes,63,S09,Heavy_Noise,0
P026,27,White,Female,Yes,64,S11,Quiet,1
P026,27,White,Female,Yes,65,S33,Moderate_Noise,1
P026,27,White,Female,Yes,66,S01,Moderate_Noise,0
P026,27,White,Female,Yes,67,S36,Heavy_Noise,0
P026,27,White,Female,Yes,68,S30,Heavy_Noise,0
P026,27,White,Female,Yes,69,S06,Quiet,1
P026,27,White,Female,Yes,70,S36,Quiet,0
P026,27,White,Female,Yes,71,S32,Heavy_Noise,1
P026,27,White,Female,Yes,72,S06,Heavy_Noise,0
P026,27,White,Female,Yes,73,S32,Quiet,1
P026,27,White,Female,Yes,74,S13,Quiet,1
P026,27,White,Female,Yes,75,S29,Moderate_Noise,1
P026,27,White,Female,Yes,76,S27,Moderate_Noise,1
P026,27,White,Female,Yes,77,S28,Heavy_Noise,1
P026,27,White,Female,Yes,78,S26,Quiet,1
P026,27,White,Female,Yes,79,S28,Quiet,1
P026,27,White,Female,Yes,80,S07,Heavy_Noise,1
P026,27,White,Female,Yes,81,S03,Moderate_Noise,1
P026,27,White,Female,Yes,82,S29,Quiet,1
P026,27,White,Female,Yes,83,S23,Moderate_Noise,1
P026,27,White,Female,Yes,84,S30,Quiet,1
P026,27,White,Female,Yes,85,S03,Heavy_Noise,0
P026,27,White,Female,Yes,86,S25,Heavy_Noise,1
P026,27,White,Female,Yes,87,S27,Heavy_Noise,1
P026,27,White,Female,Yes,88,S16,Moderate_Noise,1
P026,27,White,Female,Yes,89,S06,Moderate_Noise,0
P026,27,White,Female,Yes,90,S29,Heavy_Noise,0
P026,27,White,Female,Yes,91,S05,Quiet,1
P026,27,White,Female,Yes,92,S31,Heavy_Noise,1
P026,27,White,Female,Yes,93,S09,Quiet,0
P026,27,White,Female,Yes,94,S04,Heavy_Noise,0
P026,27,White,Female,Yes,95,S20,Moderate_Noise,1
P026,27,White,Female,Yes,96,S19,Quiet,1
P026,27,White,Female,Yes,97,S11,Moderate_Noise,0
P026,27,White,Female,Yes,98,S12,Moderate_Noise,1
P026,27,White,Female,Yes,99,S15,Moderate_Noise,0
P026,27,White,Female,Yes,100,S19,Moderate_Noise,1
P026,27,White,Female,Yes,101,S11,Heavy_Noise,0
P026,27,White,Female,Yes,102,S02,Quiet,1
P026,27,White,Female,Yes,103,S23,Quiet,0
P026,27,White,Female,Yes,104,S15,Quiet,0
P026,27,White,Female,Yes,105,S17,Heavy_Noise,1
P026,27,White,Female,Yes,106,S19,Heavy_Noise,0
P026,27,White,Female,Yes,107,S27,Quiet,1
P026,27,White,Female,Yes,108,S35,Quiet,1
P027,32,Hispanic or Latino,Female,Yes,1,S13,Moderate_Noise,1
P027,32,Hispanic or Latino,Female,Yes,2,S22,Quiet,1
P027,32,Hispanic or Latino,Female,Yes,3,S18,Moderate_Noise,0
P027,32,Hispanic or Latino,Female,Yes,4,S14,Heavy_Noise,0
P027,32,Hispanic or Latino,Female,Yes,5,S36,Quiet,1
P027,32,Hispanic or Latino,Female,Yes,6,S29,Heavy_Noise,1
P027,32,Hispanic or Latino,Female,Yes,7,S15,Heavy_Noise,1
P027,32,Hispanic or Latino,Female,Yes,8,S26,Heavy_Noise,1
P027,32,Hispanic or Latino,Female,Yes,9,S07,Heavy_Noise,1
P027,32,Hispanic or Latino,Female,Yes,10,S02,Heavy_Noise,1
P027,32,Hispanic or Latino,Female,Yes,11,S04,Quiet,1
P027,32,Hispanic or Latino,Female,Yes,12,S30,Quiet,0
P027,32,Hispanic or Latino,Female,Yes,13,S35,Quiet,1
P027,32,Hispanic or Latino,Female,Yes,14,S15,Moderate_Noise,1
P027,32,Hispanic or Latino,Female,Yes,15,S17,Quiet,0
P027,32,Hispanic or Latino,Female,Yes,16,S11,Heavy_Noise,0
P027,32,Hispanic or Latino,Female,Yes,17,S32,Heavy_Noise,1
P027,32,Hispanic or Latino,Female,Yes,18,S35,Moderate_Noise,1
P027,32,Hispanic or Latino,Female,Yes,19,S33,Heavy_Noise,0
P027,32,Hispanic or Latino,Female,Yes,20,S08,Heavy_Noise,1
P027,32,Hispanic or Latino,Female,Yes,21,S24,Quiet,1
P027,32,Hispanic or Latino,Female,Yes,22,S06,Heavy_Noise,0
P027,32,Hispanic or Latino,Female,Yes,23,S02,Moderate_Noise,0
P027,32,Hispanic or Latino,Female,Yes,24,S11,Quiet,1
P027,32,Hispanic or Latino,Female,Yes,25,S14,Moderate_Noise,0
P027,32,Hispanic or Latino,Female,Yes,26,S12,Moderate_Noise,1
P027,32,Hispanic or Latino,Female,Yes,27,S24,Moderate_Noise,1
P027,32,Hispanic or Latino,Female,Yes,28,S11,Moderate_Noise,1
P027,32,Hispanic or Latino,Female,Yes,29,S30,Heavy_Noise,0
P027,32,Hispanic or Latino,Female,Yes,30,S31,Heavy_Noise,1
P027,32,Hispanic or Latino,Female,Yes,31,S06,Moderate_Noise,1
P027,32,Hispanic or Latino,Female,Yes,32,S29,Quiet,1
P027,32,Hispanic or Latino,Female,Yes,33,S17,Heavy_Noise,0
P027,32,Hispanic or Latino,Female,Yes,34,S23,Moderate_Noise,1
P027,32,Hispanic or Latino,Female,Yes,35,S03,Moderate_Noise,1
P027,32,Hispanic or Latino,Female,Yes,36,S01,Quiet,1
P027,32,Hispanic or Latino,Female,Yes,37,S21,Quiet,1
P027,32,Hispanic or Latino,Female,Yes,38,S12,Quiet,1
P027,32,Hispanic or Latino,Female,Yes,39,S25,Quiet,1
P027,32,Hispanic or Latino,Female,Yes,40,S09,Quiet,1
P027,32,Hispanic or Latino,Female,Yes,41,S01,Moderate_Noise,1
P027,32,Hispanic or Latino,Female,Yes,42,S13,Quiet,1
P027,32,Hispanic or Latino,Female,Yes,43,S34,Quiet,1
P027,32,Hispanic or Latino,Female,Yes,44,S31,Quiet,1
P027,32,Hispanic or Latino,Female,Yes,45,S08,Quiet,0
P027,32,Hispanic or Latino,Female,Yes,46,S23,Heavy_Noise,1
P027,32,Hispanic or Latino,Female,Yes,47,S28,Heavy_Noise,1
P027,32,Hispanic or Latino,Female,Yes,48,S05,Quiet,1
P027,32,Hispanic or Latino,Female,Yes,49,S28,Moderate_Noise,1
P027,32,Hispanic or Latino,Female,Yes,50,S22,Moderate_Noise,1
P027,32,Hispanic or Latino,Female,Yes,51,S17,Moderate_Noise,0
P027,32,Hispanic or Latino,Female,Yes,52,S32,Quiet,1
P027,32,Hispanic or Latino,Female,Yes,53,S30,Moderate_Noise,1
P027,32,Hispanic or Latino,Female,Yes,54,S16,Heavy_Noise,1
P027,32,Hispanic or Latino,Female,Yes,55,S32,Moderate_Noise,1
P027,32,Hispanic or Latino,Female,Yes,56,S05,Heavy_Noise,1
P027,32,Hispanic or Latino,Female,Yes,57,S18,Quiet,1
P027,32,Hispanic or Latino,Female,Yes,58,S35,Heavy_Noise,0
P027,32,Hispanic or Latino,Female,Yes,59,S19,Moderate_Noise,1
P027,32,Hispanic or Latino,Female,Yes,60,S20,Quiet,0
P027,32,Hispanic or Latino,Female,Yes,61,S22,Heavy_Noise,0
P027,32,Hispanic or Latino,Female,Yes,62,S18,Heavy_Noise,0
P027,32,Hispanic or Latino,Female,Yes,63,S02,Quiet,1
P027,32,Hispanic or Latino,Female,Yes,64,S19,Heavy_Noise,1
P027,32,Hispanic or Latino,Female,Yes,65,S36,Moderate_Noise,1
P027,32,Hispanic or Latino,Female,Yes,66,S04,Heavy_Noise,1
P027,32,Hispanic or Latino,Female,Yes,67,S31,Moderate_Noise,1
P027,32,Hispanic or Latino,Female,Yes,68,S34,Heavy_Noise,1
P027,32,Hispanic or Latino,Female,Yes,69,S19,Quiet,1
P027,32,Hispanic or Latino,Female,Yes,70,S21,Heavy_Noise,1
P027,32,Hispanic or Latino,Female,Yes,71,S04,Moderate_Noise,1
P027,32,Hispanic or Latino,Female,Yes,72,S09,Moderate_Noise,1
P027,32,Hispanic or Latino,Female,Yes,73,S28,Quiet,1
P027,32,Hispanic or Latino,Female,Yes,74,S16,Moderate_Noise,1
P027,32,Hispanic or Latino,Female,Yes,75,S10,Moderate_Noise,0
P027,32,Hispanic or Latino,Female,Yes,76,S07,Moderate_Noise,1
P027,32,Hispanic or Latino,Female,Yes,77,S27,Quiet,0
P027,32,Hispanic or Latino,Female,Yes,78,S29,Moderate_Noise,0
P027,32,Hispanic or Latino,Female,Yes,79,S34,Moderate_Noise,0
P027,32,Hispanic or Latino,Female,Yes,80,S14,Quiet,0
P027,32,Hispanic or Latino,Female,Yes,81,S12,Heavy_Noise,1
P027,32,Hispanic or Latino,Female,Yes,82,S25,Moderate_Noise,1
P027,32,Hispanic or Latino,Female,Yes,83,S01,Heavy_Noise,0
P027,32,Hispanic or Latino,Female,Yes,84,S27,Heavy_Noise,1
P027,32,Hispanic or Latino,Female,Yes,85,S23,Quiet,1
P027,32,Hispanic or Latino,Female,Yes,86,S10,Quiet,1
P027,32,Hispanic or Latino,Female,Yes,87,S15,Quiet,1
P027,32,Hispanic or Latino,Female,Yes,88,S24,Heavy_Noise,1
P027,32,Hispanic or Latino,Female,Yes,89,S33,Moderate_Noise,0
P027,32,Hispanic or Latino,Female,Yes,90,S36,Heavy_Noise,0
P027,32,Hispanic or Latino,Female,Yes,91,S20,Moderate_Noise,1
P027,32,Hispanic or Latino,Female,Yes,92,S09,Heavy_Noise,0
P027,32,Hispanic or Latino,Female,Yes,93,S03,Heavy_Noise,1
P027,32,Hispanic or Latino,Female,Yes,94,S20,Heavy_Noise,1
P027,32,Hispanic or Latino,Female,Yes,95,S06,Quiet,1
P027,32,Hispanic or Latino,Female,Yes,96,S05,Moderate_Noise,1
P027,32,Hispanic or Latino,Female,Yes,97,S10,Heavy_Noise,0
P027,32,Hispanic or Latino,Female,Yes,98,S16,Quiet,1
P027,32,Hispanic or Latino,Female,Yes,99,S27,Moderate_Noise,1
P027,32,Hispanic or Latino,Female,Yes,100,S25,Heavy_Noise,0
P027,32,Hispanic or Latino,Female,Yes,101,S26,Moderate_Noise,1
P027,32,Hispanic or Latino,Female,Yes,102,S13,Heavy_Noise,1
P027,32,Hispanic or Latino,Female,Yes,103,S21,Moderate_Noise,1
P027,32,Hispanic or Latino,Female,Yes,104,S03,Quiet,1
P027,32,Hispanic or Latino,Female,Yes,105,S33,Quiet,1
P027,32,Hispanic or Latino,Female,Yes,106,S08,Moderate_Noise,0
P027,32,Hispanic or Latino,Female,Yes,107,S07,Quiet,1
P027,32,Hispanic or Latino,Female,Yes,108,S26,Quiet,1
P028,22,White,Male,Yes,1,S33,Moderate_Noise,0
P028,22,White,Male,Yes,2,S09,Heavy_Noise,0
P028,22,White,Male,Yes,3,S09,Moderate_Noise,0
P028,22,White,Male,Yes,4,S06,Heavy_Noise,0
P028,22,White,Male,Yes,5,S01,Heavy_Noise,0
P028,22,White,Male,Yes,6,S20,Heavy_Noise,0
P028,22,White,Male,Yes,7,S28,Heavy_Noise,0
P028,22,White,Male,Yes,8,S26,Quiet,1
P028,22,White,Male,Yes,9,S14,Moderate_Noise,1
P028,22,White,Male,Yes,10,S17,Quiet,0
P028,22,White,Male,Yes,11,S18,Moderate_Noise,0
P028,22,White,Male,Yes,12,S12,Quiet,0
P028,22,White,Male,Yes,13,S30,Quiet,1
P028,22,White,Male,Yes,14,S25,Quiet,0
P028,22,White,Male,Yes,15,S14,Quiet,0
P028,22,White,Male,Yes,16,S03,Heavy_Noise,0
P028,22,White,Male,Yes,17,S08,Quiet,0
P028,22,White,Male,Yes,18,S19,Quiet,1
P028,22,White,Male,Yes,19,S26,Moderate_Noise,0
P028,22,White,Male,Yes,20,S06,Moderate_Noise,0
P028,22,White,Male,Yes,21,S07,Moderate_Noise,1
P028,22,White,Male,Yes,22,S07,Heavy_Noise,1
P028,22,White,Male,Yes,23,S02,Quiet,0
P028,22,White,Male,Yes,24,S34,Heavy_Noise,0
P028,22,White,Male,Yes,25,S26,Heavy_Noise,0
P028,22,White,Male,Yes,26,S29,Heavy_Noise,0
P028,22,White,Male,Yes,27,S07,Quiet,1
P028,22,White,Male,Yes,28,S23,Heavy_Noise,1
P028,22,White,Male,Yes,29,S13,Quiet,0
P028,22,White,Male,Yes,30,S31,Heavy_Noise,0
P028,22,White,Male,Yes,31,S29,Moderate_Noise,0
P028,22,White,Male,Yes,32,S29,Quiet,0
P028,22,White,Male,Yes,33,S28,Quiet,1
P028,22,White,Male,Yes,34,S04,Moderate_Noise,1
P028,22,White,Male,Yes,35,S05,Moderate_Noise,0
P028,22,White,Male,Yes,36,S21,Quiet,0
P028,22,White,Male,Yes,37,S22,Quiet,1
P028,22,White,Male,Yes,38,S04,Heavy_Noise,1
P028,22,White,Male,Yes,39,S21,Moderate_Noise,0
P028,22,White,Male,Yes,40,S06,Quiet,0
P028,22,White,Male,Yes,41,S09,Quiet,1
P028,22,White,Male,Yes,42,S02,Moderate_Noise,0
P028,22,White,Male,Yes,43,S16,Heavy_Noise,0
P028,22,White,Male,Yes,44,S34,Quiet,0
P028,22,White,Male,Yes,45,S08,Heavy_Noise,0
P028,22,White,Male,Yes,46,S36,Heavy_Noise,0
P028,22,White,Male,Yes,47,S21,Heavy_Noise,1
P028,22,White,Male,Yes,48,S05,Heavy_Noise,0
P028,22,White,Male,Yes,49,S20,Moderate_Noise,1
P028,22,White,Male,Yes,50,S11,Quiet,0
P028,22,White,Male,Yes,51,S23,Moderate_Noise,0
P028,22,White,Male,Yes,52,S25,Moderate_Noise,0
P028,22,White,Male,Yes,53,S03,Moderate_Noise,1
P028,22,White,Male,Yes,54,S16,Moderate_Noise,1
P028,22,White,Male,Yes,55,S17,Moderate_Noise,0
P028,22,White,Male,Yes,56,S24,Moderate_Noise,1
P028,22,White,Male,Yes,57,S27,Heavy_Noise,0
P028,22,White,Male,Yes,58,S12,Heavy_Noise,1
P028,22,White,Male,Yes,59,S12,Moderate_Noise,1
P028,22,White,Male,Yes,60,S15,Heavy_Noise,0
P028,22,White,Male,Yes,61,S04,Quiet,0
P028,22,White,Male,Yes,62,S13,Heavy_Noise,0
P028,22,White,Male,Yes,63,S27,Quiet,0
P028,22,White,Male,Yes,64,S31,Quiet,1
P028,22,White,Male,Yes,65,S13,Moderate_Noise,0
P028,22,White,Male,Yes,66,S34,Moderate_Noise,0
P028,22,White,Male,Yes,67,S19,Moderate_Noise,0
P028,22,White,Male,Yes,68,S22,Heavy_Noise,0
P028,22,White,Male,Yes,69,S36,Moderate_Noise,0
P028,22,White,Male,Yes,70,S18,Heavy_Noise,0
P028,22,White,Male,Yes,71,S14,Heavy_Noise,0
P028,22,White,Male,Yes,72,S16,Quiet,0
P028,22,White,Male,Yes,73,S11,Heavy_Noise,0
P028,22,White,Male,Yes,74,S15,Moderate_Noise,0
P028,22,White,Male,Yes,75,S08,Moderate_Noise,0
P028,22,White,Male,Yes,76,S33,Quiet,1
P028,22,White,Male,Yes,77,S24,Quiet,1
P028,22,White,Male,Yes,78,S18,Quiet,1
P028,22,White,Male,Yes,79,S35,Heavy_Noise,0
P028,22,White,Male,Yes,80,S33,Heavy_Noise,0
P028,22,White,Male,Yes,81,S27,Moderate_Noise,0
P028,22,White,Male,Yes,82,S32,Moderate_Noise,1
P028,22,White,Male,Yes,83,S15,Quiet,0
P028,22,White,Male,Yes,84,S01,Moderate_Noise,0
P028,22,White,Male,Yes,85,S03,Quiet,1
P028,22,White,Male,Yes,86,S32,Heavy_Noise,0
P028,22,White,Male,Yes,87,S24,Heavy_Noise,0
P028,22,White,Male,Yes,88,S11,Moderate_Noise,0
P028,22,White,Male,Yes,89,S22,Moderate_Noise,0
P028,22,White,Male,Yes,90,S32,Quiet,1
P028,22,White,Male,Yes,91,S10,Heavy_Noise,1
P028,22,White,Male,Yes,92,S10,Moderate_Noise,0
P028,22,White,Male,Yes,93,S01,Quiet,1
P028,22,White,Male,Yes,94,S35,Quiet,0
P028,22,White,Male,Yes,95,S31,Moderate_Noise,0
P028,22,White,Male,Yes,96,S36,Quiet,0
P028,22,White,Male,Yes,97,S28,Moderate_Noise,0
P028,22,White,Male,Yes,98,S35,Moderate_Noise,0
P028,22,White,Male,Yes,99,S20,Quiet,1
P028,22,White,Male,Yes,100,S02,Heavy_Noise,0
P028,22,White,Male,Yes,101,S30,Heavy_Noise,0
P028,22,White,Male,Yes,102,S19,Heavy_Noise,0
P028,22,White,Male,Yes,103,S05,Quiet,1
P028,22,White,Male,Yes,104,S30,Moderate_Noise,0
P028,22,White,Male,Yes,105,S25,Heavy_Noise,0
P028,22,White,Male,Yes,106,S23,Quiet,1
P028,22,White,Male,Yes,107,S10,Quiet,0
P028,22,White,Male,Yes,108,S17,Heavy_Noise,0
P029,19,White,Male,Yes,1,S08,Quiet,1
P029,19,White,Male,Yes,2,S19,Quiet,1
P029,19,White,Male,Yes,3,S17,Heavy_Noise,1
P029,19,White,Male,Yes,4,S02,Heavy_Noise,1
P029,19,White,Male,Yes,5,S19,Heavy_Noise,1
P029,19,White,Male,Yes,6,S25,Heavy_Noise,1
P029,19,White,Male,Yes,7,S17,Moderate_Noise,0
P029,19,White,Male,Yes,8,S30,Quiet,1
P029,19,White,Male,Yes,9,S19,Moderate_Noise,0
P029,19,White,Male,Yes,10,S16,Moderate_Noise,1
P029,19,White,Male,Yes,11,S02,Moderate_Noise,0
P029,19,White,Male,Yes,12,S33,Heavy_Noise,1
P029,19,White,Male,Yes,13,S04,Quiet,1
P029,19,White,Male,Yes,14,S09,Moderate_Noise,1
P029,19,White,Male,Yes,15,S28,Quiet,1
P029,19,White,Male,Yes,16,S04,Heavy_Noise,1
P029,19,White,Male,Yes,17,S10,Quiet,1
P029,19,White,Male,Yes,18,S06,Quiet,0
P029,19,White,Male,Yes,19,S31,Moderate_Noise,1
P029,19,White,Male,Yes,20,S11,Moderate_Noise,1
P029,19,White,Male,Yes,21,S06,Heavy_Noise,1
P029,19,White,Male,Yes,22,S03,Quiet,1
P029,19,White,Male,Yes,23,S14,Quiet,1
P029,19,White,Male,Yes,24,S07,Heavy_Noise,1
P029,19,White,Male,Yes,25,S09,Quiet,1
P029,19,White,Male,Yes,26,S31,Quiet,1
P029,19,White,Male,Yes,27,S13,Heavy_Noise,1
P029,19,White,Male,Yes,28,S29,Quiet,1
P029,19,White,Male,Yes,29,S18,Moderate_Noise,1
P029,19,White,Male,Yes,30,S09,Heavy_Noise,1
P029,19,White,Male,Yes,31,S01,Heavy_Noise,0
P029,19,White,Male,Yes,32,S03,Heavy_Noise,1
P029,19,White,Male,Yes,33,S29,Moderate_Noise,1
P029,19,White,Male,Yes,34,S36,Heavy_Noise,0
P029,19,White,Male,Yes,35,S11,Heavy_Noise,1
P029,19,White,Male,Yes,36,S26,Heavy_Noise,1
P029,19,White,Male,Yes,37,S21,Moderate_Noise,0
P029,19,White,Male,Yes,38,S21,Heavy_Noise,0
P029,19,White,Male,Yes,39,S23,Moderate_Noise,1
P029,19,White,Male,Yes,40,S29,Heavy_Noise,0
P029,19,White,Male,Yes,41,S24,Quiet,1
P029,19,White,Male,Yes,42,S22,Heavy_Noise,1
P029,19,White,Male,Yes,43,S23,Quiet,1
P029,19,White,Male,Yes,44,S07,Quiet,1
P029,19,White,Male,Yes,45,S24,Moderate_Noise,0
P029,19,White,Male,Yes,46,S28,Moderate_Noise,1
P029,19,White,Male,Yes,47,S13,Moderate_Noise,1
P029,19,White,Male,Yes,48,S34,Quiet,0
P029,19,White,Male,Yes,49,S26,Moderate_Noise,1
P029,19,White,Male,Yes,50,S16,Heavy_Noise,1
P029,19,White,Male,Yes,51,S05,Moderate_Noise,0
P029,19,White,Male,Yes,52,S06,Moderate_Noise,1
P029,19,White,Male,Yes,53,S35,Heavy_Noise,0
P029,19,White,Male,Yes,54,S05,Quiet,1
P029,19,White,Male,Yes,55,S35,Moderate_Noise,1
P029,19,White,Male,Yes,56,S12,Heavy_Noise,1
P029,19,White,Male,Yes,57,S25,Moderate_Noise,1
P029,19,White,Male,Yes,58,S23,Heavy_Noise,1
P029,19,White,Male,Yes,59,S14,Moderate_Noise,0
P029,19,White,Male,Yes,60,S10,Moderate_Noise,1
P029,19,White,Male,Yes,61,S05,Heavy_Noise,1
P029,19,White,Male,Yes,62,S12,Moderate_Noise,1
P029,19,White,Male,Yes,63,S33,Quiet,1
P029,19,White,Male,Yes,64,S20,Heavy_Noise,0
P029,19,White,Male,Yes,65,S11,Quiet,0
P029,19,White,Male,Yes,66,S26,Quiet,1
P029,19,White,Male,Yes,67,S18,Heavy_Noise,0
P029,19,White,Male,Yes,68,S25,Quiet,1
P029,19,White,Male,Yes,69,S02,Quiet,1
P029,19,White,Male,Yes,70,S22,Moderate_Noise,0
P029,19,White,Male,Yes,71,S32,Heavy_Noise,1
P029,19,White,Male,Yes,72,S18,Quiet,1
P029,19,White,Male,Yes,73,S20,Quiet,1
P029,19,White,Male,Yes,74,S20,Moderate_Noise,1
P029,19,White,Male,Yes,75,S24,Heavy_Noise,1
P029,19,White,Male,Yes,76,S15,Quiet,1
P029,19,White,Male,Yes,77,S08,Moderate_Noise,1
P029,19,White,Male,Yes,78,S31,Heavy_Noise,1
P029,19,White,Male,Yes,79,S30,Moderate_Noise,1
P029,19,White,Male,Yes,80,S34,Moderate_Noise,1
P029,19,White,Male,Yes,81,S27,Moderate_Noise,1
P029,19,White,Male,Yes,82,S16,Quiet,1
P029,19,White,Male,Yes,83,S15,Heavy_Noise,1
P029,19,White,Male,Yes,84,S35,Quiet,1
P029,19,White,Male,Yes,85,S07,Moderate_Noise,1
P029,19,White,Male,Yes,86,S17,Quiet,1
P029,19,White,Male,Yes,87,S36,Moderate_Noise,1
P029,19,White,Male,Yes,88,S28,Heavy_Noise,0
P029,19,White,Male,Yes,89,S13,Quiet,1
P029,19,White,Male,Yes,90,S15,Moderate_Noise,1
P029,19,White,Male,Yes,91,S12,Quiet,1
P029,19,White,Male,Yes,92,S27,Quiet,1
P029,19,White,Male,Yes,93,S30,Heavy_Noise,1
P029,19,White,Male,Yes,94,S22,Quiet,1
P029,19,White,Male,Yes,95,S03,Moderate_Noise,1
P029,19,White,Male,Yes,96,S08,Heavy_Noise,1
P029,19,White,Male,Yes,97,S34,Heavy_Noise,1
P029,19,White,Male,Yes,98,S01,Moderate_Noise,0
P029,19,White,Male,Yes,99,S21,Quiet,1
P029,19,White,Male,Yes,100,S01,Quiet,0
P029,19,White,Male,Yes,101,S36,Quiet,1
P029,19,White,Male,Yes,102,S04,Moderate_Noise,1
P029,19,White,Male,Yes,103,S32,Quiet,1
P029,19,White,Male,Yes,104,S27,Heavy_Noise,1
P029,19,White,Male,Yes,105,S32,Moderate_Noise,1
P029,19,White,Male,Yes,106,S14,Heavy_Noise,1
P029,19,White,Male,Yes,107,S10,Heavy_Noise,0
P029,19,White,Male,Yes,108,S33,Moderate_Noise,1
P030,38,White,Male,Yes,1,S09,Moderate_Noise,1
P030,38,White,Male,Yes,2,S34,Quiet,0
P030,38,White,Male,Yes,3,S19,Moderate_Noise,0
P030,38,White,Male,Yes,4,S03,Heavy_Noise,0
P030,38,White,Male,Yes,5,S26,Quiet,0
P030,38,White,Male,Yes,6,S09,Quiet,1
P030,38,White,Male,Yes,7,S32,Quiet,1
P030,38,White,Male,Yes,8,S25,Heavy_Noise,1
P030,38,White,Male,Yes,9,S08,Quiet,0
P030,38,White,Male,Yes,10,S11,Moderate_Noise,1
P030,38,White,Male,Yes,11,S18,Heavy_Noise,0
P030,38,White,Male,Yes,12,S17,Moderate_Noise,0
P030,38,White,Male,Yes,13,S05,Moderate_Noise,0
P030,38,White,Male,Yes,14,S33,Quiet,0
P030,38,White,Male,Yes,15,S18,Moderate_Noise,0
P030,38,White,Male,Yes,16,S30,Quiet,1
P030,38,White,Male,Yes,17,S32,Moderate_Noise,0
P030,38,White,Male,Yes,18,S25,Moderate_Noise,1
P030,38,White,Male,Yes,19,S14,Moderate_Noise,1
P030,38,White,Male,Yes,20,S07,Moderate_Noise,1
P030,38,White,Male,Yes,21,S27,Quiet,1
P030,38,White,Male,Yes,22,S19,Quiet,1
P030,38,White,Male,Yes,23,S21,Heavy_Noise,0
P030,38,White,Male,Yes,24,S34,Moderate_Noise,0
P030,38,White,Male,Yes,25,S36,Moderate_Noise,1
P030,38,White,Male,Yes,26,S32,Heavy_Noise,0
P030,38,White,Male,Yes,27,S16,Heavy_Noise,0
P030,38,White,Male,Yes,28,S29,Heavy_Noise,0
P030,38,White,Male,Yes,29,S09,Heavy_Noise,1
P030,38,White,Male,Yes,30,S13,Moderate_Noise,0
P030,38,White,Male,Yes,31,S24,Quiet,1
P030,38,White,Male,Yes,32,S20,Moderate_Noise,0
P030,38,White,Male,Yes,33,S21,Moderate_Noise,1
P030,38,White,Male,Yes,34,S22,Quiet,1
P030,38,White,Male,Yes,35,S07,Quiet,1
P030,38,White,Male,Yes,36,S30,Moderate_Noise,1
P030,38,White,Male,Yes,37,S15,Moderate_Noise,1
P030,38,White,Male,Yes,38,S12,Moderate_Noise,0
P030,38,White,Male,Yes,39,S02,Heavy_Noise,0
P030,38,White,Male,Yes,40,S06,Moderate_Noise,0
P030,38,White,Male,Yes,41,S14,Heavy_Noise,0
P030,38,White,Male,Yes,42,S13,Quiet,0
P030,38,White,Male,Yes,43,S23,Quiet,1
P030,38,White,Male,Yes,44,S10,Heavy_Noise,1
P030,38,White,Male,Yes,45,S05,Heavy_Noise,1
P030,38,White,Male,Yes,46,S03,Moderate_Noise,1
P030,38,White,Male,Yes,47,S33,Moderate_Noise,0
P030,38,White,Male,Yes,48,S04,Quiet,1
P030,38,White,Male,Yes,49,S26,Moderate_Noise,0
P030,38,White,Male,Yes,50,S26,Heavy_Noise,0
P030,38,White,Male,Yes,51,S24,Heavy_Noise,1
P030,38,White,Male,Yes,52,S29,Moderate_Noise,1
P030,38,White,Male,Yes,53,S35,Quiet,1
P030,38,White,Male,Yes,54,S21,Quiet,1
P030,38,White,Male,Yes,55,S20,Quiet,0
P030,38,White,Male,Yes,56,S35,Moderate_Noise,0
P030,38,White,Male,Yes,57,S05,Quiet,1
P030,38,White,Male,Yes,58,S31,Heavy_Noise,1
P030,38,White,Male,Yes,59,S30,Heavy_Noise,0
P030,38,White,Male,Yes,60,S04,Moderate_Noise,1
P030,38,White,Male,Yes,61,S14,Quiet,1
P030,38,White,Male,Yes,62,S35,Heavy_Noise,0
P030,38,White,Male,Yes,63,S17,Heavy_Noise,0
P030,38,White,Male,Yes,64,S16,Quiet,0
P030,38,White,Male,Yes,65,S23,Moderate_Noise,1
P030,38,White,Male,Yes,66,S01,Heavy_Noise,1
P030,38,White,Male,Yes,67,S13,Heavy_Noise,1
P030,38,White,Male,Yes,68,S08,Heavy_Noise,0
P030,38,White,Male,Yes,69,S28,Moderate_Noise,0
P030,38,White,Male,Yes,70,S36,Quiet,0
P030,38,White,Male,Yes,71,S36,Heavy_Noise,0
P030,38,White,Male,Yes,72,S24,Moderate_Noise,1
P030,38,White,Male,Yes,73,S19,Heavy_Noise,0
P030,38,White,Male,Yes,74,S28,Quiet,1
P030,38,White,Male,Yes,75,S06,Heavy_Noise,0
P030,38,White,Male,Yes,76,S10,Quiet,1
P030,38,White,Male,Yes,77,S33,Heavy_Noise,1
P030,38,White,Male,Yes,78,S28,Heavy_Noise,0
P030,38,White,Male,Yes,79,S03,Quiet,1
P030,38,White,Male,Yes,80,S12,Quiet,1
P030,38,White,Male,Yes,81,S20,Heavy_Noise,1
P030,38,White,Male,Yes,82,S02,Moderate_Noise,0
P030,38,White,Male,Yes,83,S23,Heavy_Noise,0
P030,38,White,Male,Yes,84,S27,Heavy_Noise,1
P030,38,White,Male,Yes,85,S04,Heavy_Noise,0
P030,38,White,Male,Yes,86,S16,Moderate_Noise,0
P030,38,White,Male,Yes,87,S15,Heavy_Noise,1
P030,38,White,Male,Yes,88,S08,Moderate_Noise,1
P030,38,White,Male,Yes,89,S10,Moderate_Noise,1
P030,38,White,Male,Yes,90,S11,Heavy_Noise,0
P030,38,White,Male,Yes,91,S29,Quiet,1
P030,38,White,Male,Yes,92,S06,Quiet,1
P030,38,White,Male,Yes,93,S02,Quiet,0
P030,38,White,Male,Yes,94,S27,Moderate_Noise,1
P030,38,White,Male,Yes,95,S15,Quiet,1
P030,38,White,Male,Yes,96,S01,Moderate_Noise,1
P030,38,White,Male,Yes,97,S22,Moderate_Noise,1
P030,38,White,Male,Yes,98,S31,Moderate_Noise,0
P030,38,White,Male,Yes,99,S17,Quiet,0
P030,38,White,Male,Yes,100,S11,Quiet,0
P030,38,White,Male,Yes,101,S07,Heavy_Noise,1
P030,38,White,Male,Yes,102,S34,Heavy_Noise,1
P030,38,White,Male,Yes,103,S25,Quiet,1
P030,38,White,Male,Yes,104,S01,Quiet,1
P030,38,White,Male,Yes,105,S18,Quiet,0
P030,38,White,Male,Yes,106,S31,Quiet,1
P030,38,White,Male,Yes,107,S12,Heavy_Noise,0
P030,38,White,Male,Yes,108,S22,Heavy_Noise,0
P031,50,White,Male,No,1,S28,Moderate_Noise,1
P031,50,White,Male,No,2,S06,Quiet,1
P031,50,White,Male,No,3,S06,Heavy_Noise,0
P031,50,White,Male,No,4,S34,Quiet,1
P031,50,White,Male,No,5,S07,Heavy_Noise,1
P031,50,White,Male,No,6,S31,Moderate_Noise,0
P031,50,White,Male,No,7,S01,Quiet,1
P031,50,White,Male,No,8,S25,Quiet,1
P031,50,White,Male,No,9,S20,Quiet,1
P031,50,White,Male,No,10,S27,Heavy_Noise,0
P031,50,White,Male,No,11,S36,Moderate_Noise,0
P031,50,White,Male,No,12,S15,Quiet,1
P031,50,White,Male,No,13,S02,Heavy_Noise,0
P031,50,White,Male,No,14,S22,Moderate_Noise,1
P031,50,White,Male,No,15,S13,Moderate_Noise,0
P031,50,White,Male,No,16,S16,Heavy_Noise,0
P031,50,White,Male,No,17,S15,Moderate_Noise,1
P031,50,White,Male,No,18,S27,Quiet,0
P031,50,White,Male,No,19,S29,Heavy_Noise,0
P031,50,White,Male,No,20,S04,Quiet,1
P031,50,White,Male,No,21,S23,Quiet,1
P031,50,White,Male,No,22,S21,Quiet,0
P031,50,White,Male,No,23,S20,Heavy_Noise,0
P031,50,White,Male,No,24,S05,Moderate_Noise,0
P031,50,White,Male,No,25,S08,Moderate_Noise,0
P031,50,White,Male,No,26,S16,Moderate_Noise,0
P031,50,White,Male,No,27,S23,Heavy_Noise,0
P031,50,White,Male,No,28,S26,Quiet,1
P031,50,White,Male,No,29,S15,Heavy_Noise,0
P031,50,White,Male,No,30,S05,Quiet,1
P031,50,White,Male,No,31,S12,Moderate_Noise,0
P031,50,White,Male,No,32,S21,Moderate_Noise,0
P031,50,White,Male,No,33,S02,Quiet,1
P031,50,White,Male,No,34,S11,Moderate_Noise,1
P031,50,White,Male,No,35,S27,Moderate_Noise,1
P031,50,White,Male,No,36,S13,Heavy_Noise,0
P031,50,White,Male,No,37,S36,Heavy_Noise,0
P031,50,White,Male,No,38,S14,Quiet,0
P031,50,White,Male,No,39,S17,Moderate_Noise,0
P031,50,White,Male,No,40,S06,Moderate_Noise,1
P031,50,White,Male,No,41,S22,Heavy_Noise,0
P031,50,White,Male,No,42,S07,Moderate_Noise,1
P031,50,White,Male,No,43,S28,Quiet,1
P031,50,White,Male,No,44,S24,Moderate_Noise,0
P031,50,White,Male,No,45,S10,Heavy_Noise,0
P031,50,White,Male,No,46,S35,Moderate_Noise,0
P031,50,White,Male,No,47,S36,Quiet,0
P031,50,White,Male,No,48,S13,Quiet,1
P031,50,White,Male,No,49,S24,Quiet,1
P031,50,White,Male,No,50,S03,Heavy_Noise,1
P031,50,White,Male,No,51,S17,Heavy_Noise,0
P031,50,White,Male,No,52,S30,Quiet,0
P031,50,White,Male,No,53,S03,Moderate_Noise,0
P031,50,White,Male,No,54,S12,Heavy_Noise,0
P031,50,White,Male,No,55,S04,Heavy_Noise,0
P031,50,White,Male,No,56,S31,Heavy_Noise,0
P031,50,White,Male,No,57,S21,Heavy_Noise,0
P031,50,White,Male,No,58,S30,Heavy_Noise,0
P031,50,White,Male,No,59,S08,Quiet,1
P031,50,White,Male,No,60,S33,Moderate_Noise,0
P031,50,White,Male,No,61,S32,Moderate_Noise,0
P031,50,White,Male,No,62,S19,Heavy_Noise,0
P031,50,White,Male,No,63,S20,Moderate_Noise,1
P031,50,White,Male,No,64,S31,Quiet,0
P031,50,White,Male,No,65,S09,Moderate_Noise,0
P031,50,White,Male,No,66,S33,Quiet,1
P031,50,White,Male,No,67,S05,Heavy_Noise,0
P031,50,White,Male,No,68,S32,Quiet,1
P031,50,White,Male,No,69,S34,Moderate_Noise,1
P031,50,White,Male,No,70,S34,Heavy_Noise,0
P031,50,White,Male,No,71,S24,Heavy_Noise,0
P031,50,White,Male,No,72,S08,Heavy_Noise,0
P031,50,White,Male,No,73,S10,Quiet,1
P031,50,White,Male,No,74,S16,Quiet,0
P031,50,White,Male,No,75,S30,Moderate_Noise,0
P031,50,White,Male,No,76,S19,Moderate_Noise,1
P031,50,White,Male,No,77,S33,Heavy_Noise,0
P031,50,White,Male,No,78,S25,Moderate_Noise,0
P031,50,White,Male,No,79,S17,Quiet,0
P031,50,White,Male,No,80,S26,Heavy_Noise,0
P031,50,White,Male,No,81,S11,Quiet,1
P031,50,White,Male,No,82,S18,Heavy_Noise,0
P031,50,White,Male,No,83,S14,Heavy_Noise,0
P031,50,White,Male,No,84,S28,Heavy_Noise,0
P031,50,White,Male,No,85,S25,Heavy_Noise,0
P031,50,White,Male,No,86,S19,Quiet,0
P031,50,White,Male,No,87,S11,Heavy_Noise,0
P031,50,White,Male,No,88,S35,Heavy_Noise,0
P031,50,White,Male,No,89,S02,Moderate_Noise,0
P031,50,White,Male,No,90,S01,Heavy_Noise,0
P031,50,White,Male,No,91,S35,Quiet,1
P031,50,White,Male,No,92,S01,Moderate_Noise,0
P031,50,White,Male,No,93,S04,Moderate_Noise,1
P031,50,White,Male,No,94,S23,Moderate_Noise,1
P031,50,White,Male,No,95,S10,Moderate_Noise,0
P031,50,White,Male,No,96,S18,Quiet,0
P031,50,White,Male,No,97,S09,Quiet,0
P031,50,White,Male,No,98,S09,Heavy_Noise,1
P031,50,White,Male,No,99,S14,Moderate_Noise,0
P031,50,White,Male,No,100,S03,Quiet,1
P031,50,White,Male,No,101,S12,Quiet,1
P031,50,White,Male,No,102,S07,Quiet,1
P031,50,White,Male,No,103,S22,Quiet,1
P031,50,White,Male,No,104,S29,Moderate_Noise,0
P031,50,White,Male,No,105,S18,Moderate_Noise,0
P031,50,White,Male,No,106,S29,Quiet,1
P031,50,White,Male,No,107,S26,Moderate_Noise,0
P031,50,White,Male,No,108,S32,Heavy_Noise,0
P032,35,Hispanic or Latino,Female,No,1,S04,Quiet,1
P032,35,Hispanic or Latino,Female,No,2,S21,Heavy_Noise,0
P032,35,Hispanic or Latino,Female,No,3,S14,Heavy_Noise,1
P032,35,Hispanic or Latino,Female,No,4,S02,Quiet,0
P032,35,Hispanic or Latino,Female,No,5,S12,Moderate_Noise,0
P032,35,Hispanic or Latino,Female,No,6,S36,Moderate_Noise,0
P032,35,Hispanic or Latino,Female,No,7,S19,Quiet,0
P032,35,Hispanic or Latino,Female,No,8,S23,Moderate_Noise,1
P032,35,Hispanic or Latino,Female,No,9,S34,Moderate_Noise,1
P032,35,Hispanic or Latino,Female,No,10,S13,Moderate_Noise,0
P032,35,Hispanic or Latino,Female,No,11,S33,Quiet,0
P032,35,Hispanic or Latino,Female,No,12,S22,Quiet,0
P032,35,Hispanic or Latino,Female,No,13,S10,Moderate_Noise,1
P032,35,Hispanic or Latino,Female,No,14,S31,Heavy_Noise,0
P032,35,Hispanic or Latino,Female,No,15,S31,Moderate_Noise,0
P032,35,Hispanic or Latino,Female,No,16,S05,Heavy_Noise,0
P032,35,Hispanic or Latino,Female,No,17,S36,Heavy_Noise,0
P032,35,Hispanic or Latino,Female,No,18,S07,Quiet,0
P032,35,Hispanic or Latino,Female,No,19,S17,Heavy_Noise,0
P032,35,Hispanic or Latino,Female,No,20,S32,Heavy_Noise,0
P032,35,Hispanic or Latino,Female,No,21,S28,Moderate_Noise,0
P032,35,Hispanic or Latino,Female,No,22,S32,Quiet,1
P032,35,Hispanic or Latino,Female,No,23,S31,Quiet,0
P032,35,Hispanic or Latino,Female,No,24,S19,Moderate_Noise,0
P032,35,Hispanic or Latino,Female,No,25,S15,Quiet,1
P032,35,Hispanic or Latino,Female,No,26,S25,Heavy_Noise,1
P032,35,Hispanic or Latino,Female,No,27,S05,Quiet,0
P032,35,Hispanic or Latino,Female,No,28,S30,Heavy_Noise,0
P032,35,Hispanic or Latino,Female,No,29,S11,Moderate_Noise,0
P032,35,Hispanic or Latino,Female,No,30,S24,Moderate_Noise,1
P032,35,Hispanic or Latino,Female,No,31,S13,Heavy_Noise,0
P032,35,Hispanic or Latino,Female,No,32,S12,Quiet,0
P032,35,Hispanic or Latino,Female,No,33,S33,Heavy_Noise,0
P032,35,Hispanic or Latino,Female,No,34,S14,Quiet,1
P032,35,Hispanic or Latino,Female,No,35,S34,Quiet,0
P032,35,Hispanic or Latino,Female,No,36,S03,Quiet,1
P032,35,Hispanic or Latino,Female,No,37,S20,Moderate_Noise,1
P032,35,Hispanic or Latino,Female,No,38,S29,Heavy_Noise,0
P032,35,Hispanic or Latino,Female,No,39,S28,Heavy_Noise,0
P032,35,Hispanic or Latino,Female,No,40,S27,Quiet,1
P032,35,Hispanic or Latino,Female,No,41,S04,Moderate_Noise,0
P032,35,Hispanic or Latino,Female,No,42,S17,Quiet,1
P032,35,Hispanic or Latino,Female,No,43,S14,Moderate_Noise,0
P032,35,Hispanic or Latino,Female,No,44,S25,Moderate_Noise,1
P032,35,Hispanic or Latino,Female,No,45,S23,Heavy_Noise,0
P032,35,Hispanic or Latino,Female,No,46,S26,Heavy_Noise,0
P032,35,Hispanic or Latino,Female,No,47,S18,Heavy_Noise,0
P032,35,Hispanic or Latino,Female,No,48,S16,Heavy_Noise,0
P032,35,Hispanic or Latino,Female,No,49,S06,Heavy_Noise,0
P032,35,Hispanic or Latino,Female,No,50,S29,Moderate_Noise,0
P032,35,Hispanic or Latino,Female,No,51,S18,Quiet,1
P032,35,Hispanic or Latino,Female,No,52,S24,Heavy_Noise,0
P032,35,Hispanic or Latino,Female,No,53,S34,Heavy_Noise,0
P032,35,Hispanic or Latino,Female,No,54,S08,Quiet,0
P032,35,Hispanic or Latino,Female,No,55,S25,Quiet,1
P032,35,Hispanic or Latino,Female,No,56,S32,Moderate_Noise,1
P032,35,Hispanic or Latino,Female,No,57,S09,Quiet,0
P032,35,Hispanic or Latino,Female,No,58,S01,Moderate_Noise,0
P032,35,Hispanic or Latino,Female,No,59,S22,Heavy_Noise,1
P032,35,Hispanic or Latino,Female,No,60,S24,Quiet,0
P032,35,Hispanic or Latino,Female,No,61,S07,Moderate_Noise,1
P032,35,Hispanic or Latino,Female,No,62,S02,Heavy_Noise,0
P032,35,Hispanic or Latino,Female,No,63,S11,Quiet,1
P032,35,Hispanic or Latino,Female,No,64,S23,Quiet,1
P032,35,Hispanic or Latino,Female,No,65,S04,Heavy_Noise,0
P032,35,Hispanic or Latino,Female,No,66,S35,Quiet,0
P032,35,Hispanic or Latino,Female,No,67,S20,Heavy_Noise,0
P032,35,Hispanic or Latino,Female,No,68,S22,Moderate_Noise,1
P032,35,Hispanic or Latino,Female,No,69,S01,Heavy_Noise,0
P032,35,Hispanic or Latino,Female,No,70,S17,Moderate_Noise,0
P032,35,Hispanic or Latino,Female,No,71,S30,Quiet,0
P032,35,Hispanic or Latino,Female,No,72,S07,Heavy_Noise,1
P032,35,Hispanic or Latino,Female,No,73,S13,Quiet,1
P032,35,Hispanic or Latino,Female,No,74,S10,Heavy_Noise,0
P032,35,Hispanic or Latino,Female,No,75,S03,Heavy_Noise,0
P032,35,Hispanic or Latino,Female,No,76,S27,Heavy_Noise,0
P032,35,Hispanic or Latino,Female,No,77,S30,Moderate_Noise,1
P032,35,Hispanic or Latino,Female,No,78,S11,Heavy_Noise,0
P032,35,Hispanic or Latino,Female,No,79,S05,Moderate_Noise,0
P032,35,Hispanic or Latino,Female,No,80,S27,Moderate_Noise,0
P032,35,Hispanic or Latino,Female,No,81,S06,Quiet,1
P032,35,Hispanic or Latino,Female,No,82,S19,Heavy_Noise,0
P032,35,Hispanic or Latino,Female,No,83,S15,Heavy_Noise,0
P032,35,Hispanic or Latino,Female,No,84,S21,Moderate_Noise,0
P032,35,Hispanic or Latino,Female,No,85,S35,Moderate_Noise,0
P032,35,Hispanic or Latino,Female,No,86,S08,Moderate_Noise,0
P032,35,Hispanic or Latino,Female,No,87,S12,Heavy_Noise,0
P032,35,Hispanic or Latino,Female,No,88,S09,Moderate_Noise,0
P032,35,Hispanic or Latino,Female,No,89,S36,Quiet,1
P032,35,Hispanic or Latino,Female,No,90,S06,Moderate_Noise,0
P032,35,Hispanic or Latino,Female,No,91,S16,Quiet,0
P032,35,Hispanic or Latino,Female,No,92,S28,Quiet,0
P032,35,Hispanic or Latino,Female,No,93,S29,Quiet,1
P032,35,Hispanic or Latino,Female,No,94,S03,Moderate_Noise,0
P032,35,Hispanic or Latino,Female,No,95,S02,Moderate_Noise,0
P032,35,Hispanic or Latino,Female,No,96,S35,Heavy_Noise,0
P032,35,Hispanic or Latino,Female,No,97,S18,Moderate_Noise,0
P032,35,Hispanic or Latino,Female,No,98,S26,Moderate_Noise,0
P032,35,Hispanic or Latino,Female,No,99,S26,Quiet,0
P032,35,Hispanic or Latino,Female,No,100,S16,Moderate_Noise,0
P032,35,Hispanic or Latino,Female,No,101,S33,Moderate_Noise,0
P032,35,Hispanic or Latino,Female,No,102,S10,Quiet,0
P032,35,Hispanic or Latino,Female,No,103,S01,Quiet,1
P032,35,Hispanic or Latino,Female,No,104,S09,Heavy_Noise,0
P032,35,Hispanic or Latino,Female,No,105,S15,Moderate_Noise,1
P032,35,Hispanic or Latino,Female,No,106,S20,Quiet,0
P032,35,Hispanic or Latino,Female,No,107,S08,Heavy_Noise,0
P032,35,Hispanic or Latino,Female,No,108,S21,Quiet,0
P033,28,Hispanic or Latino,Female,Yes,1,S31,Quiet,1
P033,28,Hispanic or Latino,Female,Yes,2,S29,Quiet,1
P033,28,Hispanic or Latino,Female,Yes,3,S25,Heavy_Noise,1
P033,28,Hispanic or Latino,Female,Yes,4,S35,Heavy_Noise,0
P033,28,Hispanic or Latino,Female,Yes,5,S36,Quiet,1
P033,28,Hispanic or Latino,Female,Yes,6,S09,Quiet,1
P033,28,Hispanic or Latino,Female,Yes,7,S13,Moderate_Noise,0
P033,28,Hispanic or Latino,Female,Yes,8,S04,Quiet,1
P033,28,Hispanic or Latino,Female,Yes,9,S27,Moderate_Noise,1
P033,28,Hispanic or Latino,Female,Yes,10,S12,Quiet,0
P033,28,Hispanic or Latino,Female,Yes,11,S32,Moderate_Noise,1
P033,28,Hispanic or Latino,Female,Yes,12,S25,Quiet,1
P033,28,Hispanic or Latino,Female,Yes,13,S12,Moderate_Noise,1
P033,28,Hispanic or Latino,Female,Yes,14,S22,Moderate_Noise,1
P033,28,Hispanic or Latino,Female,Yes,15,S35,Quiet,1
P033,28,Hispanic or Latino,Female,Yes,16,S03,Moderate_Noise,0
P033,28,Hispanic or Latino,Female,Yes,17,S16,Heavy_Noise,0
P033,28,Hispanic or Latino,Female,Yes,18,S24,Heavy_Noise,0
P033,28,Hispanic or Latino,Female,Yes,19,S13,Heavy_Noise,0
P033,28,Hispanic or Latino,Female,Yes,20,S16,Moderate_Noise,0
P033,28,Hispanic or Latino,Female,Yes,21,S30,Heavy_Noise,0
P033,28,Hispanic or Latino,Female,Yes,22,S27,Quiet,1
P033,28,Hispanic or Latino,Female,Yes,23,S21,Heavy_Noise,0
P033,28,Hispanic or Latino,Female,Yes,24,S27,Heavy_Noise,0
P033,28,Hispanic or Latino,Female,Yes,25,S19,Quiet,0
P033,28,Hispanic or Latino,Female,Yes,26,S31,Moderate_Noise,1
P033,28,Hispanic or Latino,Female,Yes,27,S08,Heavy_Noise,0
P033,28,Hispanic or Latino,Female,Yes,28,S13,Quiet,0
P033,28,Hispanic or Latino,Female,Yes,29,S06,Quiet,0
P033,28,Hispanic or Latino,Female,Yes,30,S34,Quiet,1
P033,28,Hispanic or Latino,Female,Yes,31,S29,Moderate_Noise,1
P033,28,Hispanic or Latino,Female,Yes,32,S19,Moderate_Noise,0
P033,28,Hispanic or Latino,Female,Yes,33,S17,Heavy_Noise,0
P033,28,Hispanic or Latino,Female,Yes,34,S14,Heavy_Noise,0
P033,28,Hispanic or Latino,Female,Yes,35,S17,Quiet,1
P033,28,Hispanic or Latino,Female,Yes,36,S10,Heavy_Noise,1
P033,28,Hispanic or Latino,Female,Yes,37,S28,Quiet,0
P033,28,Hispanic or Latino,Female,Yes,38,S24,Quiet,0
P033,28,Hispanic or Latino,Female,Yes,39,S08,Moderate_Noise,1
P033,28,Hispanic or Latino,Female,Yes,40,S20,Heavy_Noise,0
P033,28,Hispanic or Latino,Female,Yes,41,S18,Quiet,0
P033,28,Hispanic or Latino,Female,Yes,42,S15,Moderate_Noise,0
P033,28,Hispanic or Latino,Female,Yes,43,S32,Quiet,1
P033,28,Hispanic or Latino,Female,Yes,44,S26,Heavy_Noise,0
P033,28,Hispanic or Latino,Female,Yes,45,S15,Quiet,1
P033,28,Hispanic or Latino,Female,Yes,46,S01,Quiet,1
P033,28,Hispanic or Latino,Female,Yes,47,S22,Quiet,1
P033,28,Hispanic or Latino,Female,Yes,48,S11,Moderate_Noise,0
P033,28,Hispanic or Latino,Female,Yes,49,S28,Heavy_Noise,0
P033,28,Hispanic or Latino,Female,Yes,50,S30,Moderate_Noise,0
P033,28,Hispanic or Latino,Female,Yes,51,S11,Heavy_Noise,0
P033,28,Hispanic or Latino,Female,Yes,52,S10,Quiet,0
P033,28,Hispanic or Latino,Female,Yes,53,S23,Quiet,1
P033,28,Hispanic or Latino,Female,Yes,54,S36,Moderate_Noise,1
P033,28,Hispanic or Latino,Female,Yes,55,S05,Quiet,1
P033,28,Hispanic or Latino,Female,Yes,56,S31,Heavy_Noise,1
P033,28,Hispanic or Latino,Female,Yes,57,S05,Moderate_Noise,1
P033,28,Hispanic or Latino,Female,Yes,58,S22,Heavy_Noise,1
P033,28,Hispanic or Latino,Female,Yes,59,S03,Quiet,0
P033,28,Hispanic or Latino,Female,Yes,60,S36,Heavy_Noise,0
P033,28,Hispanic or Latino,Female,Yes,61,S33,Moderate_Noise,0
P033,28,Hispanic or Latino,Female,Yes,62,S34,Moderate_Noise,0
P033,28,Hispanic or Latino,Female,Yes,63,S23,Moderate_Noise,0
P033,28,Hispanic or Latino,Female,Yes,64,S32,Heavy_Noise,0
P033,28,Hispanic or Latino,Female,Yes,65,S20,Moderate_Noise,1
P033,28,Hispanic or Latino,Female,Yes,66,S28,Moderate_Noise,0
P033,28,Hispanic or Latino,Female,Yes,67,S26,Quiet,0
P033,28,Hispanic or Latino,Female,Yes,68,S04,Moderate_Noise,1
P033,28,Hispanic or Latino,Female,Yes,69,S07,Quiet,1
P033,28,Hispanic or Latino,Female,Yes,70,S01,Moderate_Noise,1
P033,28,Hispanic or Latino,Female,Yes,71,S18,Moderate_Noise,0
P033,28,Hispanic or Latino,Female,Yes,72,S19,Heavy_Noise,0
P033,28,Hispanic or Latino,Female,Yes,73,S33,Quiet,0
P033,28,Hispanic or Latino,Female,Yes,74,S14,Moderate_Noise,0
P033,28,Hispanic or Latino,Female,Yes,75,S33,Heavy_Noise,1
P033,28,Hispanic or Latino,Female,Yes,76,S06,Heavy_Noise,0
P033,28,Hispanic or Latino,Female,Yes,77,S07,Heavy_Noise,0
P033,28,Hispanic or Latino,Female,Yes,78,S04,Heavy_Noise,1
P033,28,Hispanic or Latino,Female,Yes,79,S30,Quiet,0
P033,28,Hispanic or Latino,Female,Yes,80,S05,Heavy_Noise,0
P033,28,Hispanic or Latino,Female,Yes,81,S21,Moderate_Noise,0
P033,28,Hispanic or Latino,Female,Yes,82,S02,Heavy_Noise,0
P033,28,Hispanic or Latino,Female,Yes,83,S24,Moderate_Noise,0
P033,28,Hispanic or Latino,Female,Yes,84,S15,Heavy_Noise,0
P033,28,Hispanic or Latino,Female,Yes,85,S29,Heavy_Noise,0
P033,28,Hispanic or Latino,Female,Yes,86,S35,Moderate_Noise,0
P033,28,Hispanic or Latino,Female,Yes,87,S08,Quiet,0
P033,28,Hispanic or Latino,Female,Yes,88,S12,Heavy_Noise,1
P033,28,Hispanic or Latino,Female,Yes,89,S21,Quiet,0
P033,28,Hispanic or Latino,Female,Yes,90,S03,Heavy_Noise,0
P033,28,Hispanic or Latino,Female,Yes,91,S09,Moderate_Noise,0
P033,28,Hispanic or Latino,Female,Yes,92,S34,Heavy_Noise,0
P033,28,Hispanic or Latino,Female,Yes,93,S09,Heavy_Noise,1
P033,28,Hispanic or Latino,Female,Yes,94,S06,Moderate_Noise,0
P033,28,Hispanic or Latino,Female,Yes,95,S17,Moderate_Noise,0
P033,28,Hispanic or Latino,Female,Yes,96,S18,Heavy_Noise,0
P033,28,Hispanic or Latino,Female,Yes,97,S10,Moderate_Noise,0
P033,28,Hispanic or Latino,Female,Yes,98,S20,Quiet,1
P033,28,Hispanic or Latino,Female,Yes,99,S02,Moderate_Noise,0
P033,28,Hispanic or Latino,Female,Yes,100,S25,Moderate_Noise,1
P033,28,Hispanic or Latino,Female,Yes,101,S14,Quiet,0
P033,28,Hispanic or Latino,Female,Yes,102,S23,Heavy_Noise,0
P033,28,Hispanic or Latino,Female,Yes,103,S02,Quiet,0
P033,28,Hispanic or Latino,Female,Yes,104,S16,Quiet,1
P033,28,Hispanic or Latino,Female,Yes,105,S07,Moderate_Noise,1
P033,28,Hispanic or Latino,Female,Yes,106,S11,Quiet,1
P033,28,Hispanic or Latino,Female,Yes,107,S01,Heavy_Noise,0
P033,28,Hispanic or Latino,Female,Yes,108,S26,Moderate_Noise,0
P034,43,White,Male,Yes,1,S12,Heavy_Noise,0
P034,43,White,Male,Yes,2,S23,Heavy_Noise,0
P034,43,White,Male,Yes,3,S31,Heavy_Noise,1
P034,43,White,Male,Yes,4,S02,Heavy_Noise,0
P034,43,White,Male,Yes,5,S35,Heavy_Noise,0
P034,43,White,Male,Yes,6,S27,Moderate_Noise,1
P034,43,White,Male,Yes,7,S35,Quiet,0
P034,43,White,Male,Yes,8,S29,Moderate_Noise,0
P034,43,White,Male,Yes,9,S17,Heavy_Noise,0
P034,43,White,Male,Yes,10,S22,Moderate_Noise,1
P034,43,White,Male,Yes,11,S07,Quiet,1
P034,43,White,Male,Yes,12,S16,Quiet,1
P034,43,White,Male,Yes,13,S05,Heavy_Noise,1
P034,43,White,Male,Yes,14,S25,Heavy_Noise,0
P034,43,White,Male,Yes,15,S36,Quiet,1
P034,43,White,Male,Yes,16,S13,Moderate_Noise,1
P034,43,White,Male,Yes,17,S26,Moderate_Noise,1
P034,43,White,Male,Yes,18,S16,Heavy_Noise,0
P034,43,White,Male,Yes,19,S10,Moderate_Noise,0
P034,43,White,Male,Yes,20,S11,Quiet,0
P034,43,White,Male,Yes,21,S29,Heavy_Noise,1
P034,43,White,Male,Yes,22,S13,Heavy_Noise,0
P034,43,White,Male,Yes,23,S02,Moderate_Noise,1
P034,43,White,Male,Yes,24,S33,Quiet,1
P034,43,White,Male,Yes,25,S08,Quiet,0
P034,43,White,Male,Yes,26,S30,Quiet,0
P034,43,White,Male,Yes,27,S12,Quiet,1
P034,43,White,Male,Yes,28,S02,Quiet,1
P034,43,White,Male,Yes,29,S09,Moderate_Noise,1
P034,43,White,Male,Yes,30,S18,Heavy_Noise,0
P034,43,White,Male,Yes,31,S31,Quiet,1
P034,43,White,Male,Yes,32,S07,Heavy_Noise,1
P034,43,White,Male,Yes,33,S33,Moderate_Noise,0
P034,43,White,Male,Yes,34,S23,Moderate_Noise,1
P034,43,White,Male,Yes,35,S04,Heavy_Noise,1
P034,43,White,Male,Yes,36,S01,Heavy_Noise,1
P034,43,White,Male,Yes,37,S18,Moderate_Noise,0
P034,43,White,Male,Yes,38,S24,Moderate_Noise,0
P034,43,White,Male,Yes,39,S30,Heavy_Noise,0
P034,43,White,Male,Yes,40,S29,Quiet,0
P034,43,White,Male,Yes,41,S36,Heavy_Noise,0
P034,43,White,Male,Yes,42,S01,Quiet,1
P034,43,White,Male,Yes,43,S05,Moderate_Noise,1
P034,43,White,Male,Yes,44,S12,Moderate_Noise,0
P034,43,White,Male,Yes,45,S28,Heavy_Noise,0
P034,43,White,Male,Yes,46,S17,Moderate_Noise,0
P034,43,White,Male,Yes,47,S04,Quiet,1
P034,43,White,Male,Yes,48,S19,Quiet,0
P034,43,White,Male,Yes,49,S21,Heavy_Noise,1
P034,43,White,Male,Yes,50,S20,Moderate_Noise,1
P034,43,White,Male,Yes,51,S11,Heavy_Noise,0
P034,43,White,Male,Yes,52,S20,Heavy_Noise,1
P034,43,White,Male,Yes,53,S28,Moderate_Noise,0
P034,43,White,Male,Yes,54,S15,Heavy_Noise,0
P034,43,White,Male,Yes,55,S35,Moderate_Noise,0
P034,43,White,Male,Yes,56,S27,Quiet,1
P034,43,White,Male,Yes,57,S24,Quiet,1
P034,43,White,Male,Yes,58,S32,Quiet,1
P034,43,White,Male,Yes,59,S03,Quiet,1
P034,43,White,Male,Yes,60,S03,Heavy_Noise,0
P034,43,White,Male,Yes,61,S06,Heavy_Noise,0
P034,43,White,Male,Yes,62,S18,Quiet,0
P034,43,White,Male,Yes,63,S25,Moderate_Noise,1
P034,43,White,Male,Yes,64,S34,Heavy_Noise,0
P034,43,White,Male,Yes,65,S15,Quiet,1
P034,43,White,Male,Yes,66,S25,Quiet,1
P034,43,White,Male,Yes,67,S34,Quiet,1
P034,43,White,Male,Yes,68,S14,Moderate_Noise,1
P034,43,White,Male,Yes,69,S32,Moderate_Noise,0
P034,43,White,Male,Yes,70,S33,Heavy_Noise,0
P034,43,White,Male,Yes,71,S19,Heavy_Noise,0
P034,43,White,Male,Yes,72,S26,Heavy_Noise,0
P034,43,White,Male,Yes,73,S34,Moderate_Noise,0
P034,43,White,Male,Yes,74,S26,Quiet,1
P034,43,White,Male,Yes,75,S14,Quiet,1
P034,43,White,Male,Yes,76,S22,Heavy_Noise,1
P034,43,White,Male,Yes,77,S21,Quiet,1
P034,43,White,Male,Yes,78,S31,Moderate_Noise,1
P034,43,White,Male,Yes,79,S03,Moderate_Noise,1
P034,43,White,Male,Yes,80,S23,Quiet,1
P034,43,White,Male,Yes,81,S32,Heavy_Noise,0
P034,43,White,Male,Yes,82,S04,Moderate_Noise,0
P034,43,White,Male,Yes,83,S06,Moderate_Noise,0
P034,43,White,Male,Yes,84,S20,Quiet,1
P034,43,White,Male,Yes,85,S19,Moderate_Noise,0
P034,43,White,Male,Yes,86,S08,Moderate_Noise,0
P034,43,White,Male,Yes,87,S17,Quiet,0
P034,43,White,Male,Yes,88,S01,Moderate_Noise,1
P034,43,White,Male,Yes,89,S28,Quiet,1
P034,43,White,Male,Yes,90,S24,Heavy_Noise,0
P034,43,White,Male,Yes,91,S15,Moderate_Noise,1
P034,43,White,Male,Yes,92,S11,Moderate_Noise,0
P034,43,White,Male,Yes,93,S16,Moderate_Noise,0
P034,43,White,Male,Yes,94,S07,Moderate_Noise,1
P034,43,White,Male,Yes,95,S10,Quiet,1
P034,43,White,Male,Yes,96,S21,Moderate_Noise,1
P034,43,White,Male,Yes,97,S36,Moderate_Noise,0
P034,43,White,Male,Yes,98,S14,Heavy_Noise,0
P034,43,White,Male,Yes,99,S06,Quiet,1
P034,43,White,Male,Yes,100,S09,Quiet,1
P034,43,White,Male,Yes,101,S08,Heavy_Noise,0
P034,43,White,Male,Yes,102,S13,Quiet,1
P034,43,White,Male,Yes,103,S27,Heavy_Noise,1
P034,43,White,Male,Yes,104,S22,Quiet,1
P034,43,White,Male,Yes,105,S10,Heavy_Noise,0
P034,43,White,Male,Yes,106,S30,Moderate_Noise,1
P034,43,White,Male,Yes,107,S09,Heavy_Noise,0
P034,43,White,Male,Yes,108,S05,Quiet,1
P035,47,Black or African American,Male,Yes,1,S14,Heavy_Noise,0
P035,47,Black or African American,Male,Yes,2,S10,Heavy_Noise,1
P035,47,Black or African American,Male,Yes,3,S36,Quiet,1
P035,47,Black or African American,Male,Yes,4,S28,Moderate_Noise,1
P035,47,Black or African American,Male,Yes,5,S20,Quiet,1
P035,47,Black or African American,Male,Yes,6,S28,Heavy_Noise,1
P035,47,Black or African American,Male,Yes,7,S04,Moderate_Noise,1
P035,47,Black or African American,Male,Yes,8,S31,Quiet,1
P035,47,Black or African American,Male,Yes,9,S14,Moderate_Noise,0
P035,47,Black or African American,Male,Yes,10,S30,Moderate_Noise,1
P035,47,Black or African American,Male,Yes,11,S27,Moderate_Noise,1
P035,47,Black or African American,Male,Yes,12,S03,Quiet,1
P035,47,Black or African American,Male,Yes,13,S09,Heavy_Noise,1
P035,47,Black or African American,Male,Yes,14,S05,Heavy_Noise,1
P035,47,Black or African American,Male,Yes,15,S22,Quiet,1
P035,47,Black or African American,Male,Yes,16,S22,Heavy_Noise,0
P035,47,Black or African American,Male,Yes,17,S16,Quiet,1
P035,47,Black or African American,Male,Yes,18,S06,Moderate_Noise,0
P035,47,Black or African American,Male,Yes,19,S23,Heavy_Noise,1
P035,47,Black or African American,Male,Yes,20,S34,Heavy_Noise,0
P035,47,Black or African American,Male,Yes,21,S34,Moderate_Noise,1
P035,47,Black or African American,Male,Yes,22,S12,Quiet,1
P035,47,Black or African American,Male,Yes,23,S17,Quiet,1
P035,47,Black or African American,Male,Yes,24,S02,Quiet,1
P035,47,Black or African American,Male,Yes,25,S04,Quiet,1
P035,47,Black or African American,Male,Yes,26,S13,Heavy_Noise,0
P035,47,Black or African American,Male,Yes,27,S20,Moderate_Noise,1
P035,47,Black or African American,Male,Yes,28,S32,Moderate_Noise,1
P035,47,Black or African American,Male,Yes,29,S33,Heavy_Noise,1
P035,47,Black or African American,Male,Yes,30,S35,Heavy_Noise,1
P035,47,Black or African American,Male,Yes,31,S08,Moderate_Noise,1
P035,47,Black or African American,Male,Yes,32,S20,Heavy_Noise,1
P035,47,Black or African American,Male,Yes,33,S07,Moderate_Noise,1
P035,47,Black or African American,Male,Yes,34,S01,Quiet,1
P035,47,Black or African American,Male,Yes,35,S36,Moderate_Noise,1
P035,47,Black or African American,Male,Yes,36,S28,Quiet,1
P035,47,Black or African American,Male,Yes,37,S02,Moderate_Noise,1
P035,47,Black or African American,Male,Yes,38,S19,Quiet,1
P035,47,Black or African American,Male,Yes,39,S11,Moderate_Noise,1
P035,47,Black or African American,Male,Yes,40,S08,Quiet,1
P035,47,Black or African American,Male,Yes,41,S12,Moderate_Noise,1
P035,47,Black or African American,Male,Yes,42,S27,Heavy_Noise,0
P035,47,Black or African American,Male,Yes,43,S25,Moderate_Noise,1
P035,47,Black or African American,Male,Yes,44,S15,Quiet,1
P035,47,Black or African American,Male,Yes,45,S35,Moderate_Noise,1
P035,47,Black or African American,Male,Yes,46,S27,Quiet,1
P035,47,Black or African American,Male,Yes,47,S26,Moderate_Noise,1
P035,47,Black or African American,Male,Yes,48,S16,Moderate_Noise,1
P035,47,Black or African American,Male,Yes,49,S09,Moderate_Noise,1
P035,47,Black or African American,Male,Yes,50,S29,Quiet,1
P035,47,Black or African American,Male,Yes,51,S15,Moderate_Noise,1
P035,47,Black or African American,Male,Yes,52,S24,Quiet,0
P035,47,Black or African American,Male,Yes,53,S11,Quiet,1
P035,47,Black or African American,Male,Yes,54,S34,Quiet,1
P035,47,Black or African American,Male,Yes,55,S33,Quiet,1
P035,47,Black or African American,Male,Yes,56,S26,Heavy_Noise,0
P035,47,Black or African American,Male,Yes,57,S35,Quiet,1
P035,47,Black or African American,Male,Yes,58,S30,Quiet,0
P035,47,Black or African American,Male,Yes,59,S13,Moderate_Noise,1
P035,47,Black or African American,Male,Yes,60,S11,Heavy_Noise,0
P035,47,Black or African American,Male,Yes,61,S12,Heavy_Noise,1
P035,47,Black or African American,Male,Yes,62,S09,Quiet,1
P035,47,Black or African American,Male,Yes,63,S18,Moderate_Noise,1
P035,47,Black or African American,Male,Yes,64,S29,Heavy_Noise,1
P035,47,Black or African American,Male,Yes,65,S21,Quiet,1
P035,47,Black or African American,Male,Yes,66,S02,Heavy_Noise,0
P035,47,Black or African American,Male,Yes,67,S01,Heavy_Noise,1
P035,47,Black or African American,Male,Yes,68,S06,Heavy_Noise,0
P035,47,Black or African American,Male,Yes,69,S33,Moderate_Noise,1
P035,47,Black or African American,Male,Yes,70,S23,Moderate_Noise,1
P035,47,Black or African American,Male,Yes,71,S32,Quiet,0
P035,47,Black or African American,Male,Yes,72,S05,Quiet,1
P035,47,Black or African American,Male,Yes,73,S36,Heavy_Noise,1
P035,47,Black or African American,Male,Yes,74,S23,Quiet,1
P035,47,Black or African American,Male,Yes,75,S24,Moderate_Noise,1
P035,47,Black or African American,Male,Yes,76,S22,Moderate_Noise,1
P035,47,Black or African American,Male,Yes,77,S10,Moderate_Noise,1
P035,47,Black or African American,Male,Yes,78,S15,Heavy_Noise,1
P035,47,Black or African American,Male,Yes,79,S08,Heavy_Noise,1
P035,47,Black or African American,Male,Yes,80,S16,Heavy_Noise,1
P035,47,Black or African American,Male,Yes,81,S17,Moderate_Noise,0
P035,47,Black or African American,Male,Yes,82,S31,Heavy_Noise,1
P035,47,Black or African American,Male,Yes,83,S24,Heavy_Noise,0
P035,47,Black or African American,Male,Yes,84,S05,Moderate_Noise,0
P035,47,Black or African American,Male,Yes,85,S03,Heavy_Noise,1
P035,47,Black or African American,Male,Yes,86,S18,Heavy_Noise,0
P035,47,Black or African American,Male,Yes,87,S06,Quiet,1
P035,47,Black or African American,Male,Yes,88,S07,Quiet,1
P035,47,Black or African American,Male,Yes,89,S18,Quiet,1
P035,47,Black or African American,Male,Yes,90,S29,Moderate_Noise,1
P035,47,Black or African American,Male,Yes,91,S10,Quiet,1
P035,47,Black or African American,Male,Yes,92,S13,Quiet,1
P035,47,Black or African American,Male,Yes,93,S31,Moderate_Noise,1
P035,47,Black or African American,Male,Yes,94,S25,Quiet,1
P035,47,Black or African American,Male,Yes,95,S30,Heavy_Noise,0
P035,47,Black or African American,Male,Yes,96,S32,Heavy_Noise,0
P035,47,Black or African American,Male,Yes,97,S19,Moderate_Noise,0
P035,47,Black or African American,Male,Yes,98,S21,Moderate_Noise,1
P035,47,Black or African American,Male,Yes,99,S07,Heavy_Noise,1
P035,47,Black or African American,Male,Yes,100,S19,Heavy_Noise,1
P035,47,Black or African American,Male,Yes,101,S17,Heavy_Noise,1
P035,47,Black or African American,Male,Yes,102,S14,Quiet,0
P035,47,Black or African American,Male,Yes,103,S03,Moderate_Noise,0
P035,47,Black or African American,Male,Yes,104,S01,Moderate_Noise,1
P035,47,Black or African American,Male,Yes,105,S26,Quiet,1
P035,47,Black or African American,Male,Yes,106,S21,Heavy_Noise,1
P035,47,Black or African American,Male,Yes,107,S25,Heavy_Noise,1
P035,47,Black or African American,Male,Yes,108,S04,Heavy_Noise,1
P036,34,Hispanic or Latino,Female,Yes,1,S11,Quiet,1
P036,34,Hispanic or Latino,Female,Yes,2,S35,Moderate_Noise,1
P036,34,Hispanic or Latino,Female,Yes,3,S21,Heavy_Noise,0
P036,34,Hispanic or Latino,Female,Yes,4,S02,Moderate_Noise,1
P036,34,Hispanic or Latino,Female,Yes,5,S19,Quiet,1
P036,34,Hispanic or Latino,Female,Yes,6,S04,Moderate_Noise,1
P036,34,Hispanic or Latino,Female,Yes,7,S20,Quiet,1
P036,34,Hispanic or Latino,Female,Yes,8,S07,Heavy_Noise,1
P036,34,Hispanic or Latino,Female,Yes,9,S19,Moderate_Noise,1
P036,34,Hispanic or Latino,Female,Yes,10,S12,Moderate_Noise,1
P036,34,Hispanic or Latino,Female,Yes,11,S29,Quiet,1
P036,34,Hispanic or Latino,Female,Yes,12,S28,Heavy_Noise,1
P036,34,Hispanic or Latino,Female,Yes,13,S01,Quiet,1
P036,34,Hispanic or Latino,Female,Yes,14,S16,Moderate_Noise,1
P036,34,Hispanic or Latino,Female,Yes,15,S14,Heavy_Noise,0
P036,34,Hispanic or Latino,Female,Yes,16,S15,Quiet,1
P036,34,Hispanic or Latino,Female,Yes,17,S26,Quiet,1
P036,34,Hispanic or Latino,Female,Yes,18,S29,Moderate_Noise,1
P036,34,Hispanic or Latino,Female,Yes,19,S23,Heavy_Noise,1
P036,34,Hispanic or Latino,Female,Yes,20,S27,Moderate_Noise,1
P036,34,Hispanic or Latino,Female,Yes,21,S18,Moderate_Noise,0
P036,34,Hispanic or Latino,Female,Yes,22,S29,Heavy_Noise,1
P036,34,Hispanic or Latino,Female,Yes,23,S35,Heavy_Noise,1
P036,34,Hispanic or Latino,Female,Yes,24,S30,Heavy_Noise,1
P036,34,Hispanic or Latino,Female,Yes,25,S18,Heavy_Noise,1
P036,34,Hispanic or Latino,Female,Yes,26,S14,Moderate_Noise,1
P036,34,Hispanic or Latino,Female,Yes,27,S09,Quiet,1
P036,34,Hispanic or Latino,Female,Yes,28,S08,Heavy_Noise,1
P036,34,Hispanic or Latino,Female,Yes,29,S24,Quiet,1
P036,34,Hispanic or Latino,Female,Yes,30,S20,Moderate_Noise,1
P036,34,Hispanic or Latino,Female,Yes,31,S06,Quiet,1
P036,34,Hispanic or Latino,Female,Yes,32,S24,Moderate_Noise,1
P036,34,Hispanic or Latino,Female,Yes,33,S05,Moderate_Noise,1
P036,34,Hispanic or Latino,Female,Yes,34,S17,Moderate_Noise,1
P036,34,Hispanic or Latino,Female,Yes,35,S36,Quiet,1
P036,34,Hispanic or Latino,Female,Yes,36,S22,Heavy_Noise,0
P036,34,Hispanic or Latino,Female,Yes,37,S12,Quiet,1
P036,34,Hispanic or Latino,Female,Yes,38,S28,Moderate_Noise,1
P036,34,Hispanic or Latino,Female,Yes,39,S32,Heavy_Noise,1
P036,34,Hispanic or Latino,Female,Yes,40,S17,Heavy_Noise,0
P036,34,Hispanic or Latino,Female,Yes,41,S01,Moderate_Noise,1
P036,34,Hispanic or Latino,Female,Yes,42,S33,Quiet,1
P036,34,Hispanic or Latino,Female,Yes,43,S02,Quiet,1
P036,34,Hispanic or Latino,Female,Yes,44,S25,Quiet,1
P036,34,Hispanic or Latino,Female,Yes,45,S06,Moderate_Noise,1
P036,34,Hispanic or Latino,Female,Yes,46,S34,Quiet,1
P036,34,Hispanic or Latino,Female,Yes,47,S19,Heavy_Noise,1
P036,34,Hispanic or Latino,Female,Yes,48,S16,Heavy_Noise,1
P036,34,Hispanic or Latino,Female,Yes,49,S13,Quiet,1
P036,34,Hispanic or Latino,Female,Yes,50,S36,Moderate_Noise,0
P036,34,Hispanic or Latino,Female,Yes,51,S32,Quiet,1
P036,34,Hispanic or Latino,Female,Yes,52,S26,Moderate_Noise,1
P036,34,Hispanic or Latino,Female,Yes,53,S23,Moderate_Noise,1
P036,34,Hispanic or Latino,Female,Yes,54,S03,Quiet,1
P036,34,Hispanic or Latino,Female,Yes,55,S34,Heavy_Noise,1
P036,34,Hispanic or Latino,Female,Yes,56,S12,Heavy_Noise,1
P036,34,Hispanic or Latino,Female,Yes,57,S01,Heavy_Noise,0
P036,34,Hispanic or Latino,Female,Yes,58,S31,Moderate_Noise,1
P036,34,Hispanic or Latino,Female,Yes,59,S27,Quiet,1
P036,34,Hispanic or Latino,Female,Yes,60,S04,Heavy_Noise,1
P036,34,Hispanic or Latino,Female,Yes,61,S16,Quiet,0
P036,34,Hispanic or Latino,Female,Yes,62,S23,Quiet,1
P036,34,Hispanic or Latino,Female,Yes,63,S08,Quiet,0
P036,34,Hispanic or Latino,Female,Yes,64,S17,Quiet,1
P036,34,Hispanic or Latino,Female,Yes,65,S32,Moderate_Noise,1
P036,34,Hispanic or Latino,Female,Yes,66,S10,Quiet,1
P036,34,Hispanic or Latino,Female,Yes,67,S06,Heavy_Noise,1
P036,34,Hispanic or Latino,Female,Yes,68,S31,Heavy_Noise,1
P036,34,Hispanic or Latino,Female,Yes,69,S15,Moderate_Noise,1
P036,34,Hispanic or Latino,Female,Yes,70,S28,Quiet,1
P036,34,Hispanic or Latino,Female,Yes,71,S21,Moderate_Noise,1
P036,34,Hispanic or Latino,Female,Yes,72,S13,Moderate_Noise,1
P036,34,Hispanic or Latino,Female,Yes,73,S27,Heavy_Noise,1
P036,34,Hispanic or Latino,Female,Yes,74,S07,Moderate_Noise,1
P036,34,Hispanic or Latino,Female,Yes,75,S13,Heavy_Noise,0
P036,34,Hispanic or Latino,Female,Yes,76,S10,Moderate_Noise,1
P036,34,Hispanic or Latino,Female,Yes,77,S11,Heavy_Noise,1
P036,34,Hispanic or Latino,Female,Yes,78,S26,Heavy_Noise,0
P036,34,Hispanic or Latino,Female,Yes,79,S02,Heavy_Noise,1
P036,34,Hispanic or Latino,Female,Yes,80,S08,Moderate_Noise,1
P036,34,Hispanic or Latino,Female,Yes,81,S36,Heavy_Noise,0
P036,34,Hispanic or Latino,Female,Yes,82,S30,Moderate_Noise,0
P036,34,Hispanic or Latino,Female,Yes,83,S20,Heavy_Noise,1
P036,34,Hispanic or Latino,Female,Yes,84,S18,Quiet,0
P036,34,Hispanic or Latino,Female,Yes,85,S31,Quiet,1
P036,34,Hispanic or Latino,Female,Yes,86,S30,Quiet,1
P036,34,Hispanic or Latino,Female,Yes,87,S35,Quiet,1
P036,34,Hispanic or Latino,Female,Yes,88,S07,Quiet,1
P036,34,Hispanic or Latino,Female,Yes,89,S22,Quiet,1
P036,34,Hispanic or Latino,Female,Yes,90,S22,Moderate_Noise,1
P036,34,Hispanic or Latino,Female,Yes,91,S33,Heavy_Noise,1
P036,34,Hispanic or Latino,Female,Yes,92,S03,Heavy_Noise,1
P036,34,Hispanic or Latino,Female,Yes,93,S25,Moderate_Noise,1
P036,34,Hispanic or Latino,Female,Yes,94,S03,Moderate_Noise,1
P036,34,Hispanic or Latino,Female,Yes,95,S33,Moderate_Noise,1
P036,34,Hispanic or Latino,Female,Yes,96,S11,Moderate_Noise,0
P036,34,Hispanic or Latino,Female,Yes,97,S05,Heavy_Noise,1
P036,34,Hispanic or Latino,Female,Yes,98,S15,Heavy_Noise,1
P036,34,Hispanic or Latino,Female,Yes,99,S09,Heavy_Noise,1
P036,34,Hispanic or Latino,Female,Yes,100,S34,Moderate_Noise,1
P036,34,Hispanic or Latino,Female,Yes,101,S10,Heavy_Noise,1
P036,34,Hispanic or Latino,Female,Yes,102,S24,Heavy_Noise,1
P036,34,Hispanic or Latino,Female,Yes,103,S14,Quiet,0
P036,34,Hispanic or Latino,Female,Yes,104,S04,Quiet,1
P036,34,Hispanic or Latino,Female,Yes,105,S05,Quiet,1
P036,34,Hispanic or Latino,Female,Yes,106,S09,Moderate_Noise,1
P036,34,Hispanic or Latino,Female,Yes,107,S21,Quiet,1
P036,34,Hispanic or Latino,Female,Yes,108,S25,Heavy_Noise,1
P037,45,Hispanic or Latino,Male,Yes,1,S09,Heavy_Noise,0
P037,45,Hispanic or Latino,Male,Yes,2,S33,Moderate_Noise,0
P037,45,Hispanic or Latino,Male,Yes,3,S02,Moderate_Noise,1
P037,45,Hispanic or Latino,Male,Yes,4,S32,Quiet,1
P037,45,Hispanic or Latino,Male,Yes,5,S20,Moderate_Noise,1
P037,45,Hispanic or Latino,Male,Yes,6,S17,Quiet,0
P037,45,Hispanic or Latino,Male,Yes,7,S17,Heavy_Noise,0
P037,45,Hispanic or Latino,Male,Yes,8,S30,Heavy_Noise,0
P037,45,Hispanic or Latino,Male,Yes,9,S13,Heavy_Noise,1
P037,45,Hispanic or Latino,Male,Yes,10,S29,Quiet,1
P037,45,Hispanic or Latino,Male,Yes,11,S35,Moderate_Noise,0
P037,45,Hispanic or Latino,Male,Yes,12,S01,Quiet,1
P037,45,Hispanic or Latino,Male,Yes,13,S09,Quiet,0
P037,45,Hispanic or Latino,Male,Yes,14,S14,Moderate_Noise,1
P037,45,Hispanic or Latino,Male,Yes,15,S01,Heavy_Noise,1
P037,45,Hispanic or Latino,Male,Yes,16,S17,Moderate_Noise,0
P037,45,Hispanic or Latino,Male,Yes,17,S18,Quiet,1
P037,45,Hispanic or Latino,Male,Yes,18,S22,Heavy_Noise,0
P037,45,Hispanic or Latino,Male,Yes,19,S29,Heavy_Noise,1
P037,45,Hispanic or Latino,Male,Yes,20,S21,Moderate_Noise,1
P037,45,Hispanic or Latino,Male,Yes,21,S25,Moderate_Noise,1
P037,45,Hispanic or Latino,Male,Yes,22,S04,Moderate_Noise,1
P037,45,Hispanic or Latino,Male,Yes,23,S15,Quiet,1
P037,45,Hispanic or Latino,Male,Yes,24,S32,Moderate_Noise,1
P037,45,Hispanic or Latino,Male,Yes,25,S18,Moderate_Noise,1
P037,45,Hispanic or Latino,Male,Yes,26,S05,Heavy_Noise,0
P037,45,Hispanic or Latino,Male,Yes,27,S18,Heavy_Noise,0
P037,45,Hispanic or Latino,Male,Yes,28,S09,Moderate_Noise,0
P037,45,Hispanic or Latino,Male,Yes,29,S36,Quiet,1
P037,45,Hispanic or Latino,Male,Yes,30,S24,Heavy_Noise,0
P037,45,Hispanic or Latino,Male,Yes,31,S36,Heavy_Noise,0
P037,45,Hispanic or Latino,Male,Yes,32,S31,Moderate_Noise,1
P037,45,Hispanic or Latino,Male,Yes,33,S35,Heavy_Noise,0
P037,45,Hispanic or Latino,Male,Yes,34,S04,Heavy_Noise,1
P037,45,Hispanic or Latino,Male,Yes,35,S34,Heavy_Noise,1
P037,45,Hispanic or Latino,Male,Yes,36,S05,Quiet,1
P037,45,Hispanic or Latino,Male,Yes,37,S35,Quiet,0
P037,45,Hispanic or Latino,Male,Yes,38,S08,Heavy_Noise,0
P037,45,Hispanic or Latino,Male,Yes,39,S19,Heavy_Noise,1
P037,45,Hispanic or Latino,Male,Yes,40,S03,Quiet,1
P037,45,Hispanic or Latino,Male,Yes,41,S14,Quiet,0
P037,45,Hispanic or Latino,Male,Yes,42,S16,Heavy_Noise,1
P037,45,Hispanic or Latino,Male,Yes,43,S22,Quiet,1
P037,45,Hispanic or Latino,Male,Yes,44,S27,Heavy_Noise,1
P037,45,Hispanic or Latino,Male,Yes,45,S03,Moderate_Noise,0
P037,45,Hispanic or Latino,Male,Yes,46,S28,Heavy_Noise,1
P037,45,Hispanic or Latino,Male,Yes,47,S13,Quiet,1
P037,45,Hispanic or Latino,Male,Yes,48,S24,Moderate_Noise,0
P037,45,Hispanic or Latino,Male,Yes,49,S15,Heavy_Noise,1
P037,45,Hispanic or Latino,Male,Yes,50,S01,Moderate_Noise,1
P037,45,Hispanic or Latino,Male,Yes,51,S13,Moderate_Noise,1
P037,45,Hispanic or Latino,Male,Yes,52,S04,Quiet,1
P037,45,Hispanic or Latino,Male,Yes,53,S07,Moderate_Noise,0
P037,45,Hispanic or Latino,Male,Yes,54,S26,Heavy_Noise,1
P037,45,Hispanic or Latino,Male,Yes,55,S07,Quiet,0
P037,45,Hispanic or Latino,Male,Yes,56,S24,Quiet,1
P037,45,Hispanic or Latino,Male,Yes,57,S25,Quiet,1
P037,45,Hispanic or Latino,Male,Yes,58,S30,Quiet,0
P037,45,Hispanic or Latino,Male,Yes,59,S28,Quiet,1
P037,45,Hispanic or Latino,Male,Yes,60,S12,Moderate_Noise,1
P037,45,Hispanic or Latino,Male,Yes,61,S11,Moderate_Noise,0
P037,45,Hispanic or Latino,Male,Yes,62,S02,Heavy_Noise,0
P037,45,Hispanic or Latino,Male,Yes,63,S32,Heavy_Noise,1
P037,45,Hispanic or Latino,Male,Yes,64,S15,Moderate_Noise,1
P037,45,Hispanic or Latino,Male,Yes,65,S27,Quiet,1
P037,45,Hispanic or Latino,Male,Yes,66,S30,Moderate_Noise,1
P037,45,Hispanic or Latino,Male,Yes,67,S33,Heavy_Noise,0
P037,45,Hispanic or Latino,Male,Yes,68,S20,Quiet,1
P037,45,Hispanic or Latino,Male,Yes,69,S33,Quiet,1
P037,45,Hispanic or Latino,Male,Yes,70,S34,Moderate_Noise,1
P037,45,Hispanic or Latino,Male,Yes,71,S06,Moderate_Noise,0
P037,45,Hispanic or Latino,Male,Yes,72,S02,Quiet,0
P037,45,Hispanic or Latino,Male,Yes,73,S29,Moderate_Noise,1
P037,45,Hispanic or Latino,Male,Yes,74,S16,Moderate_Noise,0
P037,45,Hispanic or Latino,Male,Yes,75,S11,Heavy_Noise,0
P037,45,Hispanic or Latino,Male,Yes,76,S27,Moderate_Noise,0
P037,45,Hispanic or Latino,Male,Yes,77,S21,Heavy_Noise,1
P037,45,Hispanic or Latino,Male,Yes,78,S07,Heavy_Noise,0
P037,45,Hispanic or Latino,Male,Yes,79,S16,Quiet,1
P037,45,Hispanic or Latino,Male,Yes,80,S03,Heavy_Noise,0
P037,45,Hispanic or Latino,Male,Yes,81,S22,Moderate_Noise,1
P037,45,Hispanic or Latino,Male,Yes,82,S23,Moderate_Noise,1
P037,45,Hispanic or Latino,Male,Yes,83,S34,Quiet,1
P037,45,Hispanic or Latino,Male,Yes,84,S20,Heavy_Noise,0
P037,45,Hispanic or Latino,Male,Yes,85,S19,Moderate_Noise,1
P037,45,Hispanic or Latino,Male,Yes,86,S25,Heavy_Noise,0
P037,45,Hispanic or Latino,Male,Yes,87,S05,Moderate_Noise,1
P037,45,Hispanic or Latino,Male,Yes,88,S26,Moderate_Noise,1
P037,45,Hispanic or Latino,Male,Yes,89,S19,Quiet,1
P037,45,Hispanic or Latino,Male,Yes,90,S36,Moderate_Noise,0
P037,45,Hispanic or Latino,Male,Yes,91,S23,Quiet,1
P037,45,Hispanic or Latino,Male,Yes,92,S31,Quiet,1
P037,45,Hispanic or Latino,Male,Yes,93,S28,Moderate_Noise,1
P037,45,Hispanic or Latino,Male,Yes,94,S08,Moderate_Noise,0
P037,45,Hispanic or Latino,Male,Yes,95,S21,Quiet,1
P037,45,Hispanic or Latino,Male,Yes,96,S10,Heavy_Noise,0
P037,45,Hispanic or Latino,Male,Yes,97,S10,Quiet,1
P037,45,Hispanic or Latino,Male,Yes,98,S06,Heavy_Noise,1
P037,45,Hispanic or Latino,Male,Yes,99,S14,Heavy_Noise,0
P037,45,Hispanic or Latino,Male,Yes,100,S08,Quiet,0
P037,45,Hispanic or Latino,Male,Yes,101,S26,Quiet,1
P037,45,Hispanic or Latino,Male,Yes,102,S23,Heavy_Noise,1
P037,45,Hispanic or Latino,Male,Yes,103,S12,Quiet,1
P037,45,Hispanic or Latino,Male,Yes,104,S31,Heavy_Noise,1
P037,45,Hispanic or Latino,Male,Yes,105,S06,Quiet,1
P037,45,Hispanic or Latino,Male,Yes,106,S11,Quiet,0
P037,45,Hispanic or Latino,Male,Yes,107,S12,Heavy_Noise,1
P037,45,Hispanic or Latino,Male,Yes,108,S10,Moderate_Noise,1
P038,52,Asian,Female,Yes,1,S31,Moderate_Noise,1
P038,52,Asian,Female,Yes,2,S30,Heavy_Noise,1
P038,52,Asian,Female,Yes,3,S06,Heavy_Noise,0
P038,52,Asian,Female,Yes,4,S27,Quiet,1
P038,52,Asian,Female,Yes,5,S12,Quiet,1
P038,52,Asian,Female,Yes,6,S28,Moderate_Noise,1
P038,52,Asian,Female,Yes,7,S22,Quiet,1
P038,52,Asian,Female,Yes,8,S34,Quiet,1
P038,52,Asian,Female,Yes,9,S32,Quiet,1
P038,52,Asian,Female,Yes,10,S25,Moderate_Noise,1
P038,52,Asian,Female,Yes,11,S26,Heavy_Noise,1
P038,52,Asian,Female,Yes,12,S36,Quiet,1
P038,52,Asian,Female,Yes,13,S10,Quiet,1
P038,52,Asian,Female,Yes,14,S13,Heavy_Noise,1
P038,52,Asian,Female,Yes,15,S30,Moderate_Noise,1
P038,52,Asian,Female,Yes,16,S13,Quiet,1
P038,52,Asian,Female,Yes,17,S02,Heavy_Noise,1
P038,52,Asian,Female,Yes,18,S04,Quiet,1
P038,52,Asian,Female,Yes,19,S20,Moderate_Noise,0
P038,52,Asian,Female,Yes,20,S05,Heavy_Noise,1
P038,52,Asian,Female,Yes,21,S29,Quiet,1
P038,52,Asian,Female,Yes,22,S36,Moderate_Noise,1
P038,52,Asian,Female,Yes,23,S25,Heavy_Noise,1
P038,52,Asian,Female,Yes,24,S02,Moderate_Noise,1
P038,52,Asian,Female,Yes,25,S28,Heavy_Noise,0
P038,52,Asian,Female,Yes,26,S06,Moderate_Noise,1
P038,52,Asian,Female,Yes,27,S08,Moderate_Noise,1
P038,52,Asian,Female,Yes,28,S20,Quiet,1
P038,52,Asian,Female,Yes,29,S19,Heavy_Noise,0
P038,52,Asian,Female,Yes,30,S17,Moderate_Noise,0
P038,52,Asian,Female,Yes,31,S03,Moderate_Noise,1
P038,52,Asian,Female,Yes,32,S22,Moderate_Noise,1
P038,52,Asian,Female,Yes,33,S09,Quiet,1
P038,52,Asian,Female,Yes,34,S23,Moderate_Noise,1
P038,52,Asian,Female,Yes,35,S35,Moderate_Noise,1
P038,52,Asian,Female,Yes,36,S16,Moderate_Noise,0
P038,52,Asian,Female,Yes,37,S11,Moderate_Noise,1
P038,52,Asian,Female,Yes,38,S10,Moderate_Noise,0
P038,52,Asian,Female,Yes,39,S16,Heavy_Noise,1
P038,52,Asian,Female,Yes,40,S17,Heavy_Noise,1
P038,52,Asian,Female,Yes,41,S01,Moderate_Noise,1
P038,52,Asian,Female,Yes,42,S15,Heavy_Noise,1
P038,52,Asian,Female,Yes,43,S17,Quiet,1
P038,52,Asian,Female,Yes,44,S06,Quiet,1
P038,52,Asian,Female,Yes,45,S08,Quiet,1
P038,52,Asian,Female,Yes,46,S33,Moderate_Noise,0
P038,52,Asian,Female,Yes,47,S27,Heavy_Noise,1
P038,52,Asian,Female,Yes,48,S03,Quiet,1
P038,52,Asian,Female,Yes,49,S29,Moderate_Noise,1
P038,52,Asian,Female,Yes,50,S24,Heavy_Noise,1
P038,52,Asian,Female,Yes,51,S35,Quiet,1
P038,52,Asian,Female,Yes,52,S01,Heavy_Noise,1
P038,52,Asian,Female,Yes,53,S21,Moderate_Noise,1
P038,52,Asian,Female,Yes,54,S34,Moderate_Noise,1
P038,52,Asian,Female,Yes,55,S02,Quiet,1
P038,52,Asian,Female,Yes,56,S18,Moderate_Noise,1
P038,52,Asian,Female,Yes,57,S20,Heavy_Noise,1
P038,52,Asian,Female,Yes,58,S35,Heavy_Noise,1
P038,52,Asian,Female,Yes,59,S04,Moderate_Noise,1
P038,52,Asian,Female,Yes,60,S27,Moderate_Noise,1
P038,52,Asian,Female,Yes,61,S19,Quiet,1
P038,52,Asian,Female,Yes,62,S36,Heavy_Noise,0
P038,52,Asian,Female,Yes,63,S18,Quiet,1
P038,52,Asian,Female,Yes,64,S33,Heavy_Noise,0
P038,52,Asian,Female,Yes,65,S25,Quiet,1
P038,52,Asian,Female,Yes,66,S11,Quiet,0
P038,52,Asian,Female,Yes,67,S13,Moderate_Noise,1
P038,52,Asian,Female,Yes,68,S33,Quiet,1
P038,52,Asian,Female,Yes,69,S12,Heavy_Noise,1
P038,52,Asian,Female,Yes,70,S05,Quiet,1
P038,52,Asian,Female,Yes,71,S04,Heavy_Noise,1
P038,52,Asian,Female,Yes,72,S14,Moderate_Noise,1
P038,52,Asian,Female,Yes,73,S15,Quiet,1
P038,52,Asian,Female,Yes,74,S28,Quiet,1
P038,52,Asian,Female,Yes,75,S29,Heavy_Noise,1
P038,52,Asian,Female,Yes,76,S21,Heavy_Noise,1
P038,52,Asian,Female,Yes,77,S31,Heavy_Noise,1
P038,52,Asian,Female,Yes,78,S26,Moderate_Noise,0
P038,52,Asian,Female,Yes,79,S26,Quiet,1
P038,52,Asian,Female,Yes,80,S32,Moderate_Noise,0
P038,52,Asian,Female,Yes,81,S08,Heavy_Noise,0
P038,52,Asian,Female,Yes,82,S32,Heavy_Noise,1
P038,52,Asian,Female,Yes,83,S24,Quiet,1
P038,52,Asian,Female,Yes,84,S14,Heavy_Noise,0
P038,52,Asian,Female,Yes,85,S10,Heavy_Noise,1
P038,52,Asian,Female,Yes,86,S01,Quiet,1
P038,52,Asian,Female,Yes,87,S05,Moderate_Noise,1
P038,52,Asian,Female,Yes,88,S14,Quiet,1
P038,52,Asian,Female,Yes,89,S21,Quiet,1
P038,52,Asian,Female,Yes,90,S23,Quiet,1
P038,52,Asian,Female,Yes,91,S19,Moderate_Noise,1
P038,52,Asian,Female,Yes,92,S11,Heavy_Noise,1
P038,52,Asian,Female,Yes,93,S23,Heavy_Noise,0
P038,52,Asian,Female,Yes,94,S09,Moderate_Noise,1
P038,52,Asian,Female,Yes,95,S07,Quiet,1
P038,52,Asian,Female,Yes,96,S16,Quiet,0
P038,52,Asian,Female,Yes,97,S30,Quiet,1
P038,52,Asian,Female,Yes,98,S24,Moderate_Noise,1
P038,52,Asian,Female,Yes,99,S07,Moderate_Noise,1
P038,52,Asian,Female,Yes,100,S31,Quiet,1
P038,52,Asian,Female,Yes,101,S09,Heavy_Noise,0
P038,52,Asian,Female,Yes,102,S07,Heavy_Noise,1
P038,52,Asian,Female,Yes,103,S22,Heavy_Noise,1
P038,52,Asian,Female,Yes,104,S34,Heavy_Noise,1
P038,52,Asian,Female,Yes,105,S18,Heavy_Noise,1
P038,52,Asian,Female,Yes,106,S12,Moderate_Noise,1
P038,52,Asian,Female,Yes,107,S03,Heavy_Noise,0
P038,52,Asian,Female,Yes,108,S15,Moderate_Noise,1
P039,35,White,Female,Yes,1,S21,Moderate_Noise,1
P039,35,White,Female,Yes,2,S06,Quiet,1
P039,35,White,Female,Yes,3,S32,Heavy_Noise,1
P039,35,White,Female,Yes,4,S18,Quiet,1
P039,35,White,Female,Yes,5,S10,Quiet,0
P039,35,White,Female,Yes,6,S34,Quiet,1
P039,35,White,Female,Yes,7,S05,Heavy_Noise,0
P039,35,White,Female,Yes,8,S30,Quiet,1
P039,35,White,Female,Yes,9,S09,Heavy_Noise,0
P039,35,White,Female,Yes,10,S20,Moderate_Noise,1
P039,35,White,Female,Yes,11,S03,Heavy_Noise,0
P039,35,White,Female,Yes,12,S15,Heavy_Noise,0
P039,35,White,Female,Yes,13,S27,Quiet,0
P039,35,White,Female,Yes,14,S13,Heavy_Noise,1
P039,35,White,Female,Yes,15,S03,Moderate_Noise,1
P039,35,White,Female,Yes,16,S13,Moderate_Noise,1
P039,35,White,Female,Yes,17,S19,Heavy_Noise,1
P039,35,White,Female,Yes,18,S17,Heavy_Noise,0
P039,35,White,Female,Yes,19,S17,Quiet,0
P039,35,White,Female,Yes,20,S03,Quiet,1
P039,35,White,Female,Yes,21,S28,Quiet,1
P039,35,White,Female,Yes,22,S09,Moderate_Noise,0
P039,35,White,Female,Yes,23,S34,Heavy_Noise,0
P039,35,White,Female,Yes,24,S15,Moderate_Noise,1
P039,35,White,Female,Yes,25,S04,Quiet,1
P039,35,White,Female,Yes,26,S02,Heavy_Noise,0
P039,35,White,Female,Yes,27,S23,Quiet,0
P039,35,White,Female,Yes,28,S08,Moderate_Noise,1
P039,35,White,Female,Yes,29,S34,Moderate_Noise,0
P039,35,White,Female,Yes,30,S27,Moderate_Noise,1
P039,35,White,Female,Yes,31,S21,Quiet,1
P039,35,White,Female,Yes,32,S33,Heavy_Noise,1
P039,35,White,Female,Yes,33,S06,Moderate_Noise,1
P039,35,White,Female,Yes,34,S01,Moderate_Noise,1
P039,35,White,Female,Yes,35,S25,Moderate_Noise,1
P039,35,White,Female,Yes,36,S12,Heavy_Noise,1
P039,35,White,Female,Yes,37,S33,Moderate_Noise,1
P039,35,White,Female,Yes,38,S12,Quiet,1
P039,35,White,Female,Yes,39,S14,Heavy_Noise,0
P039,35,White,Female,Yes,40,S21,Heavy_Noise,0
P039,35,White,Female,Yes,41,S31,Quiet,1
P039,35,White,Female,Yes,42,S27,Heavy_Noise,0
P039,35,White,Female,Yes,43,S26,Quiet,1
P039,35,White,Female,Yes,44,S24,Heavy_Noise,1
P039,35,White,Female,Yes,45,S16,Quiet,1
P039,35,White,Female,Yes,46,S09,Quiet,0
P039,35,White,Female,Yes,47,S24,Quiet,1
P039,35,White,Female,Yes,48,S08,Quiet,1
P039,35,White,Female,Yes,49,S30,Heavy_Noise,0
P039,35,White,Female,Yes,50,S07,Quiet,1
P039,35,White,Female,Yes,51,S06,Heavy_Noise,0
P039,35,White,Female,Yes,52,S28,Heavy_Noise,1
P039,35,White,Female,Yes,53,S20,Heavy_Noise,0
P039,35,White,Female,Yes,54,S05,Moderate_Noise,1
P039,35,White,Female,Yes,55,S25,Quiet,1
P039,35,White,Female,Yes,56,S02,Moderate_Noise,1
P039,35,White,Female,Yes,57,S19,Moderate_Noise,0
P039,35,White,Female,Yes,58,S11,Moderate_Noise,0
P039,35,White,Female,Yes,59,S32,Quiet,0
P039,35,White,Female,Yes,60,S05,Quiet,1
P039,35,White,Female,Yes,61,S18,Heavy_Noise,0
P039,35,White,Female,Yes,62,S26,Heavy_Noise,0
P039,35,White,Female,Yes,63,S36,Quiet,1
P039,35,White,Female,Yes,64,S15,Quiet,1
P039,35,White,Female,Yes,65,S04,Heavy_Noise,1
P039,35,White,Female,Yes,66,S24,Moderate_Noise,1
P039,35,White,Female,Yes,67,S01,Heavy_Noise,1
P039,35,White,Female,Yes,68,S29,Quiet,0
P039,35,White,Female,Yes,69,S01,Quiet,1
P039,35,White,Female,Yes,70,S26,Moderate_Noise,1
P039,35,White,Female,Yes,71,S02,Quiet,0
P039,35,White,Female,Yes,72,S12,Moderate_Noise,1
P039,35,White,Female,Yes,73,S19,Quiet,1
P039,35,White,Female,Yes,74,S32,Moderate_Noise,1
P039,35,White,Female,Yes,75,S16,Moderate_Noise,1
P039,35,White,Female,Yes,76,S23,Moderate_Noise,1
P039,35,White,Female,Yes,77,S28,Moderate_Noise,0
P039,35,White,Female,Yes,78,S35,Moderate_Noise,1
P039,35,White,Female,Yes,79,S31,Heavy_Noise,1
P039,35,White,Female,Yes,80,S10,Moderate_Noise,0
P039,35,White,Female,Yes,81,S08,Heavy_Noise,0
P039,35,White,Female,Yes,82,S14,Moderate_Noise,1
P039,35,White,Female,Yes,83,S36,Heavy_Noise,1
P039,35,White,Female,Yes,84,S11,Heavy_Noise,0
P039,35,White,Female,Yes,85,S31,Moderate_Noise,0
P039,35,White,Female,Yes,86,S10,Heavy_Noise,1
P039,35,White,Female,Yes,87,S07,Moderate_Noise,1
P039,35,White,Female,Yes,88,S16,Heavy_Noise,0
P039,35,White,Female,Yes,89,S35,Quiet,1
P039,35,White,Female,Yes,90,S18,Moderate_Noise,0
P039,35,White,Female,Yes,91,S33,Quiet,1
P039,35,White,Female,Yes,92,S11,Quiet,1
P039,35,White,Female,Yes,93,S14,Quiet,0
P039,35,White,Female,Yes,94,S22,Quiet,1
P039,35,White,Female,Yes,95,S29,Heavy_Noise,1
P039,35,White,Female,Yes,96,S04,Moderate_Noise,1
P039,35,White,Female,Yes,97,S35,Heavy_Noise,1
P039,35,White,Female,Yes,98,S20,Quiet,0
P039,35,White,Female,Yes,99,S29,Moderate_Noise,1
P039,35,White,Female,Yes,100,S22,Heavy_Noise,1
P039,35,White,Female,Yes,101,S25,Heavy_Noise,1
P039,35,White,Female,Yes,102,S22,Moderate_Noise,1
P039,35,White,Female,Yes,103,S13,Quiet,1
P039,35,White,Female,Yes,104,S23,Heavy_Noise,1
P039,35,White,Female,Yes,105,S17,Moderate_Noise,0
P039,35,White,Female,Yes,106,S36,Moderate_Noise,1
P039,35,White,Female,Yes,107,S07,Heavy_Noise,1
P039,35,White,Female,Yes,108,S30,Moderate_Noise,0
P040,27,Black or African American,Male,Yes,1,S31,Quiet,1
P040,27,Black or African American,Male,Yes,2,S08,Heavy_Noise,0
P040,27,Black or African American,Male,Yes,3,S28,Quiet,1
P040,27,Black or African American,Male,Yes,4,S10,Quiet,1
P040,27,Black or African American,Male,Yes,5,S13,Quiet,1
P040,27,Black or African American,Male,Yes,6,S30,Quiet,1
P040,27,Black or African American,Male,Yes,7,S30,Moderate_Noise,0
P040,27,Black or African American,Male,Yes,8,S02,Quiet,0
P040,27,Black or African American,Male,Yes,9,S22,Quiet,1
P040,27,Black or African American,Male,Yes,10,S05,Moderate_Noise,1
P040,27,Black or African American,Male,Yes,11,S22,Heavy_Noise,1
P040,27,Black or African American,Male,Yes,12,S09,Moderate_Noise,1
P040,27,Black or African American,Male,Yes,13,S27,Moderate_Noise,1
P040,27,Black or African American,Male,Yes,14,S11,Quiet,0
P040,27,Black or African American,Male,Yes,15,S24,Moderate_Noise,1
P040,27,Black or African American,Male,Yes,16,S32,Moderate_Noise,1
P040,27,Black or African American,Male,Yes,17,S25,Moderate_Noise,1
P040,27,Black or African American,Male,Yes,18,S29,Quiet,1
P040,27,Black or African American,Male,Yes,19,S27,Heavy_Noise,0
P040,27,Black or African American,Male,Yes,20,S03,Heavy_Noise,1
P040,27,Black or African American,Male,Yes,21,S36,Heavy_Noise,0
P040,27,Black or African American,Male,Yes,22,S26,Heavy_Noise,0
P040,27,Black or African American,Male,Yes,23,S09,Heavy_Noise,0
P040,27,Black or African American,Male,Yes,24,S01,Quiet,0
P040,27,Black or African American,Male,Yes,25,S10,Heavy_Noise,0
P040,27,Black or African American,Male,Yes,26,S25,Heavy_Noise,0
P040,27,Black or African American,Male,Yes,27,S04,Heavy_Noise,0
P040,27,Black or African American,Male,Yes,28,S16,Moderate_Noise,0
P040,27,Black or African American,Male,Yes,29,S01,Moderate_Noise,0
P040,27,Black or African American,Male,Yes,30,S33,Heavy_Noise,0
P040,27,Black or African American,Male,Yes,31,S12,Moderate_Noise,1
P040,27,Black or African American,Male,Yes,32,S05,Quiet,0
P040,27,Black or African American,Male,Yes,33,S36,Moderate_Noise,1
P040,27,Black or African American,Male,Yes,34,S07,Moderate_Noise,0
P040,27,Black or African American,Male,Yes,35,S20,Heavy_Noise,0
P040,27,Black or African American,Male,Yes,36,S17,Quiet,0
P040,27,Black or African American,Male,Yes,37,S17,Moderate_Noise,0
P040,27,Black or African American,Male,Yes,38,S18,Heavy_Noise,0
P040,27,Black or African American,Male,Yes,39,S28,Heavy_Noise,1
P040,27,Black or African American,Male,Yes,40,S26,Moderate_Noise,0
P040,27,Black or African American,Male,Yes,41,S21,Heavy_Noise,0
P040,27,Black or African American,Male,Yes,42,S12,Quiet,1
P040,27,Black or African American,Male,Yes,43,S32,Quiet,1
P040,27,Black or African American,Male,Yes,44,S02,Heavy_Noise,0
P040,27,Black or African American,Male,Yes,45,S08,Quiet,1
P040,27,Black or African American,Male,Yes,46,S35,Moderate_Noise,0
P040,27,Black or African American,Male,Yes,47,S14,Quiet,0
P040,27,Black or African American,Male,Yes,48,S32,Heavy_Noise,1
P040,27,Black or African American,Male,Yes,49,S11,Moderate_Noise,0
P040,27,Black or African American,Male,Yes,50,S23,Quiet,0
P040,27,Black or African American,Male,Yes,51,S05,Heavy_Noise,0
P040,27,Black or African American,Male,Yes,52,S12,Heavy_Noise,1
P040,27,Black or African American,Male,Yes,53,S20,Quiet,1
P040,27,Black or African American,Male,Yes,54,S24,Heavy_Noise,0
P040,27,Black or African American,Male,Yes,55,S09,Quiet,0
P040,27,Black or African American,Male,Yes,56,S35,Quiet,0
P040,27,Black or African American,Male,Yes,57,S14,Heavy_Noise,0
P040,27,Black or African American,Male,Yes,58,S33,Quiet,1
P040,27,Black or African American,Male,Yes,59,S10,Moderate_Noise,0
P040,27,Black or African American,Male,Yes,60,S04,Moderate_Noise,1
P040,27,Black or African American,Male,Yes,61,S02,Moderate_Noise,0
P040,27,Black or African American,Male,Yes,62,S13,Heavy_Noise,1
P040,27,Black or African American,Male,Yes,63,S13,Moderate_Noise,1
P040,27,Black or African American,Male,Yes,64,S17,Heavy_Noise,0
P040,27,Black or African American,Male,Yes,65,S07,Heavy_Noise,1
P040,27,Black or African American,Male,Yes,66,S19,Quiet,0
P040,27,Black or African American,Male,Yes,67,S16,Heavy_Noise,0
P040,27,Black or African American,Male,Yes,68,S14,Moderate_Noise,0
P040,27,Black or African American,Male,Yes,69,S22,Moderate_Noise,0
P040,27,Black or African American,Male,Yes,70,S15,Moderate_Noise,1
P040,27,Black or African American,Male,Yes,71,S34,Heavy_Noise,0
P040,27,Black or African American,Male,Yes,72,S25,Quiet,0
P040,27,Black or African American,Male,Yes,73,S27,Quiet,0
P040,27,Black or African American,Male,Yes,74,S26,Quiet,1
P040,27,Black or African American,Male,Yes,75,S19,Moderate_Noise,0
P040,27,Black or African American,Male,Yes,76,S33,Moderate_Noise,1
P040,27,Black or African American,Male,Yes,77,S23,Heavy_Noise,0
P040,27,Black or African American,Male,Yes,78,S29,Heavy_Noise,1
P040,27,Black or African American,Male,Yes,79,S06,Heavy_Noise,1
P040,27,Black or African American,Male,Yes,80,S19,Heavy_Noise,0
P040,27,Black or African American,Male,Yes,81,S29,Moderate_Noise,1
P040,27,Black or African American,Male,Yes,82,S15,Quiet,1
P040,27,Black or African American,Male,Yes,83,S03,Quiet,1
P040,27,Black or African American,Male,Yes,84,S01,Heavy_Noise,0
P040,27,Black or African American,Male,Yes,85,S35,Heavy_Noise,0
P040,27,Black or African American,Male,Yes,86,S21,Quiet,1
P040,27,Black or African American,Male,Yes,87,S20,Moderate_Noise,0
P040,27,Black or African American,Male,Yes,88,S03,Moderate_Noise,1
P040,27,Black or African American,Male,Yes,89,S31,Heavy_Noise,0
P040,27,Black or African American,Male,Yes,90,S11,Heavy_Noise,0
P040,27,Black or African American,Male,Yes,91,S36,Quiet,0
P040,27,Black or African American,Male,Yes,92,S34,Quiet,1
P040,27,Black or African American,Male,Yes,93,S30,Heavy_Noise,0
P040,27,Black or African American,Male,Yes,94,S16,Quiet,0
P040,27,Black or African American,Male,Yes,95,S23,Moderate_Noise,0
P040,27,Black or African American,Male,Yes,96,S18,Moderate_Noise,1
P040,27,Black or African American,Male,Yes,97,S31,Moderate_Noise,0
P040,27,Black or African American,Male,Yes,98,S07,Quiet,1
P040,27,Black or African American,Male,Yes,99,S21,Moderate_Noise,0
P040,27,Black or African American,Male,Yes,100,S28,Moderate_Noise,1
P040,27,Black or African American,Male,Yes,101,S18,Quiet,0
P040,27,Black or African American,Male,Yes,102,S08,Moderate_Noise,1
P040,27,Black or African American,Male,Yes,103,S06,Moderate_Noise,0
P040,27,Black or African American,Male,Yes,104,S04,Quiet,1
P040,27,Black or African American,Male,Yes,105,S15,Heavy_Noise,1
P040,27,Black or African American,Male,Yes,106,S34,Moderate_Noise,0
P040,27,Black or African American,Male,Yes,107,S24,Quiet,0
P040,27,Black or African American,Male,Yes,108,S06,Quiet,0
P041,43,White,Male,Yes,1,S23,Heavy_Noise,1
P041,43,White,Male,Yes,2,S10,Quiet,0
P041,43,White,Male,Yes,3,S25,Heavy_Noise,1
P041,43,White,Male,Yes,4,S05,Heavy_Noise,1
P041,43,White,Male,Yes,5,S13,Heavy_Noise,1
P041,43,White,Male,Yes,6,S31,Quiet,1
P041,43,White,Male,Yes,7,S35,Heavy_Noise,0
P041,43,White,Male,Yes,8,S07,Heavy_Noise,1
P041,43,White,Male,Yes,9,S06,Moderate_Noise,1
P041,43,White,Male,Yes,10,S21,Moderate_Noise,0
P041,43,White,Male,Yes,11,S14,Moderate_Noise,0
P041,43,White,Male,Yes,12,S27,Moderate_Noise,1
P041,43,White,Male,Yes,13,S01,Quiet,1
P041,43,White,Male,Yes,14,S32,Moderate_Noise,1
P041,43,White,Male,Yes,15,S25,Quiet,1
P041,43,White,Male,Yes,16,S07,Quiet,1
P041,43,White,Male,Yes,17,S20,Heavy_Noise,1
P041,43,White,Male,Yes,18,S30,Moderate_Noise,1
P041,43,White,Male,Yes,19,S25,Moderate_Noise,1
P041,43,White,Male,Yes,20,S15,Quiet,1
P041,43,White,Male,Yes,21,S15,Heavy_Noise,1
P041,43,White,Male,Yes,22,S05,Moderate_Noise,0
P041,43,White,Male,Yes,23,S21,Quiet,1
P041,43,White,Male,Yes,24,S12,Heavy_Noise,1
P041,43,White,Male,Yes,25,S26,Quiet,1
P041,43,White,Male,Yes,26,S32,Heavy_Noise,0
P041,43,White,Male,Yes,27,S22,Heavy_Noise,1
P041,43,White,Male,Yes,28,S14,Quiet,1
P041,43,White,Male,Yes,29,S24,Heavy_Noise,1
P041,43,White,Male,Yes,30,S08,Moderate_Noise,0
P041,43,White,Male,Yes,31,S23,Quiet,0
P041,43,White,Male,Yes,32,S03,Quiet,1
P041,43,White,Male,Yes,33,S30,Heavy_Noise,0
P041,43,White,Male,Yes,34,S09,Quiet,1
P041,43,White,Male,Yes,35,S06,Quiet,1
P041,43,White,Male,Yes,36,S34,Heavy_Noise,1
P041,43,White,Male,Yes,37,S30,Quiet,1
P041,43,White,Male,Yes,38,S05,Quiet,1
P041,43,White,Male,Yes,39,S35,Quiet,0
P041,43,White,Male,Yes,40,S34,Quiet,1
P041,43,White,Male,Yes,41,S19,Moderate_Noise,1
P041,43,White,Male,Yes,42,S36,Quiet,1
P041,43,White,Male,Yes,43,S01,Moderate_Noise,1
P041,43,White,Male,Yes,44,S01,Heavy_Noise,1
P041,43,White,Male,Yes,45,S24,Quiet,1
P041,43,White,Male,Yes,46,S19,Heavy_Noise,1
P041,43,White,Male,Yes,47,S35,Moderate_Noise,0
P041,43,White,Male,Yes,48,S02,Moderate_Noise,0
P041,43,White,Male,Yes,49,S34,Moderate_Noise,1
P041,43,White,Male,Yes,50,S13,Moderate_Noise,1
P041,43,White,Male,Yes,51,S29,Quiet,1
P041,43,White,Male,Yes,52,S29,Heavy_Noise,0
P041,43,White,Male,Yes,53,S27,Quiet,1
P041,43,White,Male,Yes,54,S17,Heavy_Noise,0
P041,43,White,Male,Yes,55,S16,Quiet,1
P041,43,White,Male,Yes,56,S26,Moderate_Noise,1
P041,43,White,Male,Yes,57,S11,Moderate_Noise,1
P041,43,White,Male,Yes,58,S23,Moderate_Noise,0
P041,43,White,Male,Yes,59,S19,Quiet,1
P041,43,White,Male,Yes,60,S36,Moderate_Noise,0
P041,43,White,Male,Yes,61,S18,Quiet,0
P041,43,White,Male,Yes,62,S22,Moderate_Noise,0
P041,43,White,Male,Yes,63,S31,Moderate_Noise,1
P041,43,White,Male,Yes,64,S06,Heavy_Noise,1
P041,43,White,Male,Yes,65,S03,Heavy_Noise,1
P041,43,White,Male,Yes,66,S09,Heavy_Noise,0
P041,43,White,Male,Yes,67,S02,Quiet,0
P041,43,White,Male,Yes,68,S04,Quiet,1
P041,43,White,Male,Yes,69,S15,Moderate_Noise,1
P041,43,White,Male,Yes,70,S13,Quiet,1
P041,43,White,Male,Yes,71,S02,Heavy_Noise,0
P041,43,White,Male,Yes,72,S11,Quiet,0
P041,43,White,Male,Yes,73,S28,Moderate_Noise,0
P041,43,White,Male,Yes,74,S28,Heavy_Noise,0
P041,43,White,Male,Yes,75,S10,Heavy_Noise,0
P041,43,White,Male,Yes,76,S04,Heavy_Noise,0
P041,43,White,Male,Yes,77,S09,Moderate_Noise,1
P041,43,White,Male,Yes,78,S14,Heavy_Noise,0
P041,43,White,Male,Yes,79,S31,Heavy_Noise,1
P041,43,White,Male,Yes,80,S11,Heavy_Noise,0
P041,43,White,Male,Yes,81,S18,Heavy_Noise,0
P041,43,White,Male,Yes,82,S26,Heavy_Noise,0
P041,43,White,Male,Yes,83,S10,Moderate_Noise,0
P041,43,White,Male,Yes,84,S08,Heavy_Noise,0
P041,43,White,Male,Yes,85,S20,Moderate_Noise,1
P041,43,White,Male,Yes,86,S32,Quiet,1
P041,43,White,Male,Yes,87,S12,Moderate_Noise,1
P041,43,White,Male,Yes,88,S17,Quiet,0
P041,43,White,Male,Yes,89,S18,Moderate_Noise,0
P041,43,White,Male,Yes,90,S36,Heavy_Noise,0
P041,43,White,Male,Yes,91,S27,Heavy_Noise,0
P041,43,White,Male,Yes,92,S04,Moderate_Noise,1
P041,43,White,Male,Yes,93,S17,Moderate_Noise,0
P041,43,White,Male,Yes,94,S29,Moderate_Noise,0
P041,43,White,Male,Yes,95,S24,Moderate_Noise,1
P041,43,White,Male,Yes,96,S33,Heavy_Noise,1
P041,43,White,Male,Yes,97,S33,Quiet,1
P041,43,White,Male,Yes,98,S28,Quiet,0
P041,43,White,Male,Yes,99,S21,Heavy_Noise,0
P041,43,White,Male,Yes,100,S12,Quiet,1
P041,43,White,Male,Yes,101,S07,Moderate_Noise,1
P041,43,White,Male,Yes,102,S16,Moderate_Noise,0
P041,43,White,Male,Yes,103,S33,Moderate_Noise,1
P041,43,White,Male,Yes,104,S08,Quiet,1
P041,43,White,Male,Yes,105,S03,Moderate_Noise,0
P041,43,White,Male,Yes,106,S16,Heavy_Noise,1
P041,43,White,Male,Yes,107,S20,Quiet,1
P041,43,White,Male,Yes,108,S22,Quiet,1
P042,41,White,Male,Yes,1,S34,Moderate_Noise,1
P042,41,White,Male,Yes,2,S10,Moderate_Noise,1
P042,41,White,Male,Yes,3,S29,Moderate_Noise,0
P042,41,White,Male,Yes,4,S35,Moderate_Noise,1
P042,41,White,Male,Yes,5,S20,Heavy_Noise,0
P042,41,White,Male,Yes,6,S28,Quiet,1
P042,41,White,Male,Yes,7,S22,Moderate_Noise,1
P042,41,White,Male,Yes,8,S18,Moderate_Noise,0
P042,41,White,Male,Yes,9,S26,Moderate_Noise,1
P042,41,White,Male,Yes,10,S10,Quiet,1
P042,41,White,Male,Yes,11,S16,Moderate_Noise,1
P042,41,White,Male,Yes,12,S15,Quiet,1
P042,41,White,Male,Yes,13,S27,Moderate_Noise,1
P042,41,White,Male,Yes,14,S28,Heavy_Noise,1
P042,41,White,Male,Yes,15,S07,Heavy_Noise,0
P042,41,White,Male,Yes,16,S11,Moderate_Noise,0
P042,41,White,Male,Yes,17,S35,Heavy_Noise,0
P042,41,White,Male,Yes,18,S29,Heavy_Noise,0
P042,41,White,Male,Yes,19,S21,Heavy_Noise,1
P042,41,White,Male,Yes,20,S34,Heavy_Noise,1
P042,41,White,Male,Yes,21,S04,Quiet,1
P042,41,White,Male,Yes,22,S19,Heavy_Noise,1
P042,41,White,Male,Yes,23,S36,Heavy_Noise,0
P042,41,White,Male,Yes,24,S31,Moderate_Noise,1
P042,41,White,Male,Yes,25,S05,Moderate_Noise,1
P042,41,White,Male,Yes,26,S36,Quiet,1
P042,41,White,Male,Yes,27,S22,Quiet,0
P042,41,White,Male,Yes,28,S06,Moderate_Noise,1
P042,41,White,Male,Yes,29,S24,Heavy_Noise,0
P042,41,White,Male,Yes,30,S27,Heavy_Noise,1
P042,41,White,Male,Yes,31,S01,Moderate_Noise,1
P042,41,White,Male,Yes,32,S32,Moderate_Noise,0
P042,41,White,Male,Yes,33,S23,Heavy_Noise,1
P042,41,White,Male,Yes,34,S11,Quiet,0
P042,41,White,Male,Yes,35,S13,Heavy_Noise,1
P042,41,White,Male,Yes,36,S10,Heavy_Noise,0
P042,41,White,Male,Yes,37,S30,Quiet,1
P042,41,White,Male,Yes,38,S12,Heavy_Noise,1
P042,41,White,Male,Yes,39,S32,Heavy_Noise,0
P042,41,White,Male,Yes,40,S17,Moderate_Noise,0
P042,41,White,Male,Yes,41,S12,Moderate_Noise,1
P042,41,White,Male,Yes,42,S19,Moderate_Noise,1
P042,41,White,Male,Yes,43,S02,Heavy_Noise,1
P042,41,White,Male,Yes,44,S08,Quiet,0
P042,41,White,Male,Yes,45,S07,Quiet,1
P042,41,White,Male,Yes,46,S05,Quiet,1
P042,41,White,Male,Yes,47,S31,Quiet,1
P042,41,White,Male,Yes,48,S32,Quiet,1
P042,41,White,Male,Yes,49,S21,Moderate_Noise,0
P042,41,White,Male,Yes,50,S13,Quiet,1
P042,41,White,Male,Yes,51,S06,Quiet,1
P042,41,White,Male,Yes,52,S30,Heavy_Noise,0
P042,41,White,Male,Yes,53,S15,Moderate_Noise,1
P042,41,White,Male,Yes,54,S30,Moderate_Noise,1
P042,41,White,Male,Yes,55,S09,Moderate_Noise,1
P042,41,White,Male,Yes,56,S28,Moderate_Noise,1
P042,41,White,Male,Yes,57,S24,Quiet,0
P042,41,White,Male,Yes,58,S25,Moderate_Noise,1
P042,41,White,Male,Yes,59,S36,Moderate_Noise,1
P042,41,White,Male,Yes,60,S29,Quiet,1
P042,41,White,Male,Yes,61,S19,Quiet,1
P042,41,White,Male,Yes,62,S09,Quiet,1
P042,41,White,Male,Yes,63,S01,Heavy_Noise,1
P042,41,White,Male,Yes,64,S16,Heavy_Noise,1
P042,41,White,Male,Yes,65,S14,Quiet,0
P042,41,White,Male,Yes,66,S20,Quiet,1
P042,41,White,Male,Yes,67,S24,Moderate_Noise,0
P042,41,White,Male,Yes,68,S35,Quiet,1
P042,41,White,Male,Yes,69,S26,Heavy_Noise,1
P042,41,White,Male,Yes,70,S03,Heavy_Noise,1
P042,41,White,Male,Yes,71,S03,Quiet,1
P042,41,White,Male,Yes,72,S02,Quiet,1
P042,41,White,Male,Yes,73,S04,Moderate_Noise,1
P042,41,White,Male,Yes,74,S21,Quiet,1
P042,41,White,Male,Yes,75,S18,Quiet,1
P042,41,White,Male,Yes,76,S17,Heavy_Noise,0
P042,41,White,Male,Yes,77,S22,Heavy_Noise,1
P042,41,White,Male,Yes,78,S25,Quiet,1
P042,41,White,Male,Yes,79,S03,Moderate_Noise,1
P042,41,White,Male,Yes,80,S09,Heavy_Noise,0
P042,41,White,Male,Yes,81,S14,Heavy_Noise,0
P042,41,White,Male,Yes,82,S01,Quiet,1
P042,41,White,Male,Yes,83,S08,Moderate_Noise,0
P042,41,White,Male,Yes,84,S04,Heavy_Noise,1
P042,41,White,Male,Yes,85,S06,Heavy_Noise,1
P042,41,White,Male,Yes,86,S18,Heavy_Noise,0
P042,41,White,Male,Yes,87,S23,Quiet,1
P042,41,White,Male,Yes,88,S33,Moderate_Noise,1
P042,41,White,Male,Yes,89,S14,Moderate_Noise,0
P042,41,White,Male,Yes,90,S13,Moderate_Noise,1
P042,41,White,Male,Yes,91,S31,Heavy_Noise,1
P042,41,White,Male,Yes,92,S23,Moderate_Noise,1
P042,41,White,Male,Yes,93,S17,Quiet,1
P042,41,White,Male,Yes,94,S34,Quiet,1
P042,41,White,Male,Yes,95,S11,Heavy_Noise,1
P042,41,White,Male,Yes,96,S33,Heavy_Noise,0
P042,41,White,Male,Yes,97,S27,Quiet,1
P042,41,White,Male,Yes,98,S16,Quiet,1
P042,41,White,Male,Yes,99,S12,Quiet,1
P042,41,White,Male,Yes,100,S25,Heavy_Noise,1
P042,41,White,Male,Yes,101,S15,Heavy_Noise,1
P042,41,White,Male,Yes,102,S20,Moderate_Noise,0
P042,41,White,Male,Yes,103,S26,Quiet,1
P042,41,White,Male,Yes,104,S05,Heavy_Noise,0
P042,41,White,Male,Yes,105,S02,Moderate_Noise,1
P042,41,White,Male,Yes,106,S33,Quiet,1
P042,41,White,Male,Yes,107,S08,Heavy_Noise,1
P042,41,White,Male,Yes,108,S07,Moderate_Noise,1
P043,52,Hispanic or Latino,Female,Yes,1,S30,Quiet,1
P043,52,Hispanic or Latino,Female,Yes,2,S18,Quiet,1
P043,52,Hispanic or Latino,Female,Yes,3,S31,Quiet,1
P043,52,Hispanic or Latino,Female,Yes,4,S04,Quiet,1
P043,52,Hispanic or Latino,Female,Yes,5,S25,Quiet,1
P043,52,Hispanic or Latino,Female,Yes,6,S16,Quiet,1
P043,52,Hispanic or Latino,Female,Yes,7,S22,Moderate_Noise,1
P043,52,Hispanic or Latino,Female,Yes,8,S17,Quiet,1
P043,52,Hispanic or Latino,Female,Yes,9,S24,Quiet,1
P043,52,Hispanic or Latino,Female,Yes,10,S11,Moderate_Noise,0
P043,52,Hispanic or Latino,Female,Yes,11,S18,Moderate_Noise,1
P043,52,Hispanic or Latino,Female,Yes,12,S01,Quiet,1
P043,52,Hispanic or Latino,Female,Yes,13,S23,Quiet,1
P043,52,Hispanic or Latino,Female,Yes,14,S27,Heavy_Noise,0
P043,52,Hispanic or Latino,Female,Yes,15,S13,Heavy_Noise,0
P043,52,Hispanic or Latino,Female,Yes,16,S33,Moderate_Noise,1
P043,52,Hispanic or Latino,Female,Yes,17,S18,Heavy_Noise,0
P043,52,Hispanic or Latino,Female,Yes,18,S07,Quiet,1
P043,52,Hispanic or Latino,Female,Yes,19,S02,Moderate_Noise,0
P043,52,Hispanic or Latino,Female,Yes,20,S05,Heavy_Noise,0
P043,52,Hispanic or Latino,Female,Yes,21,S27,Quiet,1
P043,52,Hispanic or Latino,Female,Yes,22,S36,Quiet,1
P043,52,Hispanic or Latino,Female,Yes,23,S21,Heavy_Noise,0
P043,52,Hispanic or Latino,Female,Yes,24,S36,Heavy_Noise,1
P043,52,Hispanic or Latino,Female,Yes,25,S03,Heavy_Noise,1
P043,52,Hispanic or Latino,Female,Yes,26,S20,Quiet,1
P043,52,Hispanic or Latino,Female,Yes,27,S21,Quiet,1
P043,52,Hispanic or Latino,Female,Yes,28,S13,Quiet,1
P043,52,Hispanic or Latino,Female,Yes,29,S10,Moderate_Noise,1
P043,52,Hispanic or Latino,Female,Yes,30,S23,Moderate_Noise,1
P043,52,Hispanic or Latino,Female,Yes,31,S26,Quiet,1
P043,52,Hispanic or Latino,Female,Yes,32,S03,Moderate_Noise,1
P043,52,Hispanic or Latino,Female,Yes,33,S11,Heavy_Noise,0
P043,52,Hispanic or Latino,Female,Yes,34,S06,Moderate_Noise,0
P043,52,Hispanic or Latino,Female,Yes,35,S12,Heavy_Noise,0
P043,52,Hispanic or Latino,Female,Yes,36,S20,Moderate_Noise,1
P043,52,Hispanic or Latino,Female,Yes,37,S30,Moderate_Noise,0
P043,52,Hispanic or Latino,Female,Yes,38,S15,Heavy_Noise,0
P043,52,Hispanic or Latino,Female,Yes,39,S09,Quiet,1
P043,52,Hispanic or Latino,Female,Yes,40,S31,Moderate_Noise,1
P043,52,Hispanic or Latino,Female,Yes,41,S22,Quiet,1
P043,52,Hispanic or Latino,Female,Yes,42,S29,Heavy_Noise,0
P043,52,Hispanic or Latino,Female,Yes,43,S34,Moderate_Noise,1
P043,52,Hispanic or Latino,Female,Yes,44,S35,Quiet,0
P043,52,Hispanic or Latino,Female,Yes,45,S05,Quiet,1
P043,52,Hispanic or Latino,Female,Yes,46,S07,Moderate_Noise,1
P043,52,Hispanic or Latino,Female,Yes,47,S02,Heavy_Noise,1
P043,52,Hispanic or Latino,Female,Yes,48,S32,Heavy_Noise,1
P043,52,Hispanic or Latino,Female,Yes,49,S30,Heavy_Noise,0
P043,52,Hispanic or Latino,Female,Yes,50,S19,Quiet,0
P043,52,Hispanic or Latino,Female,Yes,51,S08,Quiet,0
P043,52,Hispanic or Latino,Female,Yes,52,S26,Heavy_Noise,1
P043,52,Hispanic or Latino,Female,Yes,53,S33,Heavy_Noise,0
P043,52,Hispanic or Latino,Female,Yes,54,S27,Moderate_Noise,0
P043,52,Hispanic or Latino,Female,Yes,55,S32,Moderate_Noise,1
P043,52,Hispanic or Latino,Female,Yes,56,S21,Moderate_Noise,1
P043,52,Hispanic or Latino,Female,Yes,57,S10,Heavy_Noise,0
P043,52,Hispanic or Latino,Female,Yes,58,S29,Quiet,0
P043,52,Hispanic or Latino,Female,Yes,59,S04,Moderate_Noise,1
P043,52,Hispanic or Latino,Female,Yes,60,S28,Quiet,1
P043,52,Hispanic or Latino,Female,Yes,61,S28,Moderate_Noise,0
P043,52,Hispanic or Latino,Female,Yes,62,S04,Heavy_Noise,1
P043,52,Hispanic or Latino,Female,Yes,63,S06,Quiet,0
P043,52,Hispanic or Latino,Female,Yes,64,S19,Heavy_Noise,1
P043,52,Hispanic or Latino,Female,Yes,65,S01,Heavy_Noise,0
P043,52,Hispanic or Latino,Female,Yes,66,S35,Heavy_Noise,0
P043,52,Hispanic or Latino,Female,Yes,67,S02,Quiet,1
P043,52,Hispanic or Latino,Female,Yes,68,S17,Heavy_Noise,0
P043,52,Hispanic or Latino,Female,Yes,69,S03,Quiet,1
P043,52,Hispanic or Latino,Female,Yes,70,S24,Moderate_Noise,1
P043,52,Hispanic or Latino,Female,Yes,71,S25,Heavy_Noise,1
P043,52,Hispanic or Latino,Female,Yes,72,S16,Moderate_Noise,1
P043,52,Hispanic or Latino,Female,Yes,73,S13,Moderate_Noise,1
P043,52,Hispanic or Latino,Female,Yes,74,S01,Moderate_Noise,1
P043,52,Hispanic or Latino,Female,Yes,75,S34,Heavy_Noise,0
P043,52,Hispanic or Latino,Female,Yes,76,S06,Heavy_Noise,0
P043,52,Hispanic or Latino,Female,Yes,77,S19,Moderate_Noise,0
P043,52,Hispanic or Latino,Female,Yes,78,S08,Moderate_Noise,0
P043,52,Hispanic or Latino,Female,Yes,79,S24,Heavy_Noise,1
P043,52,Hispanic or Latino,Female,Yes,80,S15,Moderate_Noise,0
P043,52,Hispanic or Latino,Female,Yes,81,S10,Quiet,1
P043,52,Hispanic or Latino,Female,Yes,82,S12,Quiet,1
P043,52,Hispanic or Latino,Female,Yes,83,S12,Moderate_Noise,1
P043,52,Hispanic or Latino,Female,Yes,84,S28,Heavy_Noise,1
P043,52,Hispanic or Latino,Female,Yes,85,S31,Heavy_Noise,1
P043,52,Hispanic or Latino,Female,Yes,86,S29,Moderate_Noise,1
P043,52,Hispanic or Latino,Female,Yes,87,S09,Heavy_Noise,0
P043,52,Hispanic or Latino,Female,Yes,88,S34,Quiet,1
P043,52,Hispanic or Latino,Female,Yes,89,S11,Quiet,1
P043,52,Hispanic or Latino,Female,Yes,90,S14,Moderate_Noise,1
P043,52,Hispanic or Latino,Female,Yes,91,S14,Heavy_Noise,0
P043,52,Hispanic or Latino,Female,Yes,92,S23,Heavy_Noise,1
P043,52,Hispanic or Latino,Female,Yes,93,S33,Quiet,1
P043,52,Hispanic or Latino,Female,Yes,94,S15,Quiet,0
P043,52,Hispanic or Latino,Female,Yes,95,S36,Moderate_Noise,1
P043,52,Hispanic or Latino,Female,Yes,96,S25,Moderate_Noise,1
P043,52,Hispanic or Latino,Female,Yes,97,S32,Quiet,1
P043,52,Hispanic or Latino,Female,Yes,98,S14,Quiet,0
P043,52,Hispanic or Latino,Female,Yes,99,S08,Heavy_Noise,0
P043,52,Hispanic or Latino,Female,Yes,100,S09,Moderate_Noise,0
P043,52,Hispanic or Latino,Female,Yes,101,S16,Heavy_Noise,0
P043,52,Hispanic or Latino,Female,Yes,102,S20,Heavy_Noise,1
P043,52,Hispanic or Latino,Female,Yes,103,S07,Heavy_Noise,0
P043,52,Hispanic or Latino,Female,Yes,104,S35,Moderate_Noise,0
P043,52,Hispanic or Latino,Female,Yes,105,S26,Moderate_Noise,0
P043,52,Hispanic or Latino,Female,Yes,106,S05,Moderate_Noise,1
P043,52,Hispanic or Latino,Female,Yes,107,S22,Heavy_Noise,1
P043,52,Hispanic or Latino,Female,Yes,108,S17,Moderate_Noise,1
P044,21,Asian,Female,Yes,1,S33,Quiet,1
P044,21,Asian,Female,Yes,2,S15,Moderate_Noise,1
P044,21,Asian,Female,Yes,3,S14,Quiet,0
P044,21,Asian,Female,Yes,4,S07,Moderate_Noise,1
P044,21,Asian,Female,Yes,5,S28,Moderate_Noise,1
P044,21,Asian,Female,Yes,6,S11,Quiet,1
P044,21,Asian,Female,Yes,7,S07,Quiet,1
P044,21,Asian,Female,Yes,8,S29,Moderate_Noise,1
P044,21,Asian,Female,Yes,9,S06,Quiet,0
P044,21,Asian,Female,Yes,10,S18,Moderate_Noise,1
P044,21,Asian,Female,Yes,11,S20,Quiet,1
P044,21,Asian,Female,Yes,12,S17,Quiet,1
P044,21,Asian,Female,Yes,13,S33,Heavy_Noise,0
P044,21,Asian,Female,Yes,14,S35,Moderate_Noise,1
P044,21,Asian,Female,Yes,15,S03,Heavy_Noise,1
P044,21,Asian,Female,Yes,16,S22,Heavy_Noise,0
P044,21,Asian,Female,Yes,17,S25,Moderate_Noise,1
P044,21,Asian,Female,Yes,18,S16,Quiet,1
P044,21,Asian,Female,Yes,19,S10,Moderate_Noise,1
P044,21,Asian,Female,Yes,20,S30,Quiet,1
P044,21,Asian,Female,Yes,21,S27,Heavy_Noise,1
P044,21,Asian,Female,Yes,22,S27,Quiet,1
P044,21,Asian,Female,Yes,23,S23,Heavy_Noise,1
P044,21,Asian,Female,Yes,24,S02,Moderate_Noise,0
P044,21,Asian,Female,Yes,25,S16,Heavy_Noise,1
P044,21,Asian,Female,Yes,26,S32,Quiet,1
P044,21,Asian,Female,Yes,27,S06,Moderate_Noise,1
P044,21,Asian,Female,Yes,28,S25,Quiet,1
P044,21,Asian,Female,Yes,29,S34,Heavy_Noise,0
P044,21,Asian,Female,Yes,30,S10,Heavy_Noise,1
P044,21,Asian,Female,Yes,31,S24,Quiet,1
P044,21,Asian,Female,Yes,32,S12,Heavy_Noise,1
P044,21,Asian,Female,Yes,33,S01,Heavy_Noise,0
P044,21,Asian,Female,Yes,34,S07,Heavy_Noise,1
P044,21,Asian,Female,Yes,35,S10,Quiet,1
P044,21,Asian,Female,Yes,36,S31,Heavy_Noise,1
P044,21,Asian,Female,Yes,37,S25,Heavy_Noise,1
P044,21,Asian,Female,Yes,38,S19,Moderate_Noise,1
P044,21,Asian,Female,Yes,39,S32,Heavy_Noise,1
P044,21,Asian,Female,Yes,40,S23,Moderate_Noise,1
P044,21,Asian,Female,Yes,41,S16,Moderate_Noise,1
P044,21,Asian,Female,Yes,42,S13,Heavy_Noise,1
P044,21,Asian,Female,Yes,43,S21,Moderate_Noise,1
P044,21,Asian,Female,Yes,44,S34,Moderate_Noise,0
P044,21,Asian,Female,Yes,45,S14,Moderate_Noise,0
P044,21,Asian,Female,Yes,46,S23,Quiet,1
P044,21,Asian,Female,Yes,47,S19,Quiet,1
P044,21,Asian,Female,Yes,48,S01,Quiet,0
P044,21,Asian,Female,Yes,49,S21,Quiet,1
P044,21,Asian,Female,Yes,50,S30,Heavy_Noise,0
P044,21,Asian,Female,Yes,51,S34,Quiet,1
P044,21,Asian,Female,Yes,52,S05,Heavy_Noise,1
P044,21,Asian,Female,Yes,53,S29,Quiet,1
P044,21,Asian,Female,Yes,54,S26,Moderate_Noise,1
P044,21,Asian,Female,Yes,55,S02,Heavy_Noise,0
P044,21,Asian,Female,Yes,56,S20,Moderate_Noise,1
P044,21,Asian,Female,Yes,57,S35,Heavy_Noise,1
P044,21,Asian,Female,Yes,58,S04,Moderate_Noise,1
P044,21,Asian,Female,Yes,59,S22,Quiet,1
P044,21,Asian,Female,Yes,60,S14,Heavy_Noise,1
P044,21,Asian,Female,Yes,61,S19,Heavy_Noise,1
P044,21,Asian,Female,Yes,62,S18,Heavy_Noise,1
P044,21,Asian,Female,Yes,63,S08,Quiet,1
P044,21,Asian,Female,Yes,64,S12,Moderate_Noise,1
P044,21,Asian,Female,Yes,65,S05,Quiet,1
P044,21,Asian,Female,Yes,66,S04,Heavy_Noise,1
P044,21,Asian,Female,Yes,67,S11,Moderate_Noise,0
P044,21,Asian,Female,Yes,68,S29,Heavy_Noise,1
P044,21,Asian,Female,Yes,69,S04,Quiet,1
P044,21,Asian,Female,Yes,70,S24,Moderate_Noise,1
P044,21,Asian,Female,Yes,71,S28,Heavy_Noise,1
P044,21,Asian,Female,Yes,72,S12,Quiet,1
P044,21,Asian,Female,Yes,73,S36,Heavy_Noise,1
P044,21,Asian,Female,Yes,74,S31,Quiet,1
P044,21,Asian,Female,Yes,75,S01,Moderate_Noise,1
P044,21,Asian,Female,Yes,76,S15,Heavy_Noise,0
P044,21,Asian,Female,Yes,77,S17,Heavy_Noise,0
P044,21,Asian,Female,Yes,78,S11,Heavy_Noise,0
P044,21,Asian,Female,Yes,79,S18,Quiet,1
P044,21,Asian,Female,Yes,80,S36,Moderate_Noise,0
P044,21,Asian,Female,Yes,81,S08,Moderate_Noise,0
P044,21,Asian,Female,Yes,82,S09,Quiet,1
P044,21,Asian,Female,Yes,83,S35,Quiet,1
P044,21,Asian,Female,Yes,84,S33,Moderate_Noise,1
P044,21,Asian,Female,Yes,85,S24,Heavy_Noise,1
P044,21,Asian,Female,Yes,86,S22,Moderate_Noise,1
P044,21,Asian,Female,Yes,87,S20,Heavy_Noise,1
P044,21,Asian,Female,Yes,88,S28,Quiet,1
P044,21,Asian,Female,Yes,89,S08,Heavy_Noise,0
P044,21,Asian,Female,Yes,90,S13,Quiet,1
P044,21,Asian,Female,Yes,91,S05,Moderate_Noise,1
P044,21,Asian,Female,Yes,92,S30,Moderate_Noise,1
P044,21,Asian,Female,Yes,93,S13,Moderate_Noise,1
P044,21,Asian,Female,Yes,94,S27,Moderate_Noise,1
P044,21,Asian,Female,Yes,95,S09,Heavy_Noise,0
P044,21,Asian,Female,Yes,96,S02,Quiet,0
P044,21,Asian,Female,Yes,97,S36,Quiet,1
P044,21,Asian,Female,Yes,98,S32,Moderate_Noise,1
P044,21,Asian,Female,Yes,99,S17,Moderate_Noise,0
P044,21,Asian,Female,Yes,100,S26,Quiet,1
P044,21,Asian,Female,Yes,101,S03,Moderate_Noise,1
P044,21,Asian,Female,Yes,102,S26,Heavy_Noise,1
P044,21,Asian,Female,Yes,103,S31,Moderate_Noise,1
P044,21,Asian,Female,Yes,104,S03,Quiet,1
P044,21,Asian,Female,Yes,105,S06,Heavy_Noise,1
P044,21,Asian,Female,Yes,106,S15,Quiet,1
P044,21,Asian,Female,Yes,107,S09,Moderate_Noise,1
P044,21,Asian,Female,Yes,108,S21,Heavy_Noise,0
P045,29,Hispanic or Latino,Female,Yes,1,S36,Heavy_Noise,1
P045,29,Hispanic or Latino,Female,Yes,2,S18,Quiet,1
P045,29,Hispanic or Latino,Female,Yes,3,S24,Moderate_Noise,1
P045,29,Hispanic or Latino,Female,Yes,4,S14,Moderate_Noise,0
P045,29,Hispanic or Latino,Female,Yes,5,S31,Moderate_Noise,1
P045,29,Hispanic or Latino,Female,Yes,6,S01,Moderate_Noise,0
P045,29,Hispanic or Latino,Female,Yes,7,S29,Heavy_Noise,0
P045,29,Hispanic or Latino,Female,Yes,8,S23,Heavy_Noise,1
P045,29,Hispanic or Latino,Female,Yes,9,S24,Heavy_Noise,0
P045,29,Hispanic or Latino,Female,Yes,10,S02,Moderate_Noise,0
P045,29,Hispanic or Latino,Female,Yes,11,S28,Quiet,0
P045,29,Hispanic or Latino,Female,Yes,12,S31,Quiet,1
P045,29,Hispanic or Latino,Female,Yes,13,S35,Moderate_Noise,1
P045,29,Hispanic or Latino,Female,Yes,14,S09,Heavy_Noise,1
P045,29,Hispanic or Latino,Female,Yes,15,S16,Quiet,1
P045,29,Hispanic or Latino,Female,Yes,16,S11,Heavy_Noise,0
P045,29,Hispanic or Latino,Female,Yes,17,S01,Quiet,1
P045,29,Hispanic or Latino,Female,Yes,18,S03,Moderate_Noise,1
P045,29,Hispanic or Latino,Female,Yes,19,S05,Moderate_Noise,1
P045,29,Hispanic or Latino,Female,Yes,20,S21,Heavy_Noise,0
P045,29,Hispanic or Latino,Female,Yes,21,S34,Quiet,1
P045,29,Hispanic or Latino,Female,Yes,22,S19,Heavy_Noise,0
P045,29,Hispanic or Latino,Female,Yes,23,S25,Moderate_Noise,1
P045,29,Hispanic or Latino,Female,Yes,24,S34,Heavy_Noise,0
P045,29,Hispanic or Latino,Female,Yes,25,S25,Quiet,0
P045,29,Hispanic or Latino,Female,Yes,26,S27,Moderate_Noise,1
P045,29,Hispanic or Latino,Female,Yes,27,S03,Heavy_Noise,1
P045,29,Hispanic or Latino,Female,Yes,28,S13,Moderate_Noise,1
P045,29,Hispanic or Latino,Female,Yes,29,S30,Quiet,1
P045,29,Hispanic or Latino,Female,Yes,30,S02,Heavy_Noise,1
P045,29,Hispanic or Latino,Female,Yes,31,S04,Quiet,1
P045,29,Hispanic or Latino,Female,Yes,32,S32,Moderate_Noise,1
P045,29,Hispanic or Latino,Female,Yes,33,S14,Quiet,1
P045,29,Hispanic or Latino,Female,Yes,34,S13,Quiet,1
P045,29,Hispanic or Latino,Female,Yes,35,S10,Moderate_Noise,1
P045,29,Hispanic or Latino,Female,Yes,36,S14,Heavy_Noise,1
P045,29,Hispanic or Latino,Female,Yes,37,S04,Moderate_Noise,1
P045,29,Hispanic or Latino,Female,Yes,38,S09,Moderate_Noise,1
P045,29,Hispanic or Latino,Female,Yes,39,S17,Heavy_Noise,0
P045,29,Hispanic or Latino,Female,Yes,40,S06,Moderate_Noise,1
P045,29,Hispanic or Latino,Female,Yes,41,S15,Heavy_Noise,0
P045,29,Hispanic or Latino,Female,Yes,42,S08,Heavy_Noise,1
P045,29,Hispanic or Latino,Female,Yes,43,S05,Heavy_Noise,1
P045,29,Hispanic or Latino,Female,Yes,44,S28,Moderate_Noise,1
P045,29,Hispanic or Latino,Female,Yes,45,S12,Heavy_Noise,1
P045,29,Hispanic or Latino,Female,Yes,46,S28,Heavy_Noise,0
P045,29,Hispanic or Latino,Female,Yes,47,S08,Moderate_Noise,0
P045,29,Hispanic or Latino,Female,Yes,48,S32,Quiet,1
P045,29,Hispanic or Latino,Female,Yes,49,S19,Quiet,1
P045,29,Hispanic or Latino,Female,Yes,50,S33,Quiet,1
P045,29,Hispanic or Latino,Female,Yes,51,S06,Heavy_Noise,1
P045,29,Hispanic or Latino,Female,Yes,52,S30,Heavy_Noise,0
P045,29,Hispanic or Latino,Female,Yes,53,S13,Heavy_Noise,1
P045,29,Hispanic or Latino,Female,Yes,54,S18,Heavy_Noise,1
P045,29,Hispanic or Latino,Female,Yes,55,S27,Quiet,1
P045,29,Hispanic or Latino,Female,Yes,56,S22,Heavy_Noise,1
P045,29,Hispanic or Latino,Female,Yes,57,S27,Heavy_Noise,1
P045,29,Hispanic or Latino,Female,Yes,58,S10,Quiet,1
P045,29,Hispanic or Latino,Female,Yes,59,S11,Quiet,1
P045,29,Hispanic or Latino,Female,Yes,60,S07,Heavy_Noise,1
P045,29,Hispanic or Latino,Female,Yes,61,S21,Moderate_Noise,1
P045,29,Hispanic or Latino,Female,Yes,62,S30,Moderate_Noise,1
P045,29,Hispanic or Latino,Female,Yes,63,S33,Heavy_Noise,1
P045,29,Hispanic or Latino,Female,Yes,64,S32,Heavy_Noise,1
P045,29,Hispanic or Latino,Female,Yes,65,S23,Moderate_Noise,1
P045,29,Hispanic or Latino,Female,Yes,66,S22,Moderate_Noise,0
P045,29,Hispanic or Latino,Female,Yes,67,S07,Quiet,1
P045,29,Hispanic or Latino,Female,Yes,68,S34,Moderate_Noise,1
P045,29,Hispanic or Latino,Female,Yes,69,S12,Quiet,1
P045,29,Hispanic or Latino,Female,Yes,70,S05,Quiet,1
P045,29,Hispanic or Latino,Female,Yes,71,S09,Quiet,1
P045,29,Hispanic or Latino,Female,Yes,72,S20,Heavy_Noise,1
P045,29,Hispanic or Latino,Female,Yes,73,S11,Moderate_Noise,1
P045,29,Hispanic or Latino,Female,Yes,74,S19,Moderate_Noise,1
P045,29,Hispanic or Latino,Female,Yes,75,S26,Moderate_Noise,0
P045,29,Hispanic or Latino,Female,Yes,76,S26,Heavy_Noise,0
P045,29,Hispanic or Latino,Female,Yes,77,S29,Moderate_Noise,0
P045,29,Hispanic or Latino,Female,Yes,78,S08,Quiet,1
P045,29,Hispanic or Latino,Female,Yes,79,S31,Heavy_Noise,1
P045,29,Hispanic or Latino,Female,Yes,80,S15,Moderate_Noise,1
P045,29,Hispanic or Latino,Female,Yes,81,S25,Heavy_Noise,1
P045,29,Hispanic or Latino,Female,Yes,82,S01,Heavy_Noise,1
P045,29,Hispanic or Latino,Female,Yes,83,S20,Moderate_Noise,1
P045,29,Hispanic or Latino,Female,Yes,84,S20,Quiet,1
P045,29,Hispanic or Latino,Female,Yes,85,S21,Quiet,1
P045,29,Hispanic or Latino,Female,Yes,86,S35,Quiet,0
P045,29,Hispanic or Latino,Female,Yes,87,S16,Heavy_Noise,0
P045,29,Hispanic or Latino,Female,Yes,88,S33,Moderate_Noise,1
P045,29,Hispanic or Latino,Female,Yes,89,S17,Quiet,1
P045,29,Hispanic or Latino,Female,Yes,90,S29,Quiet,1
P045,29,Hispanic or Latino,Female,Yes,91,S12,Moderate_Noise,1
P045,29,Hispanic or Latino,Female,Yes,92,S10,Heavy_Noise,1
P045,29,Hispanic or Latino,Female,Yes,93,S07,Moderate_Noise,1
P045,29,Hispanic or Latino,Female,Yes,94,S36,Quiet,1
P045,29,Hispanic or Latino,Female,Yes,95,S36,Moderate_Noise,0
P045,29,Hispanic or Latino,Female,Yes,96,S24,Quiet,1
P045,29,Hispanic or Latino,Female,Yes,97,S35,Heavy_Noise,0
P045,29,Hispanic or Latino,Female,Yes,98,S06,Quiet,1
P045,29,Hispanic or Latino,Female,Yes,99,S16,Moderate_Noise,1
P045,29,Hispanic or Latino,Female,Yes,100,S04,Heavy_Noise,1
P045,29,Hispanic or Latino,Female,Yes,101,S15,Quiet,1
P045,29,Hispanic or Latino,Female,Yes,102,S17,Moderate_Noise,1
P045,29,Hispanic or Latino,Female,Yes,103,S02,Quiet,1
P045,29,Hispanic or Latino,Female,Yes,104,S26,Quiet,1
P045,29,Hispanic or Latino,Female,Yes,105,S22,Quiet,1
P045,29,Hispanic or Latino,Female,Yes,106,S23,Quiet,1
P045,29,Hispanic or Latino,Female,Yes,107,S03,Quiet,1
P045,29,Hispanic or Latino,Female,Yes,108,S18,Moderate_Noise,1
P046,27,White,Female,Yes,1,S08,Moderate_Noise,0
P046,27,White,Female,Yes,2,S07,Heavy_Noise,0
P046,27,White,Female,Yes,3,S15,Quiet,1
P046,27,White,Female,Yes,4,S16,Heavy_Noise,1
P046,27,White,Female,Yes,5,S07,Quiet,0
P046,27,White,Female,Yes,6,S03,Moderate_Noise,1
P046,27,White,Female,Yes,7,S11,Heavy_Noise,0
P046,27,White,Female,Yes,8,S16,Quiet,1
P046,27,White,Female,Yes,9,S17,Moderate_Noise,0
P046,27,White,Female,Yes,10,S31,Heavy_Noise,1
P046,27,White,Female,Yes,11,S25,Heavy_Noise,1
P046,27,White,Female,Yes,12,S17,Quiet,0
P046,27,White,Female,Yes,13,S14,Moderate_Noise,0
P046,27,White,Female,Yes,14,S29,Heavy_Noise,0
P046,27,White,Female,Yes,15,S35,Moderate_Noise,1
P046,27,White,Female,Yes,16,S30,Quiet,1
P046,27,White,Female,Yes,17,S06,Quiet,1
P046,27,White,Female,Yes,18,S09,Quiet,1
P046,27,White,Female,Yes,19,S23,Moderate_Noise,0
P046,27,White,Female,Yes,20,S33,Quiet,1
P046,27,White,Female,Yes,21,S35,Heavy_Noise,0
P046,27,White,Female,Yes,22,S27,Heavy_Noise,0
P046,27,White,Female,Yes,23,S18,Moderate_Noise,0
P046,27,White,Female,Yes,24,S05,Quiet,1
P046,27,White,Female,Yes,25,S04,Heavy_Noise,1
P046,27,White,Female,Yes,26,S26,Heavy_Noise,0
P046,27,White,Female,Yes,27,S25,Quiet,1
P046,27,White,Female,Yes,28,S01,Heavy_Noise,1
P046,27,White,Female,Yes,29,S29,Moderate_Noise,0
P046,27,White,Female,Yes,30,S10,Quiet,1
P046,27,White,Female,Yes,31,S21,Quiet,0
P046,27,White,Female,Yes,32,S10,Heavy_Noise,0
P046,27,White,Female,Yes,33,S08,Heavy_Noise,1
P046,27,White,Female,Yes,34,S06,Moderate_Noise,1
P046,27,White,Female,Yes,35,S31,Moderate_Noise,0
P046,27,White,Female,Yes,36,S16,Moderate_Noise,1
P046,27,White,Female,Yes,37,S06,Heavy_Noise,0
P046,27,White,Female,Yes,38,S28,Quiet,1
P046,27,White,Female,Yes,39,S24,Quiet,1
P046,27,White,Female,Yes,40,S15,Moderate_Noise,1
P046,27,White,Female,Yes,41,S33,Heavy_Noise,0
P046,27,White,Female,Yes,42,S28,Moderate_Noise,0
P046,27,White,Female,Yes,43,S12,Heavy_Noise,1
P046,27,White,Female,Yes,44,S09,Moderate_Noise,1
P046,27,White,Female,Yes,45,S11,Moderate_Noise,0
P046,27,White,Female,Yes,46,S12,Quiet,0
P046,27,White,Female,Yes,47,S09,Heavy_Noise,1
P046,27,White,Female,Yes,48,S12,Moderate_Noise,1
P046,27,White,Female,Yes,49,S13,Quiet,1
P046,27,White,Female,Yes,50,S19,Heavy_Noise,1
P046,27,White,Female,Yes,51,S26,Moderate_Noise,0
P046,27,White,Female,Yes,52,S20,Quiet,1
P046,27,White,Female,Yes,53,S13,Heavy_Noise,1
P046,27,White,Female,Yes,54,S03,Heavy_Noise,1
P046,27,White,Female,Yes,55,S10,Moderate_Noise,0
P046,27,White,Female,Yes,56,S32,Heavy_Noise,1
P046,27,White,Female,Yes,57,S36,Moderate_Noise,0
P046,27,White,Female,Yes,58,S32,Moderate_Noise,0
P046,27,White,Female,Yes,59,S32,Quiet,0
P046,27,White,Female,Yes,60,S05,Heavy_Noise,1
P046,27,White,Female,Yes,61,S13,Moderate_Noise,0
P046,27,White,Female,Yes,62,S02,Heavy_Noise,1
P046,27,White,Female,Yes,63,S07,Moderate_Noise,0
P046,27,White,Female,Yes,64,S27,Quiet,1
P046,27,White,Female,Yes,65,S20,Moderate_Noise,0
P046,27,White,Female,Yes,66,S21,Heavy_Noise,0
P046,27,White,Female,Yes,67,S34,Moderate_Noise,1
P046,27,White,Female,Yes,68,S28,Heavy_Noise,1
P046,27,White,Female,Yes,69,S18,Heavy_Noise,1
P046,27,White,Female,Yes,70,S15,Heavy_Noise,1
P046,27,White,Female,Yes,71,S08,Quiet,0
P046,27,White,Female,Yes,72,S23,Quiet,0
P046,27,White,Female,Yes,73,S04,Moderate_Noise,1
P046,27,White,Female,Yes,74,S05,Moderate_Noise,1
P046,27,White,Female,Yes,75,S36,Quiet,1
P046,27,White,Female,Yes,76,S19,Moderate_Noise,1
P046,27,White,Female,Yes,77,S34,Quiet,1
P046,27,White,Female,Yes,78,S04,Quiet,1
P046,27,White,Female,Yes,79,S26,Quiet,1
P046,27,White,Female,Yes,80,S02,Quiet,1
P046,27,White,Female,Yes,81,S19,Quiet,1
P046,27,White,Female,Yes,82,S30,Heavy_Noise,0
P046,27,White,Female,Yes,83,S24,Heavy_Noise,1
P046,27,White,Female,Yes,84,S20,Heavy_Noise,1
P046,27,White,Female,Yes,85,S35,Quiet,1
P046,27,White,Female,Yes,86,S27,Moderate_Noise,1
P046,27,White,Female,Yes,87,S01,Moderate_Noise,1
P046,27,White,Female,Yes,88,S01,Quiet,1
P046,27,White,Female,Yes,89,S17,Heavy_Noise,0
P046,27,White,Female,Yes,90,S23,Heavy_Noise,0
P046,27,White,Female,Yes,91,S11,Quiet,0
P046,27,White,Female,Yes,92,S31,Quiet,1
P046,27,White,Female,Yes,93,S34,Heavy_Noise,1
P046,27,White,Female,Yes,94,S36,Heavy_Noise,1
P046,27,White,Female,Yes,95,S21,Moderate_Noise,0
P046,27,White,Female,Yes,96,S25,Moderate_Noise,1
P046,27,White,Female,Yes,97,S02,Moderate_Noise,1
P046,27,White,Female,Yes,98,S22,Heavy_Noise,0
P046,27,White,Female,Yes,99,S33,Moderate_Noise,1
P046,27,White,Female,Yes,100,S22,Moderate_Noise,0
P046,27,White,Female,Yes,101,S24,Moderate_Noise,1
P046,27,White,Female,Yes,102,S14,Heavy_Noise,0
P046,27,White,Female,Yes,103,S30,Moderate_Noise,1
P046,27,White,Female,Yes,104,S14,Quiet,1
P046,27,White,Female,Yes,105,S03,Quiet,1
P046,27,White,Female,Yes,106,S22,Quiet,1
P046,27,White,Female,Yes,107,S29,Quiet,1
P046,27,White,Female,Yes,108,S18,Quiet,0
P047,18,White,Male,Yes,1,S22,Heavy_Noise,0
P047,18,White,Male,Yes,2,S10,Moderate_Noise,1
P047,18,White,Male,Yes,3,S18,Heavy_Noise,0
P047,18,White,Male,Yes,4,S02,Heavy_Noise,0
P047,18,White,Male,Yes,5,S21,Moderate_Noise,1
P047,18,White,Male,Yes,6,S33,Heavy_Noise,0
P047,18,White,Male,Yes,7,S11,Quiet,0
P047,18,White,Male,Yes,8,S34,Moderate_Noise,0
P047,18,White,Male,Yes,9,S27,Moderate_Noise,0
P047,18,White,Male,Yes,10,S13,Quiet,1
P047,18,White,Male,Yes,11,S20,Moderate_Noise,0
P047,18,White,Male,Yes,12,S05,Quiet,1
P047,18,White,Male,Yes,13,S23,Quiet,1
P047,18,White,Male,Yes,14,S36,Moderate_Noise,1
P047,18,White,Male,Yes,15,S14,Quiet,0
P047,18,White,Male,Yes,16,S07,Moderate_Noise,1
P047,18,White,Male,Yes,17,S13,Heavy_Noise,1
P047,18,White,Male,Yes,18,S02,Quiet,1
P047,18,White,Male,Yes,19,S04,Quiet,1
P047,18,White,Male,Yes,20,S05,Moderate_Noise,1
P047,18,White,Male,Yes,21,S01,Quiet,1
P047,18,White,Male,Yes,22,S31,Heavy_Noise,1
P047,18,White,Male,Yes,23,S18,Moderate_Noise,0
P047,18,White,Male,Yes,24,S30,Heavy_Noise,0
P047,18,White,Male,Yes,25,S10,Heavy_Noise,1
P047,18,White,Male,Yes,26,S28,Moderate_Noise,1
P047,18,White,Male,Yes,27,S12,Heavy_Noise,1
P047,18,White,Male,Yes,28,S05,Heavy_Noise,1
P047,18,White,Male,Yes,29,S36,Quiet,1
P047,18,White,Male,Yes,30,S21,Quiet,1
P047,18,White,Male,Yes,31,S20,Heavy_Noise,1
P047,18,White,Male,Yes,32,S20,Quiet,1
P047,18,White,Male,Yes,33,S36,Heavy_Noise,1
P047,18,White,Male,Yes,34,S32,Heavy_Noise,1
P047,18,White,Male,Yes,35,S24,Moderate_Noise,0
P047,18,White,Male,Yes,36,S32,Quiet,1
P047,18,White,Male,Yes,37,S27,Heavy_Noise,0
P047,18,White,Male,Yes,38,S08,Quiet,0
P047,18,White,Male,Yes,39,S01,Moderate_Noise,0
P047,18,White,Male,Yes,40,S16,Quiet,0
P047,18,White,Male,Yes,41,S29,Heavy_Noise,0
P047,18,White,Male,Yes,42,S17,Heavy_Noise,0
P047,18,White,Male,Yes,43,S34,Quiet,1
P047,18,White,Male,Yes,44,S09,Quiet,1
P047,18,White,Male,Yes,45,S14,Heavy_Noise,0
P047,18,White,Male,Yes,46,S30,Quiet,1
P047,18,White,Male,Yes,47,S24,Quiet,1
P047,18,White,Male,Yes,48,S35,Moderate_Noise,0
P047,18,White,Male,Yes,49,S19,Quiet,1
P047,18,White,Male,Yes,50,S23,Moderate_Noise,0
P047,18,White,Male,Yes,51,S06,Quiet,0
P047,18,White,Male,Yes,52,S03,Heavy_Noise,0
P047,18,White,Male,Yes,53,S06,Heavy_Noise,0
P047,18,White,Male,Yes,54,S21,Heavy_Noise,1
P047,18,White,Male,Yes,55,S10,Quiet,1
P047,18,White,Male,Yes,56,S34,Heavy_Noise,0
P047,18,White,Male,Yes,57,S28,Heavy_Noise,1
P047,18,White,Male,Yes,58,S11,Heavy_Noise,0
P047,18,White,Male,Yes,59,S22,Moderate_Noise,0
P047,18,White,Male,Yes,60,S03,Quiet,0
P047,18,White,Male,Yes,61,S26,Quiet,1
P047,18,White,Male,Yes,62,S17,Moderate_Noise,0
P047,18,White,Male,Yes,63,S15,Quiet,0
P047,18,White,Male,Yes,64,S32,Moderate_Noise,0
P047,18,White,Male,Yes,65,S16,Heavy_Noise,1
P047,18,White,Male,Yes,66,S28,Quiet,1
P047,18,White,Male,Yes,67,S25,Quiet,1
P047,18,White,Male,Yes,68,S23,Heavy_Noise,1
P047,18,White,Male,Yes,69,S17,Quiet,0
P047,18,White,Male,Yes,70,S02,Moderate_Noise,1
P047,18,White,Male,Yes,71,S03,Moderate_Noise,1
P047,18,White,Male,Yes,72,S11,Moderate_Noise,0
P047,18,White,Male,Yes,73,S33,Moderate_Noise,0
P047,18,White,Male,Yes,74,S15,Moderate_Noise,0
P047,18,White,Male,Yes,75,S18,Quiet,0
P047,18,White,Male,Yes,76,S22,Quiet,1
P047,18,White,Male,Yes,77,S26,Moderate_Noise,1
P047,18,White,Male,Yes,78,S35,Heavy_Noise,0
P047,18,White,Male,Yes,79,S07,Quiet,1
P047,18,White,Male,Yes,80,S19,Heavy_Noise,0
P047,18,White,Male,Yes,81,S31,Quiet,1
P047,18,White,Male,Yes,82,S31,Moderate_Noise,1
P047,18,White,Male,Yes,83,S06,Moderate_Noise,0
P047,18,White,Male,Yes,84,S09,Heavy_Noise,0
P047,18,White,Male,Yes,85,S29,Moderate_Noise,0
P047,18,White,Male,Yes,86,S01,Heavy_Noise,0
P047,18,White,Male,Yes,87,S35,Quiet,1
P047,18,White,Male,Yes,88,S27,Quiet,0
P047,18,White,Male,Yes,89,S12,Quiet,1
P047,18,White,Male,Yes,90,S13,Moderate_Noise,1
P047,18,White,Male,Yes,91,S24,Heavy_Noise,0
P047,18,White,Male,Yes,92,S08,Heavy_Noise,1
P047,18,White,Male,Yes,93,S09,Moderate_Noise,0
P047,18,White,Male,Yes,94,S19,Moderate_Noise,1
P047,18,White,Male,Yes,95,S26,Heavy_Noise,0
P047,18,White,Male,Yes,96,S25,Moderate_Noise,1
P047,18,White,Male,Yes,97,S30,Moderate_Noise,1
P047,18,White,Male,Yes,98,S15,Heavy_Noise,0
P047,18,White,Male,Yes,99,S14,Moderate_Noise,0
P047,18,White,Male,Yes,100,S08,Moderate_Noise,0
P047,18,White,Male,Yes,101,S04,Moderate_Noise,1
P047,18,White,Male,Yes,102,S12,Moderate_Noise,1
P047,18,White,Male,Yes,103,S33,Quiet,0
P047,18,White,Male,Yes,104,S07,Heavy_Noise,1
P047,18,White,Male,Yes,105,S16,Moderate_Noise,1
P047,18,White,Male,Yes,106,S04,Heavy_Noise,1
P047,18,White,Male,Yes,107,S29,Quiet,1
P047,18,White,Male,Yes,108,S25,Heavy_Noise,1
P048,40,White,Male,No,1,S12,Moderate_Noise,0
P048,40,White,Male,No,2,S30,Moderate_Noise,1
P048,40,White,Male,No,3,S17,Heavy_Noise,0
P048,40,White,Male,No,4,S09,Quiet,0
P048,40,White,Male,No,5,S04,Quiet,0
P048,40,White,Male,No,6,S07,Moderate_Noise,1
P048,40,White,Male,No,7,S28,Heavy_Noise,0
P048,40,White,Male,No,8,S01,Moderate_Noise,0
P048,40,White,Male,No,9,S10,Quiet,1
P048,40,White,Male,No,10,S02,Heavy_Noise,0
P048,40,White,Male,No,11,S29,Quiet,0
P048,40,White,Male,No,12,S27,Heavy_Noise,0
P048,40,White,Male,No,13,S26,Heavy_Noise,0
P048,40,White,Male,No,14,S12,Quiet,1
P048,40,White,Male,No,15,S16,Quiet,1
P048,40,White,Male,No,16,S29,Heavy_Noise,0
P048,40,White,Male,No,17,S34,Heavy_Noise,0
P048,40,White,Male,No,18,S09,Moderate_Noise,0
P048,40,White,Male,No,19,S21,Moderate_Noise,0
P048,40,White,Male,No,20,S22,Moderate_Noise,1
P048,40,White,Male,No,21,S19,Quiet,0
P048,40,White,Male,No,22,S26,Quiet,1
P048,40,White,Male,No,23,S10,Heavy_Noise,0
P048,40,White,Male,No,24,S11,Heavy_Noise,0
P048,40,White,Male,No,25,S22,Heavy_Noise,1
P048,40,White,Male,No,26,S18,Heavy_Noise,0
P048,40,White,Male,No,27,S29,Moderate_Noise,0
P048,40,White,Male,No,28,S15,Heavy_Noise,0
P048,40,White,Male,No,29,S20,Quiet,1
P048,40,White,Male,No,30,S23,Heavy_Noise,1
P048,40,White,Male,No,31,S27,Moderate_Noise,0
P048,40,White,Male,No,32,S22,Quiet,1
P048,40,White,Male,No,33,S13,Heavy_Noise,0
P048,40,White,Male,No,34,S35,Quiet,1
P048,40,White,Male,No,35,S33,Heavy_Noise,0
P048,40,White,Male,No,36,S30,Heavy_Noise,1
P048,40,White,Male,No,37,S20,Heavy_Noise,0
P048,40,White,Male,No,38,S12,Heavy_Noise,0
P048,40,White,Male,No,39,S03,Heavy_Noise,0
P048,40,White,Male,No,40,S18,Quiet,1
P048,40,White,Male,No,41,S06,Moderate_Noise,1
P048,40,White,Male,No,42,S16,Moderate_Noise,1
P048,40,White,Male,No,43,S19,Heavy_Noise,0
P048,40,White,Male,No,44,S01,Heavy_Noise,0
P048,40,White,Male,No,45,S25,Heavy_Noise,0
P048,40,White,Male,No,46,S08,Heavy_Noise,0
P048,40,White,Male,No,47,S32,Quiet,1
P048,40,White,Male,No,48,S31,Quiet,1
P048,40,White,Male,No,49,S03,Quiet,1
P048,40,White,Male,No,50,S04,Heavy_Noise,0
P048,40,White,Male,No,51,S23,Quiet,1
P048,40,White,Male,No,52,S13,Moderate_Noise,1
P048,40,White,Male,No,53,S02,Moderate_Noise,0
P048,40,White,Male,No,54,S06,Quiet,1
P048,40,White,Male,No,55,S31,Heavy_Noise,0
P048,40,White,Male,No,56,S20,Moderate_Noise,0
P048,40,White,Male,No,57,S34,Moderate_Noise,1
P048,40,White,Male,No,58,S09,Heavy_Noise,0
P048,40,White,Male,No,59,S04,Moderate_Noise,1
P048,40,White,Male,No,60,S33,Moderate_Noise,1
P048,40,White,Male,No,61,S11,Moderate_Noise,0
P048,40,White,Male,No,62,S15,Quiet,1
P048,40,White,Male,No,63,S33,Quiet,0
P048,40,White,Male,No,64,S18,Moderate_Noise,1
P048,40,White,Male,No,65,S17,Moderate_Noise,0
P048,40,White,Male,No,66,S30,Quiet,0
P048,40,White,Male,No,67,S24,Heavy_Noise,0
P048,40,White,Male,No,68,S17,Quiet,1
P048,40,White,Male,No,69,S14,Quiet,1
P048,40,White,Male,No,70,S11,Quiet,1
P048,40,White,Male,No,71,S14,Moderate_Noise,1
P048,40,White,Male,No,72,S06,Heavy_Noise,0
P048,40,White,Male,No,73,S02,Quiet,1
P048,40,White,Male,No,74,S05,Moderate_Noise,1
P048,40,White,Male,No,75,S36,Quiet,1
P048,40,White,Male,No,76,S24,Quiet,0
P048,40,White,Male,No,77,S21,Heavy_Noise,0
P048,40,White,Male,No,78,S08,Quiet,0
P048,40,White,Male,No,79,S14,Heavy_Noise,0
P048,40,White,Male,No,80,S36,Moderate_Noise,1
P048,40,White,Male,No,81,S05,Heavy_Noise,0
P048,40,White,Male,No,82,S23,Moderate_Noise,0
P048,40,White,Male,No,83,S28,Quiet,1
P048,40,White,Male,No,84,S25,Quiet,1
P048,40,White,Male,No,85,S31,Moderate_Noise,0
P048,40,White,Male,No,86,S01,Quiet,1
P048,40,White,Male,No,87,S35,Heavy_Noise,0
P048,40,White,Male,No,88,S05,Quiet,0
P048,40,White,Male,No,89,S25,Moderate_Noise,1
P048,40,White,Male,No,90,S19,Moderate_Noise,0
P048,40,White,Male,No,91,S32,Heavy_Noise,1
P048,40,White,Male,No,92,S27,Quiet,0
P048,40,White,Male,No,93,S15,Moderate_Noise,0
P048,40,White,Male,No,94,S36,Heavy_Noise,0
P048,40,White,Male,No,95,S08,Moderate_Noise,1
P048,40,White,Male,No,96,S34,Quiet,1
P048,40,White,Male,No,97,S13,Quiet,1
P048,40,White,Male,No,98,S07,Quiet,1
P048,40,White,Male,No,99,S35,Moderate_Noise,0
P048,40,White,Male,No,100,S10,Moderate_Noise,1
P048,40,White,Male,No,101,S32,Moderate_Noise,1
P048,40,White,Male,No,102,S03,Moderate_Noise,0
P048,40,White,Male,No,103,S21,Quiet,1
P048,40,White,Male,No,104,S28,Moderate_Noise,1
P048,40,White,Male,No,105,S26,Moderate_Noise,1
P048,40,White,Male,No,106,S07,Heavy_Noise,0
P048,40,White,Male,No,107,S24,Moderate_Noise,0
P048,40,White,Male,No,108,S16,Heavy_Noise,0
P049,45,Multiracial or Other,Female,No,1,S06,Heavy_Noise,0
P049,45,Multiracial or Other,Female,No,2,S01,Quiet,1
P049,45,Multiracial or Other,Female,No,3,S04,Quiet,1
P049,45,Multiracial or Other,Female,No,4,S15,Heavy_Noise,0
P049,45,Multiracial or Other,Female,No,5,S14,Quiet,0
P049,45,Multiracial or Other,Female,No,6,S13,Moderate_Noise,0
P049,45,Multiracial or Other,Female,No,7,S09,Heavy_Noise,0
P049,45,Multiracial or Other,Female,No,8,S07,Quiet,1
P049,45,Multiracial or Other,Female,No,9,S08,Heavy_Noise,0
P049,45,Multiracial or Other,Female,No,10,S12,Heavy_Noise,1
P049,45,Multiracial or Other,Female,No,11,S14,Moderate_Noise,0
P049,45,Multiracial or Other,Female,No,12,S10,Quiet,1
P049,45,Multiracial or Other,Female,No,13,S25,Quiet,0
P049,45,Multiracial or Other,Female,No,14,S35,Moderate_Noise,1
P049,45,Multiracial or Other,Female,No,15,S09,Quiet,0
P049,45,Multiracial or Other,Female,No,16,S05,Quiet,0
P049,45,Multiracial or Other,Female,No,17,S17,Moderate_Noise,0
P049,45,Multiracial or Other,Female,No,18,S10,Moderate_Noise,1
P049,45,Multiracial or Other,Female,No,19,S24,Heavy_Noise,0
P049,45,Multiracial or Other,Female,No,20,S27,Moderate_Noise,1
P049,45,Multiracial or Other,Female,No,21,S20,Heavy_Noise,0
P049,45,Multiracial or Other,Female,No,22,S33,Moderate_Noise,0
P049,45,Multiracial or Other,Female,No,23,S31,Moderate_Noise,1
P049,45,Multiracial or Other,Female,No,24,S32,Moderate_Noise,1
P049,45,Multiracial or Other,Female,No,25,S12,Quiet,1
P049,45,Multiracial or Other,Female,No,26,S28,Heavy_Noise,0
P049,45,Multiracial or Other,Female,No,27,S23,Moderate_Noise,0
P049,45,Multiracial or Other,Female,No,28,S02,Heavy_Noise,0
P049,45,Multiracial or Other,Female,No,29,S16,Heavy_Noise,0
P049,45,Multiracial or Other,Female,No,30,S36,Moderate_Noise,1
P049,45,Multiracial or Other,Female,No,31,S22,Heavy_Noise,1
P049,45,Multiracial or Other,Female,No,32,S10,Heavy_Noise,1
P049,45,Multiracial or Other,Female,No,33,S15,Moderate_Noise,0
P049,45,Multiracial or Other,Female,No,34,S22,Moderate_Noise,1
P049,45,Multiracial or Other,Female,No,35,S09,Moderate_Noise,0
P049,45,Multiracial or Other,Female,No,36,S36,Heavy_Noise,1
P049,45,Multiracial or Other,Female,No,37,S28,Moderate_Noise,0
P049,45,Multiracial or Other,Female,No,38,S17,Heavy_Noise,0
P049,45,Multiracial or Other,Female,No,39,S04,Moderate_Noise,1
P049,45,Multiracial or Other,Female,No,40,S30,Quiet,1
P049,45,Multiracial or Other,Female,No,41,S02,Moderate_Noise,0
P049,45,Multiracial or Other,Female,No,42,S08,Moderate_Noise,0
P049,45,Multiracial or Other,Female,No,43,S18,Heavy_Noise,0
P049,45,Multiracial or Other,Female,No,44,S26,Quiet,1
P049,45,Multiracial or Other,Female,No,45,S32,Quiet,1
P049,45,Multiracial or Other,Female,No,46,S07,Heavy_Noise,1
P049,45,Multiracial or Other,Female,No,47,S21,Moderate_Noise,0
P049,45,Multiracial or Other,Female,No,48,S18,Moderate_Noise,1
P049,45,Multiracial or Other,Female,No,49,S29,Quiet,1
P049,45,Multiracial or Other,Female,No,50,S16,Quiet,0
P049,45,Multiracial or Other,Female,No,51,S11,Heavy_Noise,0
P049,45,Multiracial or Other,Female,No,52,S16,Moderate_Noise,0
P049,45,Multiracial or Other,Female,No,53,S33,Heavy_Noise,0
P049,45,Multiracial or Other,Female,No,54,S14,Heavy_Noise,0
P049,45,Multiracial or Other,Female,No,55,S26,Heavy_Noise,1
P049,45,Multiracial or Other,Female,No,56,S31,Heavy_Noise,1
P049,45,Multiracial or Other,Female,No,57,S26,Moderate_Noise,1
P049,45,Multiracial or Other,Female,No,58,S19,Moderate_Noise,1
P049,45,Multiracial or Other,Female,No,59,S22,Quiet,1
P049,45,Multiracial or Other,Female,No,60,S12,Moderate_Noise,0
P049,45,Multiracial or Other,Female,No,61,S03,Quiet,1
P049,45,Multiracial or Other,Female,No,62,S23,Heavy_Noise,0
P049,45,Multiracial or Other,Female,No,63,S28,Quiet,0
P049,45,Multiracial or Other,Female,No,64,S08,Quiet,1
P049,45,Multiracial or Other,Female,No,65,S01,Heavy_Noise,0
P049,45,Multiracial or Other,Female,No,66,S21,Quiet,0
P049,45,Multiracial or Other,Female,No,67,S25,Moderate_Noise,0
P049,45,Multiracial or Other,Female,No,68,S19,Quiet,1
P049,45,Multiracial or Other,Female,No,69,S20,Quiet,1
P049,45,Multiracial or Other,Female,No,70,S15,Quiet,0
P049,45,Multiracial or Other,Female,No,71,S13,Heavy_Noise,1
P049,45,Multiracial or Other,Female,No,72,S25,Heavy_Noise,0
P049,45,Multiracial or Other,Female,No,73,S01,Moderate_Noise,1
P049,45,Multiracial or Other,Female,No,74,S29,Heavy_Noise,0
P049,45,Multiracial or Other,Female,No,75,S23,Quiet,1
P049,45,Multiracial or Other,Female,No,76,S35,Heavy_Noise,0
P049,45,Multiracial or Other,Female,No,77,S27,Heavy_Noise,0
P049,45,Multiracial or Other,Female,No,78,S20,Moderate_Noise,1
P049,45,Multiracial or Other,Female,No,79,S34,Quiet,1
P049,45,Multiracial or Other,Female,No,80,S06,Quiet,1
P049,45,Multiracial or Other,Female,No,81,S02,Quiet,0
P049,45,Multiracial or Other,Female,No,82,S29,Moderate_Noise,0
P049,45,Multiracial or Other,Female,No,83,S32,Heavy_Noise,0
P049,45,Multiracial or Other,Female,No,84,S35,Quiet,0
P049,45,Multiracial or Other,Female,No,85,S05,Moderate_Noise,0
P049,45,Multiracial or Other,Female,No,86,S34,Heavy_Noise,0
P049,45,Multiracial or Other,Female,No,87,S07,Moderate_Noise,1
P049,45,Multiracial or Other,Female,No,88,S04,Heavy_Noise,1
P049,45,Multiracial or Other,Female,No,89,S06,Moderate_Noise,0
P049,45,Multiracial or Other,Female,No,90,S21,Heavy_Noise,0
P049,45,Multiracial or Other,Female,No,91,S03,Moderate_Noise,1
P049,45,Multiracial or Other,Female,No,92,S27,Quiet,1
P049,45,Multiracial or Other,Female,No,93,S24,Quiet,1
P049,45,Multiracial or Other,Female,No,94,S17,Quiet,0
P049,45,Multiracial or Other,Female,No,95,S24,Moderate_Noise,0
P049,45,Multiracial or Other,Female,No,96,S18,Quiet,1
P049,45,Multiracial or Other,Female,No,97,S11,Quiet,1
P049,45,Multiracial or Other,Female,No,98,S13,Quiet,1
P049,45,Multiracial or Other,Female,No,99,S19,Heavy_Noise,0
P049,45,Multiracial or Other,Female,No,100,S31,Quiet,1
P049,45,Multiracial or Other,Female,No,101,S33,Quiet,0
P049,45,Multiracial or Other,Female,No,102,S05,Heavy_Noise,0
P049,45,Multiracial or Other,Female,No,103,S03,Heavy_Noise,0
P049,45,Multiracial or Other,Female,No,104,S30,Heavy_Noise,0
P049,45,Multiracial or Other,Female,No,105,S36,Quiet,1
P049,45,Multiracial or Other,Female,No,106,S34,Moderate_Noise,1
P049,45,Multiracial or Other,Female,No,107,S11,Moderate_Noise,1
P049,45,Multiracial or Other,Female,No,108,S30,Moderate_Noise,0
P050,28,White,Female,Yes,1,S16,Moderate_Noise,1
P050,28,White,Female,Yes,2,S21,Moderate_Noise,0
P050,28,White,Female,Yes,3,S16,Heavy_Noise,0
P050,28,White,Female,Yes,4,S32,Heavy_Noise,1
P050,28,White,Female,Yes,5,S15,Moderate_Noise,1
P050,28,White,Female,Yes,6,S08,Quiet,0
P050,28,White,Female,Yes,7,S26,Heavy_Noise,1
P050,28,White,Female,Yes,8,S12,Heavy_Noise,1
P050,28,White,Female,Yes,9,S11,Heavy_Noise,1
P050,28,White,Female,Yes,10,S09,Heavy_Noise,0
P050,28,White,Female,Yes,11,S01,Moderate_Noise,1
P050,28,White,Female,Yes,12,S26,Quiet,1
P050,28,White,Female,Yes,13,S20,Heavy_Noise,1
P050,28,White,Female,Yes,14,S36,Heavy_Noise,0
P050,28,White,Female,Yes,15,S29,Quiet,1
P050,28,White,Female,Yes,16,S27,Quiet,0
P050,28,White,Female,Yes,17,S22,Heavy_Noise,1
P050,28,White,Female,Yes,18,S23,Moderate_Noise,1
P050,28,White,Female,Yes,19,S10,Quiet,1
P050,28,White,Female,Yes,20,S11,Quiet,1
P050,28,White,Female,Yes,21,S25,Heavy_Noise,1
P050,28,White,Female,Yes,22,S33,Heavy_Noise,0
P050,28,White,Female,Yes,23,S01,Quiet,1
P050,28,White,Female,Yes,24,S34,Heavy_Noise,0
P050,28,White,Female,Yes,25,S08,Moderate_Noise,0
P050,28,White,Female,Yes,26,S14,Heavy_Noise,0
P050,28,White,Female,Yes,27,S35,Quiet,1
P050,28,White,Female,Yes,28,S33,Quiet,1
P050,28,White,Female,Yes,29,S36,Quiet,0
P050,28,White,Female,Yes,30,S03,Moderate_Noise,1
P050,28,White,Female,Yes,31,S03,Heavy_Noise,0
P050,28,White,Female,Yes,32,S11,Moderate_Noise,0
P050,28,White,Female,Yes,33,S13,Moderate_Noise,0
P050,28,White,Female,Yes,34,S19,Quiet,1
P050,28,White,Female,Yes,35,S21,Heavy_Noise,1
P050,28,White,Female,Yes,36,S18,Moderate_Noise,1
P050,28,White,Female,Yes,37,S28,Quiet,1
P050,28,White,Female,Yes,38,S05,Quiet,0
P050,28,White,Female,Yes,39,S04,Quiet,1
P050,28,White,Female,Yes,40,S30,Quiet,0
P050,28,White,Female,Yes,41,S13,Heavy_Noise,0
P050,28,White,Female,Yes,42,S23,Heavy_Noise,1
P050,28,White,Female,Yes,43,S08,Heavy_Noise,1
P050,28,White,Female,Yes,44,S06,Heavy_Noise,1
P050,28,White,Female,Yes,45,S19,Moderate_Noise,1
P050,28,White,Female,Yes,46,S21,Quiet,1
P050,28,White,Female,Yes,47,S02,Heavy_Noise,0
P050,28,White,Female,Yes,48,S25,Moderate_Noise,1
P050,28,White,Female,Yes,49,S07,Moderate_Noise,0
P050,28,White,Female,Yes,50,S23,Quiet,1
P050,28,White,Female,Yes,51,S35,Moderate_Noise,1
P050,28,White,Female,Yes,52,S18,Heavy_Noise,1
P050,28,White,Female,Yes,53,S31,Heavy_Noise,1
P050,28,White,Female,Yes,54,S17,Moderate_Noise,0
P050,28,White,Female,Yes,55,S33,Moderate_Noise,0
P050,28,White,Female,Yes,56,S01,Heavy_Noise,1
P050,28,White,Female,Yes,57,S32,Moderate_Noise,1
P050,28,White,Female,Yes,58,S26,Moderate_Noise,1
P050,28,White,Female,Yes,59,S28,Heavy_Noise,0
P050,28,White,Female,Yes,60,S03,Quiet,1
P050,28,White,Female,Yes,61,S36,Moderate_Noise,1
P050,28,White,Female,Yes,62,S31,Quiet,1
P050,28,White,Female,Yes,63,S28,Moderate_Noise,0
P050,28,White,Female,Yes,64,S24,Heavy_Noise,1
P050,28,White,Female,Yes,65,S22,Moderate_Noise,1
P050,28,White,Female,Yes,66,S20,Quiet,1
P050,28,White,Female,Yes,67,S20,Moderate_Noise,1
P050,28,White,Female,Yes,68,S14,Quiet,1
P050,28,White,Female,Yes,69,S07,Heavy_Noise,0
P050,28,White,Female,Yes,70,S22,Quiet,1
P050,28,White,Female,Yes,71,S17,Quiet,1
P050,28,White,Female,Yes,72,S06,Moderate_Noise,1
P050,28,White,Female,Yes,73,S15,Quiet,1
P050,28,White,Female,Yes,74,S10,Heavy_Noise,0
P050,28,White,Female,Yes,75,S04,Moderate_Noise,1
P050,28,White,Female,Yes,76,S12,Moderate_Noise,0
P050,28,White,Female,Yes,77,S27,Heavy_Noise,1
P050,28,White,Female,Yes,78,S02,Moderate_Noise,0
P050,28,White,Female,Yes,79,S32,Quiet,1
P050,28,White,Female,Yes,80,S02,Quiet,0
P050,28,White,Female,Yes,81,S16,Quiet,1
P050,28,White,Female,Yes,82,S19,Heavy_Noise,0
P050,28,White,Female,Yes,83,S05,Heavy_Noise,0
P050,28,White,Female,Yes,84,S15,Heavy_Noise,1
P050,28,White,Female,Yes,85,S10,Moderate_Noise,1
P050,28,White,Female,Yes,86,S05,Moderate_Noise,0
P050,28,White,Female,Yes,87,S34,Quiet,1
P050,28,White,Female,Yes,88,S35,Heavy_Noise,1
P050,28,White,Female,Yes,89,S09,Quiet,1
P050,28,White,Female,Yes,90,S24,Quiet,1
P050,28,White,Female,Yes,91,S14,Moderate_Noise,0
P050,28,White,Female,Yes,92,S04,Heavy_Noise,1
P050,28,White,Female,Yes,93,S29,Moderate_Noise,0
P050,28,White,Female,Yes,94,S30,Moderate_Noise,0
P050,28,White,Female,Yes,95,S06,Quiet,1
P050,28,White,Female,Yes,96,S18,Quiet,1
P050,28,White,Female,Yes,97,S31,Moderate_Noise,1
P050,28,White,Female,Yes,98,S07,Quiet,1
P050,28,White,Female,Yes,99,S34,Moderate_Noise,0
P050,28,White,Female,Yes,100,S29,Heavy_Noise,0
P050,28,White,Female,Yes,101,S27,Moderate_Noise,0
P050,28,White,Female,Yes,102,S13,Quiet,0
P050,28,White,Female,Yes,103,S30,Heavy_Noise,0
P050,28,White,Female,Yes,104,S09,Moderate_Noise,1
P050,28,White,Female,Yes,105,S17,Heavy_Noise,0
P050,28,White,Female,Yes,106,S12,Quiet,0
P050,28,White,Female,Yes,107,S25,Quiet,1
P050,28,White,Female,Yes,108,S24,Moderate_Noise,0
P051,56,White,Female,No,1,S14,Moderate_Noise,0
P051,56,White,Female,No,2,S08,Heavy_Noise,0
P051,56,White,Female,No,3,S28,Quiet,1
P051,56,White,Female,No,4,S15,Quiet,0
P051,56,White,Female,No,5,S35,Quiet,1
P051,56,White,Female,No,6,S14,Heavy_Noise,0
P051,56,White,Female,No,7,S01,Quiet,1
P051,56,White,Female,No,8,S36,Moderate_Noise,1
P051,56,White,Female,No,9,S19,Heavy_Noise,1
P051,56,White,Female,No,10,S01,Heavy_Noise,0
P051,56,White,Female,No,11,S14,Quiet,1
P051,56,White,Female,No,12,S16,Heavy_Noise,1
P051,56,White,Female,No,13,S11,Quiet,1
P051,56,White,Female,No,14,S03,Heavy_Noise,1
P051,56,White,Female,No,15,S18,Quiet,1
P051,56,White,Female,No,16,S29,Quiet,1
P051,56,White,Female,No,17,S34,Moderate_Noise,1
P051,56,White,Female,No,18,S24,Moderate_Noise,0
P051,56,White,Female,No,19,S17,Heavy_Noise,0
P051,56,White,Female,No,20,S20,Heavy_Noise,0
P051,56,White,Female,No,21,S12,Quiet,1
P051,56,White,Female,No,22,S19,Quiet,1
P051,56,White,Female,No,23,S20,Moderate_Noise,0
P051,56,White,Female,No,24,S32,Moderate_Noise,1
P051,56,White,Female,No,25,S27,Heavy_Noise,0
P051,56,White,Female,No,26,S13,Heavy_Noise,0
P051,56,White,Female,No,27,S04,Heavy_Noise,1
P051,56,White,Female,No,28,S31,Quiet,1
P051,56,White,Female,No,29,S23,Moderate_Noise,1
P051,56,White,Female,No,30,S05,Moderate_Noise,0
P051,56,White,Female,No,31,S34,Heavy_Noise,1
P051,56,White,Female,No,32,S06,Quiet,1
P051,56,White,Female,No,33,S30,Heavy_Noise,0
P051,56,White,Female,No,34,S01,Moderate_Noise,0
P051,56,White,Female,No,35,S13,Moderate_Noise,1
P051,56,White,Female,No,36,S02,Heavy_Noise,0
P051,56,White,Female,No,37,S32,Heavy_Noise,0
P051,56,White,Female,No,38,S23,Heavy_Noise,1
P051,56,White,Female,No,39,S30,Quiet,1
P051,56,White,Female,No,40,S24,Heavy_Noise,0
P051,56,White,Female,No,41,S09,Quiet,1
P051,56,White,Female,No,42,S08,Quiet,1
P051,56,White,Female,No,43,S36,Quiet,1
P051,56,White,Female,No,44,S28,Heavy_Noise,0
P051,56,White,Female,No,45,S09,Moderate_Noise,1
P051,56,White,Female,No,46,S26,Quiet,1
P051,56,White,Female,No,47,S24,Quiet,0
P051,56,White,Female,No,48,S22,Moderate_Noise,1
P051,56,White,Female,No,49,S06,Moderate_Noise,1
P051,56,White,Female,No,50,S05,Quiet,1
P051,56,White,Female,No,51,S11,Moderate_Noise,0
P051,56,White,Female,No,52,S08,Moderate_Noise,1
P051,56,White,Female,No,53,S06,Heavy_Noise,1
P051,56,White,Female,No,54,S22,Heavy_Noise,1
P051,56,White,Female,No,55,S18,Heavy_Noise,0
P051,56,White,Female,No,56,S26,Moderate_Noise,1
P051,56,White,Female,No,57,S03,Moderate_Noise,0
P051,56,White,Female,No,58,S04,Quiet,1
P051,56,White,Female,No,59,S21,Quiet,1
P051,56,White,Female,No,60,S34,Quiet,1
P051,56,White,Female,No,61,S25,Quiet,1
P051,56,White,Female,No,62,S21,Heavy_Noise,0
P051,56,White,Female,No,63,S25,Moderate_Noise,1
P051,56,White,Female,No,64,S32,Quiet,1
P051,56,White,Female,No,65,S21,Moderate_Noise,1
P051,56,White,Female,No,66,S22,Quiet,1
P051,56,White,Female,No,67,S11,Heavy_Noise,0
P051,56,White,Female,No,68,S05,Heavy_Noise,0
P051,56,White,Female,No,69,S15,Heavy_Noise,0
P051,56,White,Female,No,70,S07,Quiet,1
P051,56,White,Female,No,71,S29,Moderate_Noise,1
P051,56,White,Female,No,72,S19,Moderate_Noise,0
P051,56,White,Female,No,73,S16,Quiet,1
P051,56,White,Female,No,74,S33,Moderate_Noise,1
P051,56,White,Female,No,75,S33,Heavy_Noise,1
P051,56,White,Female,No,76,S18,Moderate_Noise,1
P051,56,White,Female,No,77,S35,Heavy_Noise,0
P051,56,White,Female,No,78,S26,Heavy_Noise,1
P051,56,White,Female,No,79,S33,Quiet,1
P051,56,White,Female,No,80,S09,Heavy_Noise,0
P051,56,White,Female,No,81,S02,Quiet,1
P051,56,White,Female,No,82,S31,Heavy_Noise,1
P051,56,White,Female,No,83,S12,Moderate_Noise,1
P051,56,White,Female,No,84,S10,Quiet,1
P051,56,White,Female,No,85,S13,Quiet,1
P051,56,White,Female,No,86,S29,Heavy_Noise,0
P051,56,White,Female,No,87,S27,Quiet,1
P051,56,White,Female,No,88,S31,Moderate_Noise,1
P051,56,White,Female,No,89,S30,Moderate_Noise,1
P051,56,White,Female,No,90,S10,Heavy_Noise,0
P051,56,White,Female,No,91,S12,Heavy_Noise,1
P051,56,White,Female,No,92,S23,Quiet,1
P051,56,White,Female,No,93,S04,Moderate_Noise,1
P051,56,White,Female,No,94,S16,Moderate_Noise,1
P051,56,White,Female,No,95,S03,Quiet,1
P051,56,White,Female,No,96,S35,Moderate_Noise,0
P051,56,White,Female,No,97,S17,Moderate_Noise,0
P051,56,White,Female,No,98,S10,Moderate_Noise,1
P051,56,White,Female,No,99,S17,Quiet,0
P051,56,White,Female,No,100,S15,Moderate_Noise,1
P051,56,White,Female,No,101,S07,Heavy_Noise,1
P051,56,White,Female,No,102,S02,Moderate_Noise,1
P051,56,White,Female,No,103,S27,Moderate_Noise,1
P051,56,White,Female,No,104,S20,Quiet,0
P051,56,White,Female,No,105,S07,Moderate_Noise,1
P051,56,White,Female,No,106,S36,Heavy_Noise,1
P051,56,White,Female,No,107,S28,Moderate_Noise,1
P051,56,White,Female,No,108,S25,Heavy_Noise,1
P052,49,White,Male,Yes,1,S14,Quiet,1
P052,49,White,Male,Yes,2,S28,Moderate_Noise,1
P052,49,White,Male,Yes,3,S31,Heavy_Noise,1
P052,49,White,Male,Yes,4,S11,Heavy_Noise,1
P052,49,White,Male,Yes,5,S24,Heavy_Noise,1
P052,49,White,Male,Yes,6,S25,Quiet,1
P052,49,White,Male,Yes,7,S12,Moderate_Noise,1
P052,49,White,Male,Yes,8,S21,Moderate_Noise,1
P052,49,White,Male,Yes,9,S03,Quiet,1
P052,49,White,Male,Yes,10,S12,Quiet,1
P052,49,White,Male,Yes,11,S01,Quiet,1
P052,49,White,Male,Yes,12,S18,Heavy_Noise,0
P052,49,White,Male,Yes,13,S24,Moderate_Noise,1
P052,49,White,Male,Yes,14,S35,Moderate_Noise,1
P052,49,White,Male,Yes,15,S09,Quiet,1
P052,49,White,Male,Yes,16,S07,Quiet,1
P052,49,White,Male,Yes,17,S29,Moderate_Noise,0
P052,49,White,Male,Yes,18,S08,Moderate_Noise,0
P052,49,White,Male,Yes,19,S22,Moderate_Noise,1
P052,49,White,Male,Yes,20,S02,Moderate_Noise,1
P052,49,White,Male,Yes,21,S30,Quiet,1
P052,49,White,Male,Yes,22,S02,Heavy_Noise,1
P052,49,White,Male,Yes,23,S10,Quiet,1
P052,49,White,Male,Yes,24,S26,Moderate_Noise,1
P052,49,White,Male,Yes,25,S19,Moderate_Noise,1
P052,49,White,Male,Yes,26,S15,Heavy_Noise,1
P052,49,White,Male,Yes,27,S11,Moderate_Noise,0
P052,49,White,Male,Yes,28,S07,Heavy_Noise,1
P052,49,White,Male,Yes,29,S06,Quiet,1
P052,49,White,Male,Yes,30,S08,Heavy_Noise,1
P052,49,White,Male,Yes,31,S10,Heavy_Noise,1
P052,49,White,Male,Yes,32,S04,Quiet,1
P052,49,White,Male,Yes,33,S20,Moderate_Noise,1
P052,49,White,Male,Yes,34,S18,Moderate_Noise,0
P052,49,White,Male,Yes,35,S18,Quiet,1
P052,49,White,Male,Yes,36,S28,Quiet,1
P052,49,White,Male,Yes,37,S20,Quiet,1
P052,49,White,Male,Yes,38,S31,Moderate_Noise,1
P052,49,White,Male,Yes,39,S22,Quiet,1
P052,49,White,Male,Yes,40,S17,Quiet,1
P052,49,White,Male,Yes,41,S02,Quiet,1
P052,49,White,Male,Yes,42,S08,Quiet,1
P052,49,White,Male,Yes,43,S32,Quiet,1
P052,49,White,Male,Yes,44,S03,Moderate_Noise,1
P052,49,White,Male,Yes,45,S34,Heavy_Noise,1
P052,49,White,Male,Yes,46,S05,Moderate_Noise,1
P052,49,White,Male,Yes,47,S07,Moderate_Noise,1
P052,49,White,Male,Yes,48,S26,Quiet,1
P052,49,White,Male,Yes,49,S04,Moderate_Noise,1
P052,49,White,Male,Yes,50,S33,Moderate_Noise,1
P052,49,White,Male,Yes,51,S15,Quiet,1
P052,49,White,Male,Yes,52,S35,Heavy_Noise,1
P052,49,White,Male,Yes,53,S29,Heavy_Noise,1
P052,49,White,Male,Yes,54,S22,Heavy_Noise,1
P052,49,White,Male,Yes,55,S01,Moderate_Noise,1
P052,49,White,Male,Yes,56,S24,Quiet,1
P052,49,White,Male,Yes,57,S13,Quiet,1
P052,49,White,Male,Yes,58,S21,Heavy_Noise,1
P052,49,White,Male,Yes,59,S27,Quiet,1
P052,49,White,Male,Yes,60,S27,Moderate_Noise,1
P052,49,White,Male,Yes,61,S13,Heavy_Noise,1
P052,49,White,Male,Yes,62,S09,Moderate_Noise,1
P052,49,White,Male,Yes,63,S36,Quiet,1
P052,49,White,Male,Yes,64,S04,Heavy_Noise,1
P052,49,White,Male,Yes,65,S05,Quiet,1
P052,49,White,Male,Yes,66,S06,Heavy_Noise,0
P052,49,White,Male,Yes,67,S03,Heavy_Noise,1
P052,49,White,Male,Yes,68,S17,Heavy_Noise,1
P052,49,White,Male,Yes,69,S34,Quiet,1
P052,49,White,Male,Yes,70,S30,Moderate_Noise,1
P052,49,White,Male,Yes,71,S14,Moderate_Noise,1
P052,49,White,Male,Yes,72,S32,Moderate_Noise,1
P052,49,White,Male,Yes,73,S32,Heavy_Noise,1
P052,49,White,Male,Yes,74,S36,Heavy_Noise,1
P052,49,White,Male,Yes,75,S09,Heavy_Noise,1
P052,49,White,Male,Yes,76,S29,Quiet,1
P052,49,White,Male,Yes,77,S23,Moderate_Noise,1
P052,49,White,Male,Yes,78,S34,Moderate_Noise,1
P052,49,White,Male,Yes,79,S15,Moderate_Noise,1
P052,49,White,Male,Yes,80,S21,Quiet,1
P052,49,White,Male,Yes,81,S31,Quiet,1
P052,49,White,Male,Yes,82,S05,Heavy_Noise,1
P052,49,White,Male,Yes,83,S14,Heavy_Noise,0
P052,49,White,Male,Yes,84,S33,Heavy_Noise,1
P052,49,White,Male,Yes,85,S23,Heavy_Noise,1
P052,49,White,Male,Yes,86,S25,Heavy_Noise,1
P052,49,White,Male,Yes,87,S13,Moderate_Noise,1
P052,49,White,Male,Yes,88,S26,Heavy_Noise,0
P052,49,White,Male,Yes,89,S11,Quiet,1
P052,49,White,Male,Yes,90,S17,Moderate_Noise,1
P052,49,White,Male,Yes,91,S20,Heavy_Noise,1
P052,49,White,Male,Yes,92,S30,Heavy_Noise,1
P052,49,White,Male,Yes,93,S36,Moderate_Noise,1
P052,49,White,Male,Yes,94,S06,Moderate_Noise,1
P052,49,White,Male,Yes,95,S01,Heavy_Noise,1
P052,49,White,Male,Yes,96,S25,Moderate_Noise,1
P052,49,White,Male,Yes,97,S12,Heavy_Noise,1
P052,49,White,Male,Yes,98,S19,Quiet,1
P052,49,White,Male,Yes,99,S16,Quiet,1
P052,49,White,Male,Yes,100,S16,Heavy_Noise,0
P052,49,White,Male,Yes,101,S35,Quiet,1
P052,49,White,Male,Yes,102,S33,Quiet,1
P052,49,White,Male,Yes,103,S16,Moderate_Noise,1
P052,49,White,Male,Yes,104,S23,Quiet,1
P052,49,White,Male,Yes,105,S28,Heavy_Noise,1
P052,49,White,Male,Yes,106,S10,Moderate_Noise,1
P052,49,White,Male,Yes,107,S19,Heavy_Noise,1
P052,49,White,Male,Yes,108,S27,Heavy_Noise,1
P053,46,White,Male,No,1,S22,Heavy_Noise,1
P053,46,White,Male,No,2,S36,Quiet,0
P053,46,White,Male,No,3,S10,Heavy_Noise,0
P053,46,White,Male,No,4,S08,Quiet,0
P053,46,White,Male,No,5,S19,Heavy_Noise,0
P053,46,White,Male,No,6,S31,Moderate_Noise,0
P053,46,White,Male,No,7,S16,Quiet,1
P053,46,White,Male,No,8,S07,Heavy_Noise,1
P053,46,White,Male,No,9,S09,Heavy_Noise,0
P053,46,White,Male,No,10,S18,Quiet,0
P053,46,White,Male,No,11,S11,Heavy_Noise,0
P053,46,White,Male,No,12,S34,Quiet,1
P053,46,White,Male,No,13,S05,Heavy_Noise,0
P053,46,White,Male,No,14,S18,Heavy_Noise,0
P053,46,White,Male,No,15,S18,Moderate_Noise,0
P053,46,White,Male,No,16,S27,Quiet,1
P053,46,White,Male,No,17,S25,Quiet,1
P053,46,White,Male,No,18,S16,Heavy_Noise,0
P053,46,White,Male,No,19,S33,Quiet,0
P053,46,White,Male,No,20,S05,Quiet,1
P053,46,White,Male,No,21,S17,Moderate_Noise,1
P053,46,White,Male,No,22,S07,Quiet,1
P053,46,White,Male,No,23,S34,Moderate_Noise,0
P053,46,White,Male,No,24,S32,Quiet,1
P053,46,White,Male,No,25,S06,Quiet,0
P053,46,White,Male,No,26,S03,Heavy_Noise,0
P053,46,White,Male,No,27,S26,Moderate_Noise,1
P053,46,White,Male,No,28,S30,Heavy_Noise,0
P053,46,White,Male,No,29,S10,Quiet,1
P053,46,White,Male,No,30,S02,Heavy_Noise,0
P053,46,White,Male,No,31,S03,Moderate_Noise,0
P053,46,White,Male,No,32,S15,Moderate_Noise,0
P053,46,White,Male,No,33,S35,Moderate_Noise,1
P053,46,White,Male,No,34,S12,Quiet,0
P053,46,White,Male,No,35,S01,Moderate_Noise,0
P053,46,White,Male,No,36,S27,Heavy_Noise,1
P053,46,White,Male,No,37,S05,Moderate_Noise,0
P053,46,White,Male,No,38,S35,Heavy_Noise,1
P053,46,White,Male,No,39,S23,Quiet,1
P053,46,White,Male,No,40,S29,Heavy_Noise,0
P053,46,White,Male,No,41,S11,Quiet,1
P053,46,White,Male,No,42,S19,Moderate_Noise,1
P053,46,White,Male,No,43,S33,Heavy_Noise,0
P053,46,White,Male,No,44,S23,Heavy_Noise,1
P053,46,White,Male,No,45,S31,Heavy_Noise,0
P053,46,White,Male,No,46,S36,Heavy_Noise,0
P053,46,White,Male,No,47,S31,Quiet,1
P053,46,White,Male,No,48,S01,Quiet,0
P053,46,White,Male,No,49,S13,Quiet,1
P053,46,White,Male,No,50,S26,Quiet,0
P053,46,White,Male,No,51,S30,Moderate_Noise,0
P053,46,White,Male,No,52,S09,Moderate_Noise,0
P053,46,White,Male,No,53,S16,Moderate_Noise,1
P053,46,White,Male,No,54,S04,Quiet,1
P053,46,White,Male,No,55,S36,Moderate_Noise,0
P053,46,White,Male,No,56,S20,Quiet,1
P053,46,White,Male,No,57,S14,Moderate_Noise,1
P053,46,White,Male,No,58,S14,Heavy_Noise,0
P053,46,White,Male,No,59,S20,Heavy_Noise,0
P053,46,White,Male,No,60,S13,Heavy_Noise,0
P053,46,White,Male,No,61,S32,Moderate_Noise,1
P053,46,White,Male,No,62,S01,Heavy_Noise,1
P053,46,White,Male,No,63,S20,Moderate_Noise,0
P053,46,White,Male,No,64,S19,Quiet,0
P053,46,White,Male,No,65,S12,Moderate_Noise,0
P053,46,White,Male,No,66,S06,Heavy_Noise,0
P053,46,White,Male,No,67,S17,Quiet,1
P053,46,White,Male,No,68,S08,Heavy_Noise,0
P053,46,White,Male,No,69,S02,Moderate_Noise,0
P053,46,White,Male,No,70,S04,Moderate_Noise,0
P053,46,White,Male,No,71,S23,Moderate_Noise,1
P053,46,White,Male,No,72,S21,Quiet,1
P053,46,White,Male,No,73,S15,Quiet,0
P053,46,White,Male,No,74,S09,Quiet,1
P053,46,White,Male,No,75,S13,Moderate_Noise,1
P053,46,White,Male,No,76,S24,Quiet,0
P053,46,White,Male,No,77,S17,Heavy_Noise,1
P053,46,White,Male,No,78,S29,Quiet,0
P053,46,White,Male,No,79,S14,Quiet,1
P053,46,White,Male,No,80,S32,Heavy_Noise,0
P053,46,White,Male,No,81,S11,Moderate_Noise,0
P053,46,White,Male,No,82,S21,Moderate_Noise,0
P053,46,White,Male,No,83,S29,Moderate_Noise,0
P053,46,White,Male,No,84,S21,Heavy_Noise,0
P053,46,White,Male,No,85,S28,Heavy_Noise,0
P053,46,White,Male,No,86,S22,Moderate_Noise,1
P053,46,White,Male,No,87,S22,Quiet,1
P053,46,White,Male,No,88,S03,Quiet,1
P053,46,White,Male,No,89,S28,Moderate_Noise,0
P053,46,White,Male,No,90,S10,Moderate_Noise,0
P053,46,White,Male,No,91,S07,Moderate_Noise,1
P053,46,White,Male,No,92,S25,Moderate_Noise,0
P053,46,White,Male,No,93,S04,Heavy_Noise,0
P053,46,White,Male,No,94,S08,Moderate_Noise,1
P053,46,White,Male,No,95,S27,Moderate_Noise,1
P053,46,White,Male,No,96,S24,Moderate_Noise,0
P053,46,White,Male,No,97,S34,Heavy_Noise,0
P053,46,White,Male,No,98,S25,Heavy_Noise,0
P053,46,White,Male,No,99,S12,Heavy_Noise,1
P053,46,White,Male,No,100,S30,Quiet,1
P053,46,White,Male,No,101,S33,Moderate_Noise,1
P053,46,White,Male,No,102,S28,Quiet,1
P053,46,White,Male,No,103,S02,Quiet,0
P053,46,White,Male,No,104,S35,Quiet,1
P053,46,White,Male,No,105,S06,Moderate_Noise,0
P053,46,White,Male,No,106,S24,Heavy_Noise,0
P053,46,White,Male,No,107,S26,Heavy_Noise,0
P053,46,White,Male,No,108,S15,Heavy_Noise,0
P054,43,Asian,Male,Yes,1,S09,Heavy_Noise,1
P054,43,Asian,Male,Yes,2,S17,Quiet,0
P054,43,Asian,Male,Yes,3,S34,Quiet,1
P054,43,Asian,Male,Yes,4,S09,Quiet,1
P054,43,Asian,Male,Yes,5,S05,Quiet,1
P054,43,Asian,Male,Yes,6,S06,Quiet,1
P054,43,Asian,Male,Yes,7,S35,Quiet,1
P054,43,Asian,Male,Yes,8,S03,Heavy_Noise,0
P054,43,Asian,Male,Yes,9,S29,Quiet,0
P054,43,Asian,Male,Yes,10,S03,Quiet,1
P054,43,Asian,Male,Yes,11,S04,Heavy_Noise,0
P054,43,Asian,Male,Yes,12,S14,Moderate_Noise,1
P054,43,Asian,Male,Yes,13,S08,Heavy_Noise,0
P054,43,Asian,Male,Yes,14,S19,Heavy_Noise,0
P054,43,Asian,Male,Yes,15,S18,Quiet,1
P054,43,Asian,Male,Yes,16,S31,Moderate_Noise,1
P054,43,Asian,Male,Yes,17,S18,Moderate_Noise,1
P054,43,Asian,Male,Yes,18,S15,Quiet,1
P054,43,Asian,Male,Yes,19,S17,Heavy_Noise,0
P054,43,Asian,Male,Yes,20,S02,Quiet,0
P054,43,Asian,Male,Yes,21,S01,Quiet,1
P054,43,Asian,Male,Yes,22,S01,Heavy_Noise,1
P054,43,Asian,Male,Yes,23,S22,Heavy_Noise,0
P054,43,Asian,Male,Yes,24,S20,Heavy_Noise,0
P054,43,Asian,Male,Yes,25,S16,Heavy_Noise,0
P054,43,Asian,Male,Yes,26,S15,Heavy_Noise,1
P054,43,Asian,Male,Yes,27,S26,Quiet,1
P054,43,Asian,Male,Yes,28,S07,Heavy_Noise,1
P054,43,Asian,Male,Yes,29,S32,Moderate_Noise,1
P054,43,Asian,Male,Yes,30,S24,Quiet,1
P054,43,Asian,Male,Yes,31,S27,Moderate_Noise,1
P054,43,Asian,Male,Yes,32,S26,Moderate_Noise,1
P054,43,Asian,Male,Yes,33,S30,Moderate_Noise,1
P054,43,Asian,Male,Yes,34,S04,Moderate_Noise,1
P054,43,Asian,Male,Yes,35,S09,Moderate_Noise,1
P054,43,Asian,Male,Yes,36,S11,Quiet,1
P054,43,Asian,Male,Yes,37,S24,Moderate_Noise,0
P054,43,Asian,Male,Yes,38,S13,Heavy_Noise,0
P054,43,Asian,Male,Yes,39,S20,Moderate_Noise,1
P054,43,Asian,Male,Yes,40,S33,Quiet,1
P054,43,Asian,Male,Yes,41,S33,Heavy_Noise,1
P054,43,Asian,Male,Yes,42,S35,Heavy_Noise,1
P054,43,Asian,Male,Yes,43,S23,Heavy_Noise,0
P054,43,Asian,Male,Yes,44,S02,Heavy_Noise,1
P054,43,Asian,Male,Yes,45,S05,Heavy_Noise,0
P054,43,Asian,Male,Yes,46,S36,Heavy_Noise,0
P054,43,Asian,Male,Yes,47,S27,Heavy_Noise,0
P054,43,Asian,Male,Yes,48,S14,Quiet,0
P054,43,Asian,Male,Yes,49,S25,Quiet,1
P054,43,Asian,Male,Yes,50,S16,Quiet,0
P054,43,Asian,Male,Yes,51,S12,Quiet,1
P054,43,Asian,Male,Yes,52,S22,Quiet,0
P054,43,Asian,Male,Yes,53,S34,Heavy_Noise,1
P054,43,Asian,Male,Yes,54,S03,Moderate_Noise,0
P054,43,Asian,Male,Yes,55,S06,Heavy_Noise,1
P054,43,Asian,Male,Yes,56,S10,Moderate_Noise,1
P054,43,Asian,Male,Yes,57,S02,Moderate_Noise,1
P054,43,Asian,Male,Yes,58,S07,Moderate_Noise,0
P054,43,Asian,Male,Yes,59,S32,Quiet,1
P054,43,Asian,Male,Yes,60,S08,Moderate_Noise,0
P054,43,Asian,Male,Yes,61,S34,Moderate_Noise,1
P054,43,Asian,Male,Yes,62,S27,Quiet,1
P054,43,Asian,Male,Yes,63,S28,Quiet,1
P054,43,Asian,Male,Yes,64,S08,Quiet,0
P054,43,Asian,Male,Yes,65,S28,Moderate_Noise,1
P054,43,Asian,Male,Yes,66,S36,Quiet,1
P054,43,Asian,Male,Yes,67,S10,Quiet,1
P054,43,Asian,Male,Yes,68,S15,Moderate_Noise,1
P054,43,Asian,Male,Yes,69,S30,Quiet,1
P054,43,Asian,Male,Yes,70,S13,Moderate_Noise,1
P054,43,Asian,Male,Yes,71,S04,Quiet,1
P054,43,Asian,Male,Yes,72,S25,Heavy_Noise,1
P054,43,Asian,Male,Yes,73,S12,Heavy_Noise,0
P054,43,Asian,Male,Yes,74,S12,Moderate_Noise,1
P054,43,Asian,Male,Yes,75,S10,Heavy_Noise,0
P054,43,Asian,Male,Yes,76,S30,Heavy_Noise,1
P054,43,Asian,Male,Yes,77,S20,Quiet,1
P054,43,Asian,Male,Yes,78,S22,Moderate_Noise,1
P054,43,Asian,Male,Yes,79,S13,Quiet,1
P054,43,Asian,Male,Yes,80,S36,Moderate_Noise,1
P054,43,Asian,Male,Yes,81,S07,Quiet,1
P054,43,Asian,Male,Yes,82,S21,Heavy_Noise,0
P054,43,Asian,Male,Yes,83,S01,Moderate_Noise,1
P054,43,Asian,Male,Yes,84,S17,Moderate_Noise,0
P054,43,Asian,Male,Yes,85,S21,Moderate_Noise,1
P054,43,Asian,Male,Yes,86,S31,Quiet,1
P054,43,Asian,Male,Yes,87,S21,Quiet,1
P054,43,Asian,Male,Yes,88,S35,Moderate_Noise,1
P054,43,Asian,Male,Yes,89,S23,Moderate_Noise,1
P054,43,Asian,Male,Yes,90,S19,Quiet,1
P054,43,Asian,Male,Yes,91,S14,Heavy_Noise,0
P054,43,Asian,Male,Yes,92,S18,Heavy_Noise,1
P054,43,Asian,Male,Yes,93,S32,Heavy_Noise,1
P054,43,Asian,Male,Yes,94,S33,Moderate_Noise,0
P054,43,Asian,Male,Yes,95,S26,Heavy_Noise,1
P054,43,Asian,Male,Yes,96,S11,Moderate_Noise,1
P054,43,Asian,Male,Yes,97,S11,Heavy_Noise,1
P054,43,Asian,Male,Yes,98,S06,Moderate_Noise,1
P054,43,Asian,Male,Yes,99,S19,Moderate_Noise,1
P054,43,Asian,Male,Yes,100,S24,Heavy_Noise,1
P054,43,Asian,Male,Yes,101,S29,Heavy_Noise,0
P054,43,Asian,Male,Yes,102,S25,Moderate_Noise,1
P054,43,Asian,Male,Yes,103,S23,Quiet,0
P054,43,Asian,Male,Yes,104,S31,Heavy_Noise,1
P054,43,Asian,Male,Yes,105,S29,Moderate_Noise,0
P054,43,Asian,Male,Yes,106,S16,Moderate_Noise,1
P054,43,Asian,Male,Yes,107,S05,Moderate_Noise,1
P054,43,Asian,Male,Yes,108,S28,Heavy_Noise,1
P055,50,Black or African American,Female,Yes,1,S14,Heavy_Noise,0
P055,50,Black or African American,Female,Yes,2,S16,Heavy_Noise,0
P055,50,Black or African American,Female,Yes,3,S29,Quiet,0
P055,50,Black or African American,Female,Yes,4,S04,Moderate_Noise,1
P055,50,Black or African American,Female,Yes,5,S29,Moderate_Noise,0
P055,50,Black or African American,Female,Yes,6,S01,Quiet,1
P055,50,Black or African American,Female,Yes,7,S04,Quiet,1
P055,50,Black or African American,Female,Yes,8,S12,Moderate_Noise,0
P055,50,Black or African American,Female,Yes,9,S33,Quiet,1
P055,50,Black or African American,Female,Yes,10,S09,Moderate_Noise,1
P055,50,Black or African American,Female,Yes,11,S24,Moderate_Noise,1
P055,50,Black or African American,Female,Yes,12,S30,Heavy_Noise,1
P055,50,Black or African American,Female,Yes,13,S17,Quiet,1
P055,50,Black or African American,Female,Yes,14,S24,Quiet,1
P055,50,Black or African American,Female,Yes,15,S20,Moderate_Noise,0
P055,50,Black or African American,Female,Yes,16,S15,Heavy_Noise,1
P055,50,Black or African American,Female,Yes,17,S29,Heavy_Noise,0
P055,50,Black or African American,Female,Yes,18,S36,Quiet,1
P055,50,Black or African American,Female,Yes,19,S19,Quiet,1
P055,50,Black or African American,Female,Yes,20,S06,Moderate_Noise,0
P055,50,Black or African American,Female,Yes,21,S35,Moderate_Noise,1
P055,50,Black or African American,Female,Yes,22,S13,Moderate_Noise,1
P055,50,Black or African American,Female,Yes,23,S26,Quiet,1
P055,50,Black or African American,Female,Yes,24,S28,Quiet,1
P055,50,Black or African American,Female,Yes,25,S36,Heavy_Noise,1
P055,50,Black or African American,Female,Yes,26,S23,Quiet,1
P055,50,Black or African American,Female,Yes,27,S21,Moderate_Noise,0
P055,50,Black or African American,Female,Yes,28,S25,Quiet,1
P055,50,Black or African American,Female,Yes,29,S07,Moderate_Noise,1
P055,50,Black or African American,Female,Yes,30,S26,Moderate_Noise,1
P055,50,Black or African American,Female,Yes,31,S32,Quiet,1
P055,50,Black or African American,Female,Yes,32,S05,Moderate_Noise,0
P055,50,Black or African American,Female,Yes,33,S35,Heavy_Noise,0
P055,50,Black or African American,Female,Yes,34,S02,Quiet,1
P055,50,Black or African American,Female,Yes,35,S16,Moderate_Noise,0
P055,50,Black or African American,Female,Yes,36,S16,Quiet,1
P055,50,Black or African American,Female,Yes,37,S33,Moderate_Noise,1
P055,50,Black or African American,Female,Yes,38,S32,Moderate_Noise,1
P055,50,Black or African American,Female,Yes,39,S31,Heavy_Noise,1
P055,50,Black or African American,Female,Yes,40,S25,Moderate_Noise,1
P055,50,Black or African American,Female,Yes,41,S19,Moderate_Noise,1
P055,50,Black or African American,Female,Yes,42,S24,Heavy_Noise,1
P055,50,Black or African American,Female,Yes,43,S30,Moderate_Noise,1
P055,50,Black or African American,Female,Yes,44,S10,Quiet,1
P055,50,Black or African American,Female,Yes,45,S03,Quiet,1
P055,50,Black or African American,Female,Yes,46,S35,Quiet,1
P055,50,Black or African American,Female,Yes,47,S19,Heavy_Noise,1
P055,50,Black or African American,Female,Yes,48,S18,Heavy_Noise,1
P055,50,Black or African American,Female,Yes,49,S15,Moderate_Noise,1
P055,50,Black or African American,Female,Yes,50,S23,Heavy_Noise,0
P055,50,Black or African American,Female,Yes,51,S08,Heavy_Noise,0
P055,50,Black or African American,Female,Yes,52,S07,Heavy_Noise,1
P055,50,Black or African American,Female,Yes,53,S10,Moderate_Noise,1
P055,50,Black or African American,Female,Yes,54,S34,Heavy_Noise,1
P055,50,Black or African American,Female,Yes,55,S28,Heavy_Noise,1
P055,50,Black or African American,Female,Yes,56,S02,Moderate_Noise,1
P055,50,Black or African American,Female,Yes,57,S09,Quiet,1
P055,50,Black or African American,Female,Yes,58,S31,Moderate_Noise,1
P055,50,Black or African American,Female,Yes,59,S14,Quiet,0
P055,50,Black or African American,Female,Yes,60,S18,Quiet,1
P055,50,Black or African American,Female,Yes,61,S30,Quiet,1
P055,50,Black or African American,Female,Yes,62,S27,Heavy_Noise,1
P055,50,Black or African American,Female,Yes,63,S12,Heavy_Noise,0
P055,50,Black or African American,Female,Yes,64,S05,Heavy_Noise,1
P055,50,Black or African American,Female,Yes,65,S04,Heavy_Noise,1
P055,50,Black or African American,Female,Yes,66,S11,Quiet,0
P055,50,Black or African American,Female,Yes,67,S31,Quiet,1
P055,50,Black or African American,Female,Yes,68,S33,Heavy_Noise,1
P055,50,Black or African American,Female,Yes,69,S34,Quiet,1
P055,50,Black or African American,Female,Yes,70,S02,Heavy_Noise,1
P055,50,Black or African American,Female,Yes,71,S26,Heavy_Noise,0
P055,50,Black or African American,Female,Yes,72,S03,Heavy_Noise,1
P055,50,Black or African American,Female,Yes,73,S21,Quiet,1
P055,50,Black or African American,Female,Yes,74,S20,Heavy_Noise,1
P055,50,Black or African American,Female,Yes,75,S32,Heavy_Noise,1
P055,50,Black or African American,Female,Yes,76,S13,Heavy_Noise,0
P055,50,Black or African American,Female,Yes,77,S06,Heavy_Noise,0
P055,50,Black or African American,Female,Yes,78,S18,Moderate_Noise,1
P055,50,Black or African American,Female,Yes,79,S27,Moderate_Noise,1
P055,50,Black or African American,Female,Yes,80,S08,Quiet,0
P055,50,Black or African American,Female,Yes,81,S01,Heavy_Noise,1
P055,50,Black or African American,Female,Yes,82,S12,Quiet,1
P055,50,Black or African American,Female,Yes,83,S05,Quiet,1
P055,50,Black or African American,Female,Yes,84,S10,Heavy_Noise,1
P055,50,Black or African American,Female,Yes,85,S17,Heavy_Noise,1
P055,50,Black or African American,Female,Yes,86,S34,Moderate_Noise,1
P055,50,Black or African American,Female,Yes,87,S17,Moderate_Noise,1
P055,50,Black or African American,Female,Yes,88,S01,Moderate_Noise,0
P055,50,Black or African American,Female,Yes,89,S07,Quiet,1
P055,50,Black or African American,Female,Yes,90,S36,Moderate_Noise,1
P055,50,Black or African American,Female,Yes,91,S28,Moderate_Noise,1
P055,50,Black or African American,Female,Yes,92,S11,Heavy_Noise,0
P055,50,Black or African American,Female,Yes,93,S14,Moderate_Noise,1
P055,50,Black or African American,Female,Yes,94,S22,Moderate_Noise,1
P055,50,Black or African American,Female,Yes,95,S06,Quiet,1
P055,50,Black or African American,Female,Yes,96,S25,Heavy_Noise,1
P055,50,Black or African American,Female,Yes,97,S22,Heavy_Noise,1
P055,50,Black or African American,Female,Yes,98,S20,Quiet,1
P055,50,Black or African American,Female,Yes,99,S13,Quiet,1
P055,50,Black or African American,Female,Yes,100,S09,Heavy_Noise,1
P055,50,Black or African American,Female,Yes,101,S23,Moderate_Noise,0
P055,50,Black or African American,Female,Yes,102,S22,Quiet,0
P055,50,Black or African American,Female,Yes,103,S08,Moderate_Noise,1
P055,50,Black or African American,Female,Yes,104,S27,Quiet,1
P055,50,Black or African American,Female,Yes,105,S21,Heavy_Noise,1
P055,50,Black or African American,Female,Yes,106,S11,Moderate_Noise,1
P055,50,Black or African American,Female,Yes,107,S03,Moderate_Noise,1
P055,50,Black or African American,Female,Yes,108,S15,Quiet,1
P056,21,White,Female,Yes,1,S02,Moderate_Noise,1
P056,21,White,Female,Yes,2,S19,Moderate_Noise,1
P056,21,White,Female,Yes,3,S35,Quiet,1
P056,21,White,Female,Yes,4,S03,Moderate_Noise,0
P056,21,White,Female,Yes,5,S20,Heavy_Noise,1
P056,21,White,Female,Yes,6,S17,Quiet,0
P056,21,White,Female,Yes,7,S29,Heavy_Noise,1
P056,21,White,Female,Yes,8,S08,Heavy_Noise,1
P056,21,White,Female,Yes,9,S03,Heavy_Noise,1
P056,21,White,Female,Yes,10,S21,Heavy_Noise,0
P056,21,White,Female,Yes,11,S29,Quiet,1
P056,21,White,Female,Yes,12,S24,Heavy_Noise,1
P056,21,White,Female,Yes,13,S07,Moderate_Noise,0
P056,21,White,Female,Yes,14,S28,Heavy_Noise,1
P056,21,White,Female,Yes,15,S20,Moderate_Noise,1
P056,21,White,Female,Yes,16,S33,Quiet,1
P056,21,White,Female,Yes,17,S09,Quiet,1
P056,21,White,Female,Yes,18,S27,Heavy_Noise,1
P056,21,White,Female,Yes,19,S14,Quiet,1
P056,21,White,Female,Yes,20,S23,Quiet,1
P056,21,White,Female,Yes,21,S11,Heavy_Noise,1
P056,21,White,Female,Yes,22,S31,Quiet,1
P056,21,White,Female,Yes,23,S06,Moderate_Noise,0
P056,21,White,Female,Yes,24,S15,Quiet,1
P056,21,White,Female,Yes,25,S19,Heavy_Noise,1
P056,21,White,Female,Yes,26,S30,Heavy_Noise,1
P056,21,White,Female,Yes,27,S04,Heavy_Noise,1
P056,21,White,Female,Yes,28,S22,Heavy_Noise,1
P056,21,White,Female,Yes,29,S18,Moderate_Noise,1
P056,21,White,Female,Yes,30,S12,Moderate_Noise,1
P056,21,White,Female,Yes,31,S12,Quiet,1
P056,21,White,Female,Yes,32,S16,Moderate_Noise,1
P056,21,White,Female,Yes,33,S34,Moderate_Noise,1
P056,21,White,Female,Yes,34,S21,Quiet,0
P056,21,White,Female,Yes,35,S08,Moderate_Noise,1
P056,21,White,Female,Yes,36,S35,Heavy_Noise,0
P056,21,White,Female,Yes,37,S33,Heavy_Noise,1
P056,21,White,Female,Yes,38,S07,Heavy_Noise,1
P056,21,White,Female,Yes,39,S13,Moderate_Noise,1
P056,21,White,Female,Yes,40,S02,Heavy_Noise,1
P056,21,White,Female,Yes,41,S17,Moderate_Noise,1
P056,21,White,Female,Yes,42,S11,Quiet,1
P056,21,White,Female,Yes,43,S36,Moderate_Noise,1
P056,21,White,Female,Yes,44,S23,Heavy_Noise,1
P056,21,White,Female,Yes,45,S22,Moderate_Noise,1
P056,21,White,Female,Yes,46,S19,Quiet,1
P056,21,White,Female,Yes,47,S13,Quiet,1
P056,21,White,Female,Yes,48,S05,Moderate_Noise,1
P056,21,White,Female,Yes,49,S17,Heavy_Noise,0
P056,21,White,Female,Yes,50,S04,Quiet,1
P056,21,White,Female,Yes,51,S32,Heavy_Noise,1
P056,21,White,Female,Yes,52,S07,Quiet,1
P056,21,White,Female,Yes,53,S05,Heavy_Noise,0
P056,21,White,Female,Yes,54,S23,Moderate_Noise,1
P056,21,White,Female,Yes,55,S09,Moderate_Noise,1
P056,21,White,Female,Yes,56,S14,Moderate_Noise,1
P056,21,White,Female,Yes,57,S21,Moderate_Noise,1
P056,21,White,Female,Yes,58,S28,Moderate_Noise,0
P056,21,White,Female,Yes,59,S05,Quiet,1
P056,21,White,Female,Yes,60,S30,Moderate_Noise,1
P056,21,White,Female,Yes,61,S27,Moderate_Noise,1
P056,21,White,Female,Yes,62,S12,Heavy_Noise,1
P056,21,White,Female,Yes,63,S16,Heavy_Noise,1
P056,21,White,Female,Yes,64,S35,Moderate_Noise,0
P056,21,White,Female,Yes,65,S06,Quiet,0
P056,21,White,Female,Yes,66,S31,Heavy_Noise,1
P056,21,White,Female,Yes,67,S26,Moderate_Noise,1
P056,21,White,Female,Yes,68,S27,Quiet,1
P056,21,White,Female,Yes,69,S16,Quiet,1
P056,21,White,Female,Yes,70,S22,Quiet,1
P056,21,White,Female,Yes,71,S01,Moderate_Noise,1
P056,21,White,Female,Yes,72,S10,Heavy_Noise,1
P056,21,White,Female,Yes,73,S02,Quiet,1
P056,21,White,Female,Yes,74,S34,Quiet,1
P056,21,White,Female,Yes,75,S28,Quiet,1
P056,21,White,Female,Yes,76,S32,Moderate_Noise,1
P056,21,White,Female,Yes,77,S34,Heavy_Noise,1
P056,21,White,Female,Yes,78,S11,Moderate_Noise,0
P056,21,White,Female,Yes,79,S30,Quiet,1
P056,21,White,Female,Yes,80,S18,Quiet,1
P056,21,White,Female,Yes,81,S01,Heavy_Noise,1
P056,21,White,Female,Yes,82,S09,Heavy_Noise,1
P056,21,White,Female,Yes,83,S10,Quiet,0
P056,21,White,Female,Yes,84,S04,Moderate_Noise,1
P056,21,White,Female,Yes,85,S01,Quiet,1
P056,21,White,Female,Yes,86,S08,Quiet,1
P056,21,White,Female,Yes,87,S24,Quiet,1
P056,21,White,Female,Yes,88,S14,Heavy_Noise,1
P056,21,White,Female,Yes,89,S25,Moderate_Noise,1
P056,21,White,Female,Yes,90,S24,Moderate_Noise,1
P056,21,White,Female,Yes,91,S26,Quiet,1
P056,21,White,Female,Yes,92,S20,Quiet,1
P056,21,White,Female,Yes,93,S32,Quiet,1
P056,21,White,Female,Yes,94,S15,Heavy_Noise,0
P056,21,White,Female,Yes,95,S03,Quiet,1
P056,21,White,Female,Yes,96,S15,Moderate_Noise,1
P056,21,White,Female,Yes,97,S36,Quiet,1
P056,21,White,Female,Yes,98,S26,Heavy_Noise,1
P056,21,White,Female,Yes,99,S25,Heavy_Noise,0
P056,21,White,Female,Yes,100,S06,Heavy_Noise,0
P056,21,White,Female,Yes,101,S25,Quiet,1
P056,21,White,Female,Yes,102,S31,Moderate_Noise,1
P056,21,White,Female,Yes,103,S18,Heavy_Noise,0
P056,21,White,Female,Yes,104,S29,Moderate_Noise,1
P056,21,White,Female,Yes,105,S10,Moderate_Noise,1
P056,21,White,Female,Yes,106,S33,Moderate_Noise,0
P056,21,White,Female,Yes,107,S36,Heavy_Noise,1
P056,21,White,Female,Yes,108,S13,Heavy_Noise,1
P057,46,White,Female,No,1,S03,Heavy_Noise,0
P057,46,White,Female,No,2,S36,Heavy_Noise,1
P057,46,White,Female,No,3,S11,Quiet,0
P057,46,White,Female,No,4,S12,Moderate_Noise,1
P057,46,White,Female,No,5,S22,Moderate_Noise,0
P057,46,White,Female,No,6,S35,Moderate_Noise,0
P057,46,White,Female,No,7,S10,Heavy_Noise,1
P057,46,White,Female,No,8,S24,Quiet,1
P057,46,White,Female,No,9,S02,Heavy_Noise,0
P057,46,White,Female,No,10,S15,Quiet,1
P057,46,White,Female,No,11,S05,Heavy_Noise,0
P057,46,White,Female,No,12,S07,Quiet,1
P057,46,White,Female,No,13,S01,Heavy_Noise,1
P057,46,White,Female,No,14,S26,Moderate_Noise,1
P057,46,White,Female,No,15,S01,Moderate_Noise,1
P057,46,White,Female,No,16,S31,Moderate_Noise,1
P057,46,White,Female,No,17,S04,Quiet,0
P057,46,White,Female,No,18,S27,Heavy_Noise,0
P057,46,White,Female,No,19,S31,Quiet,1
P057,46,White,Female,No,20,S14,Quiet,0
P057,46,White,Female,No,21,S04,Moderate_Noise,0
P057,46,White,Female,No,22,S16,Moderate_Noise,0
P057,46,White,Female,No,23,S15,Heavy_Noise,0
P057,46,White,Female,No,24,S21,Quiet,1
P057,46,White,Female,No,25,S19,Heavy_Noise,1
P057,46,White,Female,No,26,S33,Quiet,1
P057,46,White,Female,No,27,S17,Moderate_Noise,0
P057,46,White,Female,No,28,S23,Heavy_Noise,0
P057,46,White,Female,No,29,S05,Quiet,1
P057,46,White,Female,No,30,S35,Heavy_Noise,1
P057,46,White,Female,No,31,S12,Quiet,1
P057,46,White,Female,No,32,S22,Heavy_Noise,0
P057,46,White,Female,No,33,S09,Quiet,1
P057,46,White,Female,No,34,S13,Moderate_Noise,1
P057,46,White,Female,No,35,S19,Quiet,1
P057,46,White,Female,No,36,S26,Quiet,1
P057,46,White,Female,No,37,S30,Quiet,1
P057,46,White,Female,No,38,S33,Moderate_Noise,1
P057,46,White,Female,No,39,S17,Quiet,0
P057,46,White,Female,No,40,S08,Quiet,0
P057,46,White,Female,No,41,S28,Heavy_Noise,0
P057,46,White,Female,No,42,S28,Quiet,1
P057,46,White,Female,No,43,S25,Heavy_Noise,0
P057,46,White,Female,No,44,S24,Moderate_Noise,1
P057,46,White,Female,No,45,S13,Heavy_Noise,0
P057,46,White,Female,No,46,S25,Quiet,1
P057,46,White,Female,No,47,S08,Heavy_Noise,0
P057,46,White,Female,No,48,S08,Moderate_Noise,0
P057,46,White,Female,No,49,S14,Moderate_Noise,1
P057,46,White,Female,No,50,S06,Quiet,1
P057,46,White,Female,No,51,S07,Heavy_Noise,0
P057,46,White,Female,No,52,S18,Heavy_Noise,1
P057,46,White,Female,No,53,S24,Heavy_Noise,0
P057,46,White,Female,No,54,S14,Heavy_Noise,1
P057,46,White,Female,No,55,S02,Quiet,1
P057,46,White,Female,No,56,S07,Moderate_Noise,1
P057,46,White,Female,No,57,S32,Moderate_Noise,0
P057,46,White,Female,No,58,S06,Moderate_Noise,0
P057,46,White,Female,No,59,S16,Quiet,1
P057,46,White,Female,No,60,S25,Moderate_Noise,1
P057,46,White,Female,No,61,S29,Quiet,1
P057,46,White,Female,No,62,S30,Moderate_Noise,1
P057,46,White,Female,No,63,S09,Heavy_Noise,0
P057,46,White,Female,No,64,S13,Quiet,1
P057,46,White,Female,No,65,S20,Heavy_Noise,0
P057,46,White,Female,No,66,S11,Heavy_Noise,0
P057,46,White,Female,No,67,S23,Quiet,0
P057,46,White,Female,No,68,S34,Moderate_Noise,1
P057,46,White,Female,No,69,S34,Heavy_Noise,1
P057,46,White,Female,No,70,S29,Heavy_Noise,1
P057,46,White,Female,No,71,S32,Quiet,1
P057,46,White,Female,No,72,S28,Moderate_Noise,1
P057,46,White,Female,No,73,S22,Quiet,1
P057,46,White,Female,No,74,S27,Quiet,1
P057,46,White,Female,No,75,S04,Heavy_Noise,0
P057,46,White,Female,No,76,S27,Moderate_Noise,1
P057,46,White,Female,No,77,S32,Heavy_Noise,0
P057,46,White,Female,No,78,S11,Moderate_Noise,0
P057,46,White,Female,No,79,S31,Heavy_Noise,1
P057,46,White,Female,No,80,S16,Heavy_Noise,0
P057,46,White,Female,No,81,S36,Moderate_Noise,1
P057,46,White,Female,No,82,S02,Moderate_Noise,0
P057,46,White,Female,No,83,S33,Heavy_Noise,0
P057,46,White,Female,No,84,S20,Moderate_Noise,0
P057,46,White,Female,No,85,S09,Moderate_Noise,1
P057,46,White,Female,No,86,S36,Quiet,1
P057,46,White,Female,No,87,S05,Moderate_Noise,1
P057,46,White,Female,No,88,S18,Quiet,0
P057,46,White,Female,No,89,S15,Moderate_Noise,1
P057,46,White,Female,No,90,S19,Moderate_Noise,1
P057,46,White,Female,No,91,S21,Moderate_Noise,1
P057,46,White,Female,No,92,S20,Quiet,1
P057,46,White,Female,No,93,S10,Quiet,1
P057,46,White,Female,No,94,S03,Quiet,1
P057,46,White,Female,No,95,S06,Heavy_Noise,0
P057,46,White,Female,No,96,S21,Heavy_Noise,1
P057,46,White,Female,No,97,S29,Moderate_Noise,1
P057,46,White,Female,No,98,S34,Quiet,1
P057,46,White,Female,No,99,S12,Heavy_Noise,0
P057,46,White,Female,No,100,S35,Quiet,0
P057,46,White,Female,No,101,S17,Heavy_Noise,0
P057,46,White,Female,No,102,S30,Heavy_Noise,1
P057,46,White,Female,No,103,S18,Moderate_Noise,0
P057,46,White,Female,No,104,S03,Moderate_Noise,0
P057,46,White,Female,No,105,S10,Moderate_Noise,1
P057,46,White,Female,No,106,S01,Quiet,1
P057,46,White,Female,No,107,S26,Heavy_Noise,0
P057,46,White,Female,No,108,S23,Moderate_Noise,1
P058,46,White,Male,No,1,S19,Moderate_Noise,1
P058,46,White,Male,No,2,S05,Moderate_Noise,0
P058,46,White,Male,No,3,S25,Quiet,1
P058,46,White,Male,No,4,S18,Quiet,1
P058,46,White,Male,No,5,S36,Quiet,1
P058,46,White,Male,No,6,S15,Moderate_Noise,0
P058,46,White,Male,No,7,S22,Quiet,1
P058,46,White,Male,No,8,S16,Moderate_Noise,0
P058,46,White,Male,No,9,S14,Moderate_Noise,0
P058,46,White,Male,No,10,S21,Quiet,0
P058,46,White,Male,No,11,S27,Heavy_Noise,0
P058,46,White,Male,No,12,S18,Heavy_Noise,0
P058,46,White,Male,No,13,S12,Moderate_Noise,1
P058,46,White,Male,No,14,S10,Quiet,0
P058,46,White,Male,No,15,S09,Heavy_Noise,0
P058,46,White,Male,No,16,S29,Quiet,0
P058,46,White,Male,No,17,S11,Moderate_Noise,1
P058,46,White,Male,No,18,S08,Quiet,1
P058,46,White,Male,No,19,S22,Heavy_Noise,0
P058,46,White,Male,No,20,S36,Moderate_Noise,1
P058,46,White,Male,No,21,S13,Heavy_Noise,0
P058,46,White,Male,No,22,S28,Moderate_Noise,0
P058,46,White,Male,No,23,S25,Heavy_Noise,0
P058,46,White,Male,No,24,S30,Heavy_Noise,0
P058,46,White,Male,No,25,S20,Heavy_Noise,0
P058,46,White,Male,No,26,S01,Moderate_Noise,1
P058,46,White,Male,No,27,S08,Moderate_Noise,0
P058,46,White,Male,No,28,S35,Quiet,0
P058,46,White,Male,No,29,S30,Moderate_Noise,0
P058,46,White,Male,No,30,S26,Heavy_Noise,0
P058,46,White,Male,No,31,S04,Moderate_Noise,1
P058,46,White,Male,No,32,S23,Moderate_Noise,0
P058,46,White,Male,No,33,S09,Moderate_Noise,0
P058,46,White,Male,No,34,S05,Quiet,1
P058,46,White,Male,No,35,S34,Moderate_Noise,1
P058,46,White,Male,No,36,S17,Quiet,0
P058,46,White,Male,No,37,S06,Heavy_Noise,0
P058,46,White,Male,No,38,S31,Heavy_Noise,1
P058,46,White,Male,No,39,S32,Heavy_Noise,1
P058,46,White,Male,No,40,S26,Quiet,1
P058,46,White,Male,No,41,S05,Heavy_Noise,0
P058,46,White,Male,No,42,S14,Heavy_Noise,0
P058,46,White,Male,No,43,S15,Quiet,1
P058,46,White,Male,No,44,S10,Heavy_Noise,0
P058,46,White,Male,No,45,S33,Quiet,1
P058,46,White,Male,No,46,S07,Moderate_Noise,1
P058,46,White,Male,No,47,S12,Quiet,1
P058,46,White,Male,No,48,S02,Quiet,0
P058,46,White,Male,No,49,S13,Moderate_Noise,0
P058,46,White,Male,No,50,S06,Quiet,0
P058,46,White,Male,No,51,S01,Heavy_Noise,0
P058,46,White,Male,No,52,S11,Quiet,1
P058,46,White,Male,No,53,S31,Quiet,1
P058,46,White,Male,No,54,S25,Moderate_Noise,1
P058,46,White,Male,No,55,S26,Moderate_Noise,1
P058,46,White,Male,No,56,S08,Heavy_Noise,0
P058,46,White,Male,No,57,S03,Quiet,1
P058,46,White,Male,No,58,S13,Quiet,1
P058,46,White,Male,No,59,S20,Moderate_Noise,0
P058,46,White,Male,No,60,S29,Heavy_Noise,0
P058,46,White,Male,No,61,S14,Quiet,0
P058,46,White,Male,No,62,S21,Moderate_Noise,0
P058,46,White,Male,No,63,S33,Moderate_Noise,0
P058,46,White,Male,No,64,S03,Moderate_Noise,1
P058,46,White,Male,No,65,S11,Heavy_Noise,0
P058,46,White,Male,No,66,S19,Quiet,0
P058,46,White,Male,No,67,S07,Heavy_Noise,0
P058,46,White,Male,No,68,S30,Quiet,1
P058,46,White,Male,No,69,S34,Quiet,1
P058,46,White,Male,No,70,S22,Moderate_Noise,1
P058,46,White,Male,No,71,S24,Moderate_Noise,0
P058,46,White,Male,No,72,S15,Heavy_Noise,0
P058,46,White,Male,No,73,S21,Heavy_Noise,0
P058,46,White,Male,No,74,S04,Quiet,1
P058,46,White,Male,No,75,S28,Quiet,0
P058,46,White,Male,No,76,S31,Moderate_Noise,1
P058,46,White,Male,No,77,S18,Moderate_Noise,0
P058,46,White,Male,No,78,S07,Quiet,0
P058,46,White,Male,No,79,S01,Quiet,1
P058,46,White,Male,No,80,S27,Quiet,0
P058,46,White,Male,No,81,S12,Heavy_Noise,0
P058,46,White,Male,No,82,S02,Moderate_Noise,0
P058,46,White,Male,No,83,S34,Heavy_Noise,0
P058,46,White,Male,No,84,S23,Quiet,0
P058,46,White,Male,No,85,S17,Heavy_Noise,0
P058,46,White,Male,No,86,S20,Quiet,1
P058,46,White,Male,No,87,S32,Moderate_Noise,1
P058,46,White,Male,No,88,S35,Moderate_Noise,0
P058,46,White,Male,No,89,S19,Heavy_Noise,0
P058,46,White,Male,No,90,S16,Heavy_Noise,0
P058,46,White,Male,No,91,S16,Quiet,1
P058,46,White,Male,No,92,S06,Moderate_Noise,1
P058,46,White,Male,No,93,S10,Moderate_Noise,0
P058,46,White,Male,No,94,S24,Heavy_Noise,0
P058,46,White,Male,No,95,S24,Quiet,1
P058,46,White,Male,No,96,S29,Moderate_Noise,0
P058,46,White,Male,No,97,S04,Heavy_Noise,1
P058,46,White,Male,No,98,S09,Quiet,0
P058,46,White,Male,No,99,S28,Heavy_Noise,0
P058,46,White,Male,No,100,S36,Heavy_Noise,0
P058,46,White,Male,No,101,S27,Moderate_Noise,0
P058,46,White,Male,No,102,S33,Heavy_Noise,0
P058,46,White,Male,No,103,S03,Heavy_Noise,0
P058,46,White,Male,No,104,S23,Heavy_Noise,0
P058,46,White,Male,No,105,S02,Heavy_Noise,0
P058,46,White,Male,No,106,S17,Moderate_Noise,1
P058,46,White,Male,No,107,S32,Quiet,1
P058,46,White,Male,No,108,S35,Heavy_Noise,0
P059,18,Black or African American,Female,Yes,1,S05,Moderate_Noise,1
P059,18,Black or African American,Female,Yes,2,S36,Heavy_Noise,1
P059,18,Black or African American,Female,Yes,3,S13,Moderate_Noise,1
P059,18,Black or African American,Female,Yes,4,S26,Moderate_Noise,1
P059,18,Black or African American,Female,Yes,5,S15,Quiet,1
P059,18,Black or African American,Female,Yes,6,S15,Heavy_Noise,1
P059,18,Black or African American,Female,Yes,7,S10,Heavy_Noise,1
P059,18,Black or African American,Female,Yes,8,S32,Heavy_Noise,1
P059,18,Black or African American,Female,Yes,9,S18,Quiet,1
P059,18,Black or African American,Female,Yes,10,S01,Quiet,1
P059,18,Black or African American,Female,Yes,11,S18,Moderate_Noise,0
P059,18,Black or African American,Female,Yes,12,S29,Moderate_Noise,0
P059,18,Black or African American,Female,Yes,13,S29,Heavy_Noise,0
P059,18,Black or African American,Female,Yes,14,S24,Heavy_Noise,1
P059,18,Black or African American,Female,Yes,15,S06,Quiet,1
P059,18,Black or African American,Female,Yes,16,S22,Quiet,1
P059,18,Black or African American,Female,Yes,17,S21,Moderate_Noise,1
P059,18,Black or African American,Female,Yes,18,S23,Quiet,1
P059,18,Black or African American,Female,Yes,19,S03,Quiet,1
P059,18,Black or African American,Female,Yes,20,S08,Quiet,0
P059,18,Black or African American,Female,Yes,21,S30,Moderate_Noise,1
P059,18,Black or African American,Female,Yes,22,S14,Quiet,1
P059,18,Black or African American,Female,Yes,23,S09,Moderate_Noise,1
P059,18,Black or African American,Female,Yes,24,S12,Heavy_Noise,1
P059,18,Black or African American,Female,Yes,25,S20,Moderate_Noise,1
P059,18,Black or African American,Female,Yes,26,S07,Quiet,1
P059,18,Black or African American,Female,Yes,27,S06,Heavy_Noise,1
P059,18,Black or African American,Female,Yes,28,S05,Quiet,1
P059,18,Black or African American,Female,Yes,29,S12,Quiet,1
P059,18,Black or African American,Female,Yes,30,S12,Moderate_Noise,1
P059,18,Black or African American,Female,Yes,31,S23,Heavy_Noise,1
P059,18,Black or African American,Female,Yes,32,S19,Moderate_Noise,1
P059,18,Black or African American,Female,Yes,33,S34,Moderate_Noise,1
P059,18,Black or African American,Female,Yes,34,S18,Heavy_Noise,0
P059,18,Black or African American,Female,Yes,35,S25,Heavy_Noise,1
P059,18,Black or African American,Female,Yes,36,S34,Quiet,1
P059,18,Black or African American,Female,Yes,37,S27,Quiet,1
P059,18,Black or African American,Female,Yes,38,S06,Moderate_Noise,1
P059,18,Black or African American,Female,Yes,39,S17,Moderate_Noise,1
P059,18,Black or African American,Female,Yes,40,S04,Quiet,1
P059,18,Black or African American,Female,Yes,41,S35,Moderate_Noise,1
P059,18,Black or African American,Female,Yes,42,S36,Moderate_Noise,1
P059,18,Black or African American,Female,Yes,43,S31,Moderate_Noise,1
P059,18,Black or African American,Female,Yes,44,S17,Quiet,0
P059,18,Black or African American,Female,Yes,45,S25,Moderate_Noise,1
P059,18,Black or African American,Female,Yes,46,S13,Quiet,1
P059,18,Black or African American,Female,Yes,47,S11,Heavy_Noise,1
P059,18,Black or African American,Female,Yes,48,S36,Quiet,1
P059,18,Black or African American,Female,Yes,49,S23,Moderate_Noise,0
P059,18,Black or African American,Female,Yes,50,S16,Moderate_Noise,1
P059,18,Black or African American,Female,Yes,51,S13,Heavy_Noise,1
P059,18,Black or African American,Female,Yes,52,S28,Heavy_Noise,1
P059,18,Black or African American,Female,Yes,53,S28,Moderate_Noise,0
P059,18,Black or African American,Female,Yes,54,S20,Heavy_Noise,0
P059,18,Black or African American,Female,Yes,55,S26,Quiet,1
P059,18,Black or African American,Female,Yes,56,S05,Heavy_Noise,1
P059,18,Black or African American,Female,Yes,57,S26,Heavy_Noise,1
P059,18,Black or African American,Female,Yes,58,S04,Heavy_Noise,1
P059,18,Black or African American,Female,Yes,59,S21,Heavy_Noise,1
P059,18,Black or African American,Female,Yes,60,S09,Quiet,1
P059,18,Black or African American,Female,Yes,61,S22,Moderate_Noise,1
P059,18,Black or African American,Female,Yes,62,S14,Heavy_Noise,1
P059,18,Black or African American,Female,Yes,63,S32,Quiet,1
P059,18,Black or African American,Female,Yes,64,S25,Quiet,1
P059,18,Black or African American,Female,Yes,65,S16,Quiet,1
P059,18,Black or African American,Female,Yes,66,S27,Moderate_Noise,0
P059,18,Black or African American,Female,Yes,67,S22,Heavy_Noise,0
P059,18,Black or African American,Female,Yes,68,S30,Quiet,1
P059,18,Black or African American,Female,Yes,69,S20,Quiet,1
P059,18,Black or African American,Female,Yes,70,S31,Heavy_Noise,1
P059,18,Black or African American,Female,Yes,71,S14,Moderate_Noise,1
P059,18,Black or African American,Female,Yes,72,S09,Heavy_Noise,1
P059,18,Black or African American,Female,Yes,73,S33,Moderate_Noise,1
P059,18,Black or African American,Female,Yes,74,S07,Moderate_Noise,1
P059,18,Black or African American,Female,Yes,75,S33,Heavy_Noise,0
P059,18,Black or African American,Female,Yes,76,S24,Moderate_Noise,1
P059,18,Black or African American,Female,Yes,77,S35,Quiet,1
P059,18,Black or African American,Female,Yes,78,S27,Heavy_Noise,1
P059,18,Black or African American,Female,Yes,79,S21,Quiet,1
P059,18,Black or African American,Female,Yes,80,S02,Quiet,1
P059,18,Black or African American,Female,Yes,81,S33,Quiet,0
P059,18,Black or African American,Female,Yes,82,S24,Quiet,1
P059,18,Black or African American,Female,Yes,83,S03,Heavy_Noise,1
P059,18,Black or African American,Female,Yes,84,S03,Moderate_Noise,1
P059,18,Black or African American,Female,Yes,85,S10,Quiet,1
P059,18,Black or African American,Female,Yes,86,S11,Moderate_Noise,1
P059,18,Black or African American,Female,Yes,87,S31,Quiet,1
P059,18,Black or African American,Female,Yes,88,S02,Heavy_Noise,1
P059,18,Black or African American,Female,Yes,89,S30,Heavy_Noise,0
P059,18,Black or African American,Female,Yes,90,S17,Heavy_Noise,0
P059,18,Black or African American,Female,Yes,91,S08,Moderate_Noise,1
P059,18,Black or African American,Female,Yes,92,S29,Quiet,0
P059,18,Black or African American,Female,Yes,93,S10,Moderate_Noise,1
P059,18,Black or African American,Female,Yes,94,S01,Heavy_Noise,1
P059,18,Black or African American,Female,Yes,95,S02,Moderate_Noise,0
P059,18,Black or African American,Female,Yes,96,S08,Heavy_Noise,0
P059,18,Black or African American,Female,Yes,97,S16,Heavy_Noise,0
P059,18,Black or African American,Female,Yes,98,S07,Heavy_Noise,1
P059,18,Black or African American,Female,Yes,99,S35,Heavy_Noise,1
P059,18,Black or African American,Female,Yes,100,S01,Moderate_Noise,1
P059,18,Black or African American,Female,Yes,101,S19,Heavy_Noise,1
P059,18,Black or African American,Female,Yes,102,S04,Moderate_Noise,1
P059,18,Black or African American,Female,Yes,103,S15,Moderate_Noise,1
P059,18,Black or African American,Female,Yes,104,S19,Quiet,1
P059,18,Black or African American,Female,Yes,105,S28,Quiet,1
P059,18,Black or African American,Female,Yes,106,S11,Quiet,1
P059,18,Black or African American,Female,Yes,107,S34,Heavy_Noise,1
P059,18,Black or African American,Female,Yes,108,S32,Moderate_Noise,1
P060,43,White,Male,No,1,S12,Moderate_Noise,1
P060,43,White,Male,No,2,S26,Moderate_Noise,1
P060,43,White,Male,No,3,S23,Quiet,1
P060,43,White,Male,No,4,S19,Quiet,1
P060,43,White,Male,No,5,S16,Moderate_Noise,1
P060,43,White,Male,No,6,S30,Moderate_Noise,0
P060,43,White,Male,No,7,S09,Heavy_Noise,1
P060,43,White,Male,No,8,S15,Heavy_Noise,1
P060,43,White,Male,No,9,S15,Quiet,1
P060,43,White,Male,No,10,S22,Heavy_Noise,0
P060,43,White,Male,No,11,S11,Heavy_Noise,1
P060,43,White,Male,No,12,S01,Heavy_Noise,1
P060,43,White,Male,No,13,S17,Quiet,1
P060,43,White,Male,No,14,S28,Moderate_Noise,1
P060,43,White,Male,No,15,S30,Heavy_Noise,1
P060,43,White,Male,No,16,S23,Heavy_Noise,0
P060,43,White,Male,No,17,S13,Quiet,1
P060,43,White,Male,No,18,S15,Moderate_Noise,1
P060,43,White,Male,No,19,S09,Moderate_Noise,1
P060,43,White,Male,No,20,S22,Moderate_Noise,0
P060,43,White,Male,No,21,S27,Quiet,1
P060,43,White,Male,No,22,S03,Moderate_Noise,1
P060,43,White,Male,No,23,S34,Quiet,0
P060,43,White,Male,No,24,S07,Moderate_Noise,1
P060,43,White,Male,No,25,S30,Quiet,1
P060,43,White,Male,No,26,S11,Quiet,1
P060,43,White,Male,No,27,S21,Moderate_Noise,1
P060,43,White,Male,No,28,S29,Heavy_Noise,1
P060,43,White,Male,No,29,S03,Heavy_Noise,1
P060,43,White,Male,No,30,S10,Moderate_Noise,0
P060,43,White,Male,No,31,S27,Moderate_Noise,1
P060,43,White,Male,No,32,S12,Quiet,1
P060,43,White,Male,No,33,S32,Moderate_Noise,1
P060,43,White,Male,No,34,S25,Heavy_Noise,0
P060,43,White,Male,No,35,S07,Quiet,0
P060,43,White,Male,No,36,S18,Heavy_Noise,0
P060,43,White,Male,No,37,S20,Moderate_Noise,1
P060,43,White,Male,No,38,S05,Moderate_Noise,0
P060,43,White,Male,No,39,S06,Quiet,1
P060,43,White,Male,No,40,S14,Moderate_Noise,1
P060,43,White,Male,No,41,S32,Quiet,1
P060,43,White,Male,No,42,S06,Heavy_Noise,0
P060,43,White,Male,No,43,S17,Moderate_Noise,1
P060,43,White,Male,No,44,S36,Quiet,1
P060,43,White,Male,No,45,S21,Heavy_Noise,0
P060,43,White,Male,No,46,S09,Quiet,1
P060,43,White,Male,No,47,S35,Heavy_Noise,1
P060,43,White,Male,No,48,S08,Quiet,1
P060,43,White,Male,No,49,S29,Quiet,1
P060,43,White,Male,No,50,S14,Heavy_Noise,1
P060,43,White,Male,No,51,S22,Quiet,1
P060,43,White,Male,No,52,S21,Quiet,1
P060,43,White,Male,No,53,S10,Quiet,0
P060,43,White,Male,No,54,S06,Moderate_Noise,1
P060,43,White,Male,No,55,S19,Moderate_Noise,1
P060,43,White,Male,No,56,S31,Heavy_Noise,0
P060,43,White,Male,No,57,S08,Heavy_Noise,1
P060,43,White,Male,No,58,S20,Quiet,1
P060,43,White,Male,No,59,S19,Heavy_Noise,1
P060,43,White,Male,No,60,S25,Quiet,1
P060,43,White,Male,No,61,S36,Heavy_Noise,1
P060,43,White,Male,No,62,S32,Heavy_Noise,1
P060,43,White,Male,No,63,S14,Quiet,1
P060,43,White,Male,No,64,S01,Moderate_Noise,1
P060,43,White,Male,No,65,S33,Heavy_Noise,0
P060,43,White,Male,No,66,S04,Moderate_Noise,1
P060,43,White,Male,No,67,S08,Moderate_Noise,1
P060,43,White,Male,No,68,S27,Heavy_Noise,1
P060,43,White,Male,No,69,S18,Quiet,1
P060,43,White,Male,No,70,S25,Moderate_Noise,1
P060,43,White,Male,No,71,S11,Moderate_Noise,1
P060,43,White,Male,No,72,S26,Quiet,1
P060,43,White,Male,No,73,S23,Moderate_Noise,1
P060,43,White,Male,No,74,S24,Moderate_Noise,1
P060,43,White,Male,No,75,S05,Heavy_Noise,1
P060,43,White,Male,No,76,S05,Quiet,0
P060,43,White,Male,No,77,S28,Heavy_Noise,1
P060,43,White,Male,No,78,S31,Quiet,1
P060,43,White,Male,No,79,S33,Moderate_Noise,0
P060,43,White,Male,No,80,S34,Moderate_Noise,0
P060,43,White,Male,No,81,S26,Heavy_Noise,0
P060,43,White,Male,No,82,S07,Heavy_Noise,1
P060,43,White,Male,No,83,S24,Quiet,1
P060,43,White,Male,No,84,S35,Moderate_Noise,0
P060,43,White,Male,No,85,S02,Quiet,1
P060,43,White,Male,No,86,S24,Heavy_Noise,0
P060,43,White,Male,No,87,S04,Quiet,1
P060,43,White,Male,No,88,S20,Heavy_Noise,1
P060,43,White,Male,No,89,S35,Quiet,1
P060,43,White,Male,No,90,S31,Moderate_Noise,1
P060,43,White,Male,No,91,S18,Moderate_Noise,1
P060,43,White,Male,No,92,S02,Heavy_Noise,0
P060,43,White,Male,No,93,S36,Moderate_Noise,1
P060,43,White,Male,No,94,S16,Heavy_Noise,1
P060,43,White,Male,No,95,S12,Heavy_Noise,1
P060,43,White,Male,No,96,S13,Heavy_Noise,0
P060,43,White,Male,No,97,S02,Moderate_Noise,1
P060,43,White,Male,No,98,S13,Moderate_Noise,0
P060,43,White,Male,No,99,S29,Moderate_Noise,1
P060,43,White,Male,No,100,S28,Quiet,1
P060,43,White,Male,No,101,S10,Heavy_Noise,0
P060,43,White,Male,No,102,S01,Quiet,1
P060,43,White,Male,No,103,S17,Heavy_Noise,0
P060,43,White,Male,No,104,S34,Heavy_Noise,0
P060,43,White,Male,No,105,S16,Quiet,1
P060,43,White,Male,No,106,S04,Heavy_Noise,1
P060,43,White,Male,No,107,S03,Quiet,1
P060,43,White,Male,No,108,S33,Quiet,1
